REPLACE into `conversation_line_template` (`Id`, `StartTime`, `UiCameraID`, `ActorIdx`, `Flags`, `VerifiedBuild`, `Unk`) values('15344','0','192','0','0','27404','0');
REPLACE into `creature_template_scaling` (`Entry`, `DifficultyID`, `LevelScalingMin`, `LevelScalingMax`, `LevelScalingDeltaMin`, `LevelScalingDeltaMax`, `ContentTuningID`, `VerifiedBuild`) values('138052','0','110','120','0','0','0','27404');
REPLACE into `creature_template_scaling` (`Entry`, `DifficultyID`, `LevelScalingMin`, `LevelScalingMax`, `LevelScalingDeltaMin`, `LevelScalingDeltaMax`, `ContentTuningID`, `VerifiedBuild`) values('137713','0','110','120','0','0','0','27404');
REPLACE into `creature_template_scaling` (`Entry`, `DifficultyID`, `LevelScalingMin`, `LevelScalingMax`, `LevelScalingDeltaMin`, `LevelScalingDeltaMax`, `ContentTuningID`, `VerifiedBuild`) values('137716','0','110','120','0','0','0','27404');
REPLACE into `creature_template_scaling` (`Entry`, `DifficultyID`, `LevelScalingMin`, `LevelScalingMax`, `LevelScalingDeltaMin`, `LevelScalingDeltaMax`, `ContentTuningID`, `VerifiedBuild`) values('136470','0','110','120','0','0','0','27404');
REPLACE into `creature_template_scaling` (`Entry`, `DifficultyID`, `LevelScalingMin`, `LevelScalingMax`, `LevelScalingDeltaMin`, `LevelScalingDeltaMax`, `ContentTuningID`, `VerifiedBuild`) values('138061','0','110','120','0','0','0','27404');
REPLACE into `creature_template_scaling` (`Entry`, `DifficultyID`, `LevelScalingMin`, `LevelScalingMax`, `LevelScalingDeltaMin`, `LevelScalingDeltaMax`, `ContentTuningID`, `VerifiedBuild`) values('130436','0','110','120','0','0','0','27404');
REPLACE into `creature_template_scaling` (`Entry`, `DifficultyID`, `LevelScalingMin`, `LevelScalingMax`, `LevelScalingDeltaMin`, `LevelScalingDeltaMax`, `ContentTuningID`, `VerifiedBuild`) values('130485','0','110','120','1','1','0','27404');
REPLACE into `creature_template_scaling` (`Entry`, `DifficultyID`, `LevelScalingMin`, `LevelScalingMax`, `LevelScalingDeltaMin`, `LevelScalingDeltaMax`, `ContentTuningID`, `VerifiedBuild`) values('138063','0','110','120','0','0','0','27404');
REPLACE into `creature_template_scaling` (`Entry`, `DifficultyID`, `LevelScalingMin`, `LevelScalingMax`, `LevelScalingDeltaMin`, `LevelScalingDeltaMax`, `ContentTuningID`, `VerifiedBuild`) values('130488','0','110','120','0','0','0','27404');
REPLACE into `creature_template_scaling` (`Entry`, `DifficultyID`, `LevelScalingMin`, `LevelScalingMax`, `LevelScalingDeltaMin`, `LevelScalingDeltaMax`, `ContentTuningID`, `VerifiedBuild`) values('138064','0','110','120','0','0','0','27404');
REPLACE into `creature_template_scaling` (`Entry`, `DifficultyID`, `LevelScalingMin`, `LevelScalingMax`, `LevelScalingDeltaMin`, `LevelScalingDeltaMax`, `ContentTuningID`, `VerifiedBuild`) values('136006','0','110','120','0','0','0','27404');
REPLACE into `creature_template_scaling` (`Entry`, `DifficultyID`, `LevelScalingMin`, `LevelScalingMax`, `LevelScalingDeltaMin`, `LevelScalingDeltaMax`, `ContentTuningID`, `VerifiedBuild`) values('136005','0','110','120','0','0','0','27404');
REPLACE into `creature_template_scaling` (`Entry`, `DifficultyID`, `LevelScalingMin`, `LevelScalingMax`, `LevelScalingDeltaMin`, `LevelScalingDeltaMax`, `ContentTuningID`, `VerifiedBuild`) values('134232','0','110','120','0','0','0','27404');
REPLACE into `creature_template_scaling` (`Entry`, `DifficultyID`, `LevelScalingMin`, `LevelScalingMax`, `LevelScalingDeltaMin`, `LevelScalingDeltaMax`, `ContentTuningID`, `VerifiedBuild`) values('138068','0','110','120','0','0','0','27404');
REPLACE into `creature_template_scaling` (`Entry`, `DifficultyID`, `LevelScalingMin`, `LevelScalingMax`, `LevelScalingDeltaMin`, `LevelScalingDeltaMax`, `ContentTuningID`, `VerifiedBuild`) values('138066','0','110','120','0','0','0','27404');
REPLACE into `creature_template_scaling` (`Entry`, `DifficultyID`, `LevelScalingMin`, `LevelScalingMax`, `LevelScalingDeltaMin`, `LevelScalingDeltaMax`, `ContentTuningID`, `VerifiedBuild`) values('130435','0','110','120','0','0','0','27404');
REPLACE into `creature_template_scaling` (`Entry`, `DifficultyID`, `LevelScalingMin`, `LevelScalingMax`, `LevelScalingDeltaMin`, `LevelScalingDeltaMax`, `ContentTuningID`, `VerifiedBuild`) values('144243','0','110','120','0','0','0','27404');
REPLACE into `creature_template_scaling` (`Entry`, `DifficultyID`, `LevelScalingMin`, `LevelScalingMax`, `LevelScalingDeltaMin`, `LevelScalingDeltaMax`, `ContentTuningID`, `VerifiedBuild`) values('136139','0','110','120','1','1','0','27404');
REPLACE into `creature_template_scaling` (`Entry`, `DifficultyID`, `LevelScalingMin`, `LevelScalingMax`, `LevelScalingDeltaMin`, `LevelScalingDeltaMax`, `ContentTuningID`, `VerifiedBuild`) values('140319','0','110','120','0','0','0','27404');
REPLACE into `creature_template_scaling` (`Entry`, `DifficultyID`, `LevelScalingMin`, `LevelScalingMax`, `LevelScalingDeltaMin`, `LevelScalingDeltaMax`, `ContentTuningID`, `VerifiedBuild`) values('129214','0','110','120','2','2','0','27404');
REPLACE into `creature_template_scaling` (`Entry`, `DifficultyID`, `LevelScalingMin`, `LevelScalingMax`, `LevelScalingDeltaMin`, `LevelScalingDeltaMax`, `ContentTuningID`, `VerifiedBuild`) values('135975','0','110','120','0','0','0','27404');
REPLACE into `creature_template_scaling` (`Entry`, `DifficultyID`, `LevelScalingMin`, `LevelScalingMax`, `LevelScalingDeltaMin`, `LevelScalingDeltaMax`, `ContentTuningID`, `VerifiedBuild`) values('138369','0','110','120','0','0','0','27404');
REPLACE into `creature_template_scaling` (`Entry`, `DifficultyID`, `LevelScalingMin`, `LevelScalingMax`, `LevelScalingDeltaMin`, `LevelScalingDeltaMax`, `ContentTuningID`, `VerifiedBuild`) values('144232','0','110','120','0','0','0','27404');
REPLACE into `creature_template_scaling` (`Entry`, `DifficultyID`, `LevelScalingMin`, `LevelScalingMax`, `LevelScalingDeltaMin`, `LevelScalingDeltaMax`, `ContentTuningID`, `VerifiedBuild`) values('133436','0','110','120','0','0','0','27404');
REPLACE into `creature_template_scaling` (`Entry`, `DifficultyID`, `LevelScalingMin`, `LevelScalingMax`, `LevelScalingDeltaMin`, `LevelScalingDeltaMax`, `ContentTuningID`, `VerifiedBuild`) values('144231','0','110','120','0','0','0','27404');
REPLACE into `creature_template_scaling` (`Entry`, `DifficultyID`, `LevelScalingMin`, `LevelScalingMax`, `LevelScalingDeltaMin`, `LevelScalingDeltaMax`, `ContentTuningID`, `VerifiedBuild`) values('142625','0','110','120','0','0','0','27404');
REPLACE into `creature_template_scaling` (`Entry`, `DifficultyID`, `LevelScalingMin`, `LevelScalingMax`, `LevelScalingDeltaMin`, `LevelScalingDeltaMax`, `ContentTuningID`, `VerifiedBuild`) values('138082','0','110','120','0','0','0','27404');
REPLACE into `creature_template_scaling` (`Entry`, `DifficultyID`, `LevelScalingMin`, `LevelScalingMax`, `LevelScalingDeltaMin`, `LevelScalingDeltaMax`, `ContentTuningID`, `VerifiedBuild`) values('130437','0','110','120','0','0','0','27404');
REPLACE into `creature_template_scaling` (`Entry`, `DifficultyID`, `LevelScalingMin`, `LevelScalingMax`, `LevelScalingDeltaMin`, `LevelScalingDeltaMax`, `ContentTuningID`, `VerifiedBuild`) values('130653','0','110','120','0','0','0','27404');
REPLACE into `creature_template_scaling` (`Entry`, `DifficultyID`, `LevelScalingMin`, `LevelScalingMax`, `LevelScalingDeltaMin`, `LevelScalingDeltaMax`, `ContentTuningID`, `VerifiedBuild`) values('130661','0','110','120','0','0','0','27404');
REPLACE into `creature_template_scaling` (`Entry`, `DifficultyID`, `LevelScalingMin`, `LevelScalingMax`, `LevelScalingDeltaMin`, `LevelScalingDeltaMax`, `ContentTuningID`, `VerifiedBuild`) values('136643','0','110','120','1','1','0','27404');
REPLACE into `creature_template_scaling` (`Entry`, `DifficultyID`, `LevelScalingMin`, `LevelScalingMax`, `LevelScalingDeltaMin`, `LevelScalingDeltaMax`, `ContentTuningID`, `VerifiedBuild`) values('136688','0','110','120','0','0','0','27404');
REPLACE into `creature_template_scaling` (`Entry`, `DifficultyID`, `LevelScalingMin`, `LevelScalingMax`, `LevelScalingDeltaMin`, `LevelScalingDeltaMax`, `ContentTuningID`, `VerifiedBuild`) values('137991','0','110','120','0','0','0','27404');
REPLACE into `creature_template_scaling` (`Entry`, `DifficultyID`, `LevelScalingMin`, `LevelScalingMax`, `LevelScalingDeltaMin`, `LevelScalingDeltaMax`, `ContentTuningID`, `VerifiedBuild`) values('138057','0','110','120','0','0','0','27404');
REPLACE into `creature_template_scaling` (`Entry`, `DifficultyID`, `LevelScalingMin`, `LevelScalingMax`, `LevelScalingDeltaMin`, `LevelScalingDeltaMax`, `ContentTuningID`, `VerifiedBuild`) values('137940','0','110','120','0','0','0','27404');
REPLACE into `creature_template_scaling` (`Entry`, `DifficultyID`, `LevelScalingMin`, `LevelScalingMax`, `LevelScalingDeltaMin`, `LevelScalingDeltaMax`, `ContentTuningID`, `VerifiedBuild`) values('136934','0','110','120','0','0','0','27404');
REPLACE into `creature_template_scaling` (`Entry`, `DifficultyID`, `LevelScalingMin`, `LevelScalingMax`, `LevelScalingDeltaMin`, `LevelScalingDeltaMax`, `ContentTuningID`, `VerifiedBuild`) values('134005','0','110','120','0','0','0','27404');
REPLACE into `creature_template_scaling` (`Entry`, `DifficultyID`, `LevelScalingMin`, `LevelScalingMax`, `LevelScalingDeltaMin`, `LevelScalingDeltaMax`, `ContentTuningID`, `VerifiedBuild`) values('133963','0','110','120','0','0','0','27404');
REPLACE into `creature_template_scaling` (`Entry`, `DifficultyID`, `LevelScalingMin`, `LevelScalingMax`, `LevelScalingDeltaMin`, `LevelScalingDeltaMax`, `ContentTuningID`, `VerifiedBuild`) values('133432','0','110','120','0','0','0','27404');
REPLACE into `creature_template_scaling` (`Entry`, `DifficultyID`, `LevelScalingMin`, `LevelScalingMax`, `LevelScalingDeltaMin`, `LevelScalingDeltaMax`, `ContentTuningID`, `VerifiedBuild`) values('130635','0','110','120','0','0','0','27404');
REPLACE into `creature_template_scaling` (`Entry`, `DifficultyID`, `LevelScalingMin`, `LevelScalingMax`, `LevelScalingDeltaMin`, `LevelScalingDeltaMax`, `ContentTuningID`, `VerifiedBuild`) values('133345','0','110','120','0','0','0','27404');
REPLACE into `creature_template_scaling` (`Entry`, `DifficultyID`, `LevelScalingMin`, `LevelScalingMax`, `LevelScalingDeltaMin`, `LevelScalingDeltaMax`, `ContentTuningID`, `VerifiedBuild`) values('133430','0','110','120','1','1','0','27404');
REPLACE into `creature_template_scaling` (`Entry`, `DifficultyID`, `LevelScalingMin`, `LevelScalingMax`, `LevelScalingDeltaMin`, `LevelScalingDeltaMax`, `ContentTuningID`, `VerifiedBuild`) values('137996','0','110','120','0','0','0','27404');
REPLACE into `creature_template_scaling` (`Entry`, `DifficultyID`, `LevelScalingMin`, `LevelScalingMax`, `LevelScalingDeltaMin`, `LevelScalingDeltaMax`, `ContentTuningID`, `VerifiedBuild`) values('141160','0','110','120','0','0','0','27404');
REPLACE into `creature_template_scaling` (`Entry`, `DifficultyID`, `LevelScalingMin`, `LevelScalingMax`, `LevelScalingDeltaMin`, `LevelScalingDeltaMax`, `ContentTuningID`, `VerifiedBuild`) values('134012','0','110','120','1','1','0','27404');
REPLACE into `creature_template_scaling` (`Entry`, `DifficultyID`, `LevelScalingMin`, `LevelScalingMax`, `LevelScalingDeltaMin`, `LevelScalingDeltaMax`, `ContentTuningID`, `VerifiedBuild`) values('129802','0','110','120','0','0','0','27404');
REPLACE into `creature_template_scaling` (`Entry`, `DifficultyID`, `LevelScalingMin`, `LevelScalingMax`, `LevelScalingDeltaMin`, `LevelScalingDeltaMax`, `ContentTuningID`, `VerifiedBuild`) values('129804','0','110','120','0','0','0','27404');
REPLACE into `creature_template_scaling` (`Entry`, `DifficultyID`, `LevelScalingMin`, `LevelScalingMax`, `LevelScalingDeltaMin`, `LevelScalingDeltaMax`, `ContentTuningID`, `VerifiedBuild`) values('129227','0','110','120','2','2','0','27404');
REPLACE into `creature_template_scaling` (`Entry`, `DifficultyID`, `LevelScalingMin`, `LevelScalingMax`, `LevelScalingDeltaMin`, `LevelScalingDeltaMax`, `ContentTuningID`, `VerifiedBuild`) values('138367','0','110','120','0','0','0','27404');
REPLACE into `creature_template_scaling` (`Entry`, `DifficultyID`, `LevelScalingMin`, `LevelScalingMax`, `LevelScalingDeltaMin`, `LevelScalingDeltaMax`, `ContentTuningID`, `VerifiedBuild`) values('129883','0','110','120','0','0','0','27404');
REPLACE into `creature_template_scaling` (`Entry`, `DifficultyID`, `LevelScalingMin`, `LevelScalingMax`, `LevelScalingDeltaMin`, `LevelScalingDeltaMax`, `ContentTuningID`, `VerifiedBuild`) values('144230','0','110','120','0','0','0','27404');
REPLACE into `creature_template_scaling` (`Entry`, `DifficultyID`, `LevelScalingMin`, `LevelScalingMax`, `LevelScalingDeltaMin`, `LevelScalingDeltaMax`, `ContentTuningID`, `VerifiedBuild`) values('129231','0','110','120','2','2','0','27404');
REPLACE into `creature_template_scaling` (`Entry`, `DifficultyID`, `LevelScalingMin`, `LevelScalingMax`, `LevelScalingDeltaMin`, `LevelScalingDeltaMax`, `ContentTuningID`, `VerifiedBuild`) values('133463','0','110','120','1','1','0','27404');
REPLACE into `creature_template_scaling` (`Entry`, `DifficultyID`, `LevelScalingMin`, `LevelScalingMax`, `LevelScalingDeltaMin`, `LevelScalingDeltaMax`, `ContentTuningID`, `VerifiedBuild`) values('133593','0','110','120','0','0','0','27404');
REPLACE into `creature_template_scaling` (`Entry`, `DifficultyID`, `LevelScalingMin`, `LevelScalingMax`, `LevelScalingDeltaMin`, `LevelScalingDeltaMax`, `ContentTuningID`, `VerifiedBuild`) values('137029','0','110','120','0','0','0','27404');
REPLACE into `creature_template_scaling` (`Entry`, `DifficultyID`, `LevelScalingMin`, `LevelScalingMax`, `LevelScalingDeltaMin`, `LevelScalingDeltaMax`, `ContentTuningID`, `VerifiedBuild`) values('133753','0','110','120','1','1','0','27404');
REPLACE into `creature_template_scaling` (`Entry`, `DifficultyID`, `LevelScalingMin`, `LevelScalingMax`, `LevelScalingDeltaMin`, `LevelScalingDeltaMax`, `ContentTuningID`, `VerifiedBuild`) values('133482','0','110','120','1','1','0','27404');
REPLACE into `creature_template_scaling` (`Entry`, `DifficultyID`, `LevelScalingMin`, `LevelScalingMax`, `LevelScalingDeltaMin`, `LevelScalingDeltaMax`, `ContentTuningID`, `VerifiedBuild`) values('132271','0','110','120','0','0','0','27404');
REPLACE into `creature_template_scaling` (`Entry`, `DifficultyID`, `LevelScalingMin`, `LevelScalingMax`, `LevelScalingDeltaMin`, `LevelScalingDeltaMax`, `ContentTuningID`, `VerifiedBuild`) values('137452','0','110','120','0','0','0','27404');
REPLACE into `creature_template_scaling` (`Entry`, `DifficultyID`, `LevelScalingMin`, `LevelScalingMax`, `LevelScalingDeltaMin`, `LevelScalingDeltaMax`, `ContentTuningID`, `VerifiedBuild`) values('132258','0','110','120','0','0','0','27404');
REPLACE into `creature_template_scaling` (`Entry`, `DifficultyID`, `LevelScalingMin`, `LevelScalingMax`, `LevelScalingDeltaMin`, `LevelScalingDeltaMax`, `ContentTuningID`, `VerifiedBuild`) values('132713','0','110','120','0','0','0','27404');
REPLACE into `creature_template_scaling` (`Entry`, `DifficultyID`, `LevelScalingMin`, `LevelScalingMax`, `LevelScalingDeltaMin`, `LevelScalingDeltaMax`, `ContentTuningID`, `VerifiedBuild`) values('129232','0','110','120','2','2','0','27404');
REPLACE into `creature_template_scaling` (`Entry`, `DifficultyID`, `LevelScalingMin`, `LevelScalingMax`, `LevelScalingDeltaMin`, `LevelScalingDeltaMax`, `ContentTuningID`, `VerifiedBuild`) values('144286','0','110','120','0','0','0','27404');
REPLACE into `creature_template_scaling` (`Entry`, `DifficultyID`, `LevelScalingMin`, `LevelScalingMax`, `LevelScalingDeltaMin`, `LevelScalingDeltaMax`, `ContentTuningID`, `VerifiedBuild`) values('132338','0','110','120','0','0','0','27404');
REPLACE into `creature_template_scaling` (`Entry`, `DifficultyID`, `LevelScalingMin`, `LevelScalingMax`, `LevelScalingDeltaMin`, `LevelScalingDeltaMax`, `ContentTuningID`, `VerifiedBuild`) values('132056','0','110','120','1','1','0','27404');
REPLACE into `creature_template_scaling` (`Entry`, `DifficultyID`, `LevelScalingMin`, `LevelScalingMax`, `LevelScalingDeltaMin`, `LevelScalingDeltaMax`, `ContentTuningID`, `VerifiedBuild`) values('137513','0','110','120','0','0','0','27404');
REPLACE into `creature_text` (`CreatureID`, `GroupID`, `ID`, `Text`, `Type`, `Language`, `Probability`, `Emote`, `Duration`, `Sound`, `BroadcastTextId`, `TextRange`, `comment`) values('132338','0','0','|TINTERFACE\\ICONS\\ABILITY_RACIAL_ROCKETBARRAGE.BLP:20|t You are targeted by |cFFFF0000|Hspell:260838|h[Homing Missile]|h|r!','42','0','100','0','0','0','0','0','Homing Missile Stalker to Player');
REPLACE into `creature_text` (`CreatureID`, `GroupID`, `ID`, `Text`, `Type`, `Language`, `Probability`, `Emote`, `Duration`, `Sound`, `BroadcastTextId`, `TextRange`, `comment`) values('130488','1','0','Bunkboats! We\'ll save so much room in the ocean for more activities. I call top!','12','0','100','0','0','0','0','0','Mech Jockey to Refreshment Vendor');
REPLACE into `creature_text` (`CreatureID`, `GroupID`, `ID`, `Text`, `Type`, `Language`, `Probability`, `Emote`, `Duration`, `Sound`, `BroadcastTextId`, `TextRange`, `comment`) values('130485','0','0','It\'s bashin\' time!','12','0','100','463','0','0','0','0','Mechanized Peacekeeper to Mech Jockey');
REPLACE into `creature_text` (`CreatureID`, `GroupID`, `ID`, `Text`, `Type`, `Language`, `Probability`, `Emote`, `Duration`, `Sound`, `BroadcastTextId`, `TextRange`, `comment`) values('130488','0','0','Alright, I\'m done fightin\' fair.','12','0','100','0','0','0','0','0','Mech Jockey to Player');
REPLACE into `creature_text` (`CreatureID`, `GroupID`, `ID`, `Text`, `Type`, `Language`, `Probability`, `Emote`, `Duration`, `Sound`, `BroadcastTextId`, `TextRange`, `comment`) values('130435','0','0','Cars that drive on water instead of land!','12','0','100','6','0','0','0','0','Addled Thug to Refreshment Vendor');
REPLACE into `creature_text` (`CreatureID`, `GroupID`, `ID`, `Text`, `Type`, `Language`, `Probability`, `Emote`, `Duration`, `Sound`, `BroadcastTextId`, `TextRange`, `comment`) values('129232','7','0','Crush!','14','0','100','0','0','97417','0','0','Mogul Razdunk to Drill Smash Target Stalker');
REPLACE into `creature_text` (`CreatureID`, `GroupID`, `ID`, `Text`, `Type`, `Language`, `Probability`, `Emote`, `Duration`, `Sound`, `BroadcastTextId`, `TextRange`, `comment`) values('129232','6','0','Doh! My insurance premiums!','14','0','100','0','0','97406','0','0','Mogul Razdunk to Mogul Razdunk');
REPLACE into `creature_text` (`CreatureID`, `GroupID`, `ID`, `Text`, `Type`, `Language`, `Probability`, `Emote`, `Duration`, `Sound`, `BroadcastTextId`, `TextRange`, `comment`) values('129232','5','0','Pulverize!','14','0','100','0','0','97415','0','0','Mogul Razdunk to Drill Smash Target Stalker');
REPLACE into `creature_text` (`CreatureID`, `GroupID`, `ID`, `Text`, `Type`, `Language`, `Probability`, `Emote`, `Duration`, `Sound`, `BroadcastTextId`, `TextRange`, `comment`) values('129232','4','0','Smash!','14','0','100','0','0','97416','0','0','Mogul Razdunk to Drill Smash Target Stalker');
REPLACE into `creature_text` (`CreatureID`, `GroupID`, `ID`, `Text`, `Type`, `Language`, `Probability`, `Emote`, `Duration`, `Sound`, `BroadcastTextId`, `TextRange`, `comment`) values('129232','3','0','What am I payin\' you fools for?! Get out here and fix this!','14','0','100','0','0','97409','0','0','Mogul Razdunk to Mogul Razdunk');
REPLACE into `creature_text` (`CreatureID`, `GroupID`, `ID`, `Text`, `Type`, `Language`, `Probability`, `Emote`, `Duration`, `Sound`, `BroadcastTextId`, `TextRange`, `comment`) values('129232','2','0','Taste some high-caliber carnage!','14','0','100','0','0','97405','0','0','Mogul Razdunk');
REPLACE into `creature_text` (`CreatureID`, `GroupID`, `ID`, `Text`, `Type`, `Language`, `Probability`, `Emote`, `Duration`, `Sound`, `BroadcastTextId`, `TextRange`, `comment`) values('129232','1','0','Right where you belong--under my heel!','14','0','100','0','0','97413','0','0','Mogul Razdunk');
REPLACE into `creature_text` (`CreatureID`, `GroupID`, `ID`, `Text`, `Type`, `Language`, `Probability`, `Emote`, `Duration`, `Sound`, `BroadcastTextId`, `TextRange`, `comment`) values('129232','0','0','Do you bums realize how much property damage you\'ve done!?','14','0','100','0','0','97410','0','0','Mogul Razdunk to Player');
REPLACE into `creature_text` (`CreatureID`, `GroupID`, `ID`, `Text`, `Type`, `Language`, `Probability`, `Emote`, `Duration`, `Sound`, `BroadcastTextId`, `TextRange`, `comment`) values('129231','3','0','I shoulda... gotten... hazard pay...','14','0','100','0','0','97442','0','0','Rixxa Fluxflame to Player');
REPLACE into `creature_text` (`CreatureID`, `GroupID`, `ID`, `Text`, `Type`, `Language`, `Probability`, `Emote`, `Duration`, `Sound`, `BroadcastTextId`, `TextRange`, `comment`) values('129231','2','0','Safety first!','14','0','100','0','0','99433','0','0','Rixxa Fluxflame');
REPLACE into `creature_text` (`CreatureID`, `GroupID`, `ID`, `Text`, `Type`, `Language`, `Probability`, `Emote`, `Duration`, `Sound`, `BroadcastTextId`, `TextRange`, `comment`) values('129231','1','0','Lookin\' for Azerite? Have a face full!','14','0','100','0','0','97440','0','0','Rixxa Fluxflame');
REPLACE into `creature_text` (`CreatureID`, `GroupID`, `ID`, `Text`, `Type`, `Language`, `Probability`, `Emote`, `Duration`, `Sound`, `BroadcastTextId`, `TextRange`, `comment`) values('129231','0','0','If you want a job done right... use bigger explosives!','14','0','100','0','0','97441','0','0','Rixxa Fluxflame');
REPLACE into `creature_text` (`CreatureID`, `GroupID`, `ID`, `Text`, `Type`, `Language`, `Probability`, `Emote`, `Duration`, `Sound`, `BroadcastTextId`, `TextRange`, `comment`) values('129227','6','0','The wounds... must be mended...','12','0','100','0','0','97429','0','0','Azerokk to Player');
REPLACE into `creature_text` (`CreatureID`, `GroupID`, `ID`, `Text`, `Type`, `Language`, `Probability`, `Emote`, `Duration`, `Sound`, `BroadcastTextId`, `TextRange`, `comment`) values('129227','5','0','Arise!','14','0','100','0','0','97427','0','0','Azerokk');
REPLACE into `creature_text` (`CreatureID`, `GroupID`, `ID`, `Text`, `Type`, `Language`, `Probability`, `Emote`, `Duration`, `Sound`, `BroadcastTextId`, `TextRange`, `comment`) values('129227','4','0','The blood of Azeroth flows through you!','14','0','100','0','0','97424','0','0','Azerokk to Earthrager');
REPLACE into `creature_text` (`CreatureID`, `GroupID`, `ID`, `Text`, `Type`, `Language`, `Probability`, `Emote`, `Duration`, `Sound`, `BroadcastTextId`, `TextRange`, `comment`) values('129227','3','0','Unleash your power!','14','0','100','0','0','97423','0','0','Azerokk to Earthrager');
REPLACE into `creature_text` (`CreatureID`, `GroupID`, `ID`, `Text`, `Type`, `Language`, `Probability`, `Emote`, `Duration`, `Sound`, `BroadcastTextId`, `TextRange`, `comment`) values('129227','2','0','Shatter!','14','0','100','0','0','97425','0','0','Azerokk');
REPLACE into `creature_text` (`CreatureID`, `GroupID`, `ID`, `Text`, `Type`, `Language`, `Probability`, `Emote`, `Duration`, `Sound`, `BroadcastTextId`, `TextRange`, `comment`) values('129227','1','0','|TINTERFACE\\ICONS\\SPELL_SHAMAN_EARTHQUAKE.BLP:20|t Azerokk prepares to cast |cFFFF0000|Hspell:258622|h[Resonant Pulse]|h|r!','41','0','100','0','0','0','0','0','Azerokk');
REPLACE into `creature_text` (`CreatureID`, `GroupID`, `ID`, `Text`, `Type`, `Language`, `Probability`, `Emote`, `Duration`, `Sound`, `BroadcastTextId`, `TextRange`, `comment`) values('129227','0','0','You trespass in my domain!','14','0','100','0','0','97428','0','0','Azerokk');
REPLACE into `creature_text` (`CreatureID`, `GroupID`, `ID`, `Text`, `Type`, `Language`, `Probability`, `Emote`, `Duration`, `Sound`, `BroadcastTextId`, `TextRange`, `comment`) values('132713','0','0','Shoulda... sprung... for the... ejector seat package...','14','0','100','0','0','97411','0','0','Mogul Razdunk to Player');
REPLACE into `creature_text` (`CreatureID`, `GroupID`, `ID`, `Text`, `Type`, `Language`, `Probability`, `Emote`, `Duration`, `Sound`, `BroadcastTextId`, `TextRange`, `comment`) values('133345','0','0','I am outta here!','12','0','100','432','0','0','0','0','Feckless Assistant');
REPLACE into `creature_text` (`CreatureID`, `GroupID`, `ID`, `Text`, `Type`, `Language`, `Probability`, `Emote`, `Duration`, `Sound`, `BroadcastTextId`, `TextRange`, `comment`) values('134012','0','0','Crush these interlopers or your hazard pay is mine, whelps!','14','0','100','0','0','0','0','0','Taskmaster Askari to Player');
REPLACE into `creature_text` (`CreatureID`, `GroupID`, `ID`, `Text`, `Type`, `Language`, `Probability`, `Emote`, `Duration`, `Sound`, `BroadcastTextId`, `TextRange`, `comment`) values('136135','0','0','Keep that deadbeat outta my game, chums!','12','0','100','0','0','0','0','0','Dice Dealer to Player');
REPLACE into `creature_text` (`CreatureID`, `GroupID`, `ID`, `Text`, `Type`, `Language`, `Probability`, `Emote`, `Duration`, `Sound`, `BroadcastTextId`, `TextRange`, `comment`) values('136470','0','0','Bards!','12','0','100','0','0','0','0','0','Refreshment Vendor to Refreshment Vendor');
REPLACE into `creature_text` (`CreatureID`, `GroupID`, `ID`, `Text`, `Type`, `Language`, `Probability`, `Emote`, `Duration`, `Sound`, `BroadcastTextId`, `TextRange`, `comment`) values('136470','1','0','Some kind of arcane crystal that makes you better in every way! A bit unstable, maybe, but that\'s ok!','12','0','100','0','0','0','0','0','Refreshment Vendor to Refreshment Vendor');
REPLACE into `creature_text` (`CreatureID`, `GroupID`, `ID`, `Text`, `Type`, `Language`, `Probability`, `Emote`, `Duration`, `Sound`, `BroadcastTextId`, `TextRange`, `comment`) values('136470','2','0','You dumb lout! Those were expensive!','12','0','100','14','0','0','0','0','Refreshment Vendor to Player');
REPLACE into `creature_text` (`CreatureID`, `GroupID`, `ID`, `Text`, `Type`, `Language`, `Probability`, `Emote`, `Duration`, `Sound`, `BroadcastTextId`, `TextRange`, `comment`) values('136688','0','0','Sweet sweet Azerite!','12','0','100','0','0','0','0','0','Fanatical Driller to Azerite Extractor');
REPLACE into `creature_text_locale` (`CreatureID`, `GroupID`, `ID`, `Locale`, `Text`) values('3296','2','0','enUS','I am glad the earthen ring is still around, $n. Fight on!');
REPLACE into `creature_text_locale` (`CreatureID`, `GroupID`, `ID`, `Locale`, `Text`) values('3296','1','0','enUS','So it is true - $n wields the Doomhammer!');
REPLACE into `creature_text_locale` (`CreatureID`, `GroupID`, `ID`, `Locale`, `Text`) values('3296','0','0','enUS','$n wields the Doomhammer now - I can think of none better.');
REPLACE into `creature_text_locale` (`CreatureID`, `GroupID`, `ID`, `Locale`, `Text`) values('132338','0','0','enUS','|TINTERFACE\\ICONS\\ABILITY_RACIAL_ROCKETBARRAGE.BLP:20|t You are targeted by |cFFFF0000|Hspell:260838|h[Homing Missile]|h|r!');
REPLACE into `creature_text_locale` (`CreatureID`, `GroupID`, `ID`, `Locale`, `Text`) values('132338','1','0','enUS','|TINTERFACE\\ICONS\\ABILITY_RACIAL_ROCKETBARRAGE.BLP:20|t You are targeted by |cFFFF0000|Hspell:260838|h[Homing Missile]|h|r!');
REPLACE into `creature_text_locale` (`CreatureID`, `GroupID`, `ID`, `Locale`, `Text`) values('132713','0','0','enUS','Shoulda... sprung... for the... ejector seat package...');
REPLACE into `creature_text_locale` (`CreatureID`, `GroupID`, `ID`, `Locale`, `Text`) values('133345','0','0','enUS','I am outta here!');
REPLACE into `creature_text_locale` (`CreatureID`, `GroupID`, `ID`, `Locale`, `Text`) values('133345','1','0','enUS','I am outta here!');
REPLACE into `creature_text_locale` (`CreatureID`, `GroupID`, `ID`, `Locale`, `Text`) values('134012','0','0','enUS','Crush these interlopers or your hazard pay is mine, whelps!');
REPLACE into `creature_text_locale` (`CreatureID`, `GroupID`, `ID`, `Locale`, `Text`) values('136135','0','0','enUS','Keep that deadbeat outta my game, chums!');
REPLACE into `creature_text_locale` (`CreatureID`, `GroupID`, `ID`, `Locale`, `Text`) values('136688','0','0','enUS','Sweet sweet Azerite!');
REPLACE into `gameobject_template` (`entry`, `type`, `displayId`, `name`, `IconName`, `castBarCaption`, `unk1`, `size`, `Data0`, `Data1`, `Data2`, `Data3`, `Data4`, `Data5`, `Data6`, `Data7`, `Data8`, `Data9`, `Data10`, `Data11`, `Data12`, `Data13`, `Data14`, `Data15`, `Data16`, `Data17`, `Data18`, `Data19`, `Data20`, `Data21`, `Data22`, `Data23`, `Data24`, `Data25`, `Data26`, `Data27`, `Data28`, `Data29`, `Data30`, `Data31`, `Data32`, `Data33`, `RequiredLevel`, `AIName`, `ScriptName`, `VerifiedBuild`) values('290136','10','49','Rivermud','questinteract','Planting Seeds','','1','1691','0','0','3000','0','1','0','0','0','0','268962','0','0','0','154693','0','0','0','0','0','0','0','0','1','0','0','0','0','0','0','0','0','0','0','0','','','27404');
REPLACE into `quest_poi` (`QuestID`, `BlobIndex`, `Idx1`, `ObjectiveIndex`, `QuestObjectiveID`, `QuestObjectID`, `MapID`, `UiMapID`, `Priority`, `Flags`, `WorldEffectID`, `PlayerConditionID`, `SpawnTrackingID`, `AlwaysAllowMergingBlobs`, `VerifiedBuild`) values('53437','0','0','-1','0','0','1642','862','0','2','0','0','0','0','27404');
REPLACE into `quest_poi` (`QuestID`, `BlobIndex`, `Idx1`, `ObjectiveIndex`, `QuestObjectiveID`, `QuestObjectID`, `MapID`, `UiMapID`, `Priority`, `Flags`, `WorldEffectID`, `PlayerConditionID`, `SpawnTrackingID`, `AlwaysAllowMergingBlobs`, `VerifiedBuild`) values('53437','0','1','0','341372','129232','1594','1010','0','0','0','0','1405845','0','27404');
REPLACE into `quest_poi` (`QuestID`, `BlobIndex`, `Idx1`, `ObjectiveIndex`, `QuestObjectiveID`, `QuestObjectID`, `MapID`, `UiMapID`, `Priority`, `Flags`, `WorldEffectID`, `PlayerConditionID`, `SpawnTrackingID`, `AlwaysAllowMergingBlobs`, `VerifiedBuild`) values('53437','0','2','32','0','0','1642','862','0','2','0','0','0','0','27404');
REPLACE into `quest_poi_points` (`QuestID`, `Idx1`, `Idx2`, `X`, `Y`, `VerifiedBuild`) values('53437','0','0','-2131','757','27404');
REPLACE into `quest_poi_points` (`QuestID`, `Idx1`, `Idx2`, `X`, `Y`, `VerifiedBuild`) values('53437','1','0','1098','-3897','27404');
REPLACE into `quest_poi_points` (`QuestID`, `Idx1`, `Idx2`, `X`, `Y`, `VerifiedBuild`) values('53437','2','0','-2124','757','27404');
