DELETE FROM `npc_text` WHERE `ID`=35428;
INSERT INTO `npc_text` (`ID`, `Probability0`, `Probability1`, `Probability2`, `Probability3`, `Probability4`, `Probability5`, `Probability6`, `Probability7`, `BroadcastTextId0`, `BroadcastTextId1`, `BroadcastTextId2`, `BroadcastTextId3`, `BroadcastTextId4`, `BroadcastTextId5`, `BroadcastTextId6`, `BroadcastTextId7`, `VerifiedBuild`) VALUES
(35428, 1, 0, 0, 0, 0, 0, 0, 0, 158898, 0, 0, 0, 0, 0, 0, 0, 27377); -- 35428

DELETE FROM `npc_text` WHERE `ID`=35522;
INSERT INTO `npc_text` (`ID`, `Probability0`, `Probability1`, `Probability2`, `Probability3`, `Probability4`, `Probability5`, `Probability6`, `Probability7`, `BroadcastTextId0`, `BroadcastTextId1`, `BroadcastTextId2`, `BroadcastTextId3`, `BroadcastTextId4`, `BroadcastTextId5`, `BroadcastTextId6`, `BroadcastTextId7`, `VerifiedBuild`) VALUES
(35522, 1, 0, 0, 0, 0, 0, 0, 0, 159463, 0, 0, 0, 0, 0, 0, 0, 27377); -- 35522

DELETE FROM `npc_text` WHERE `ID` IN (27240 /*27240*/, 28499 /*28499*/, 29825 /*29825*/, 29838 /*29838*/, 29238 /*29238*/, 30840 /*30840*/, 26230 /*26230*/, 26410 /*26410*/, 26409 /*26409*/, 26408 /*26408*/, 26407 /*26407*/, 26406 /*26406*/, 29539 /*29539*/, 26648 /*26648*/, 26121 /*26121*/, 26649 /*26649*/, 25908 /*25908*/, 27716 /*27716*/, 25904 /*25904*/, 26111 /*26111*/, 26006 /*26006*/, 25547 /*25547*/, 25897 /*25897*/, 25538 /*25538*/, 25871 /*25871*/, 29102 /*29102*/, 29104 /*29104*/);
INSERT INTO `npc_text` (`ID`, `Probability0`, `Probability1`, `Probability2`, `Probability3`, `Probability4`, `Probability5`, `Probability6`, `Probability7`, `BroadcastTextId0`, `BroadcastTextId1`, `BroadcastTextId2`, `BroadcastTextId3`, `BroadcastTextId4`, `BroadcastTextId5`, `BroadcastTextId6`, `BroadcastTextId7`, `VerifiedBuild`) VALUES
(27240, 1, 0, 0, 0, 0, 0, 0, 0, 98782, 0, 0, 0, 0, 0, 0, 0, 27377), -- 27240
(28499, 1, 0, 0, 0, 0, 0, 0, 0, 106321, 0, 0, 0, 0, 0, 0, 0, 27377), -- 28499
(29825, 1, 0, 0, 0, 0, 0, 0, 0, 117229, 0, 0, 0, 0, 0, 0, 0, 27377), -- 29825
(29838, 1, 0, 0, 0, 0, 0, 0, 0, 118597, 0, 0, 0, 0, 0, 0, 0, 27377), -- 29838
(29238, 1, 0, 0, 0, 0, 0, 0, 0, 111763, 0, 0, 0, 0, 0, 0, 0, 27377), -- 29238
(30840, 1, 0, 0, 0, 0, 0, 0, 0, 124128, 0, 0, 0, 0, 0, 0, 0, 27377), -- 30840
(26230, 1, 0, 0, 0, 0, 0, 0, 0, 93325, 0, 0, 0, 0, 0, 0, 0, 27377), -- 26230
(26410, 1, 0, 0, 0, 0, 0, 0, 0, 94196, 0, 0, 0, 0, 0, 0, 0, 27377), -- 26410
(26409, 1, 0, 0, 0, 0, 0, 0, 0, 94194, 0, 0, 0, 0, 0, 0, 0, 27377), -- 26409
(26408, 1, 0, 0, 0, 0, 0, 0, 0, 94193, 0, 0, 0, 0, 0, 0, 0, 27377), -- 26408
(26407, 1, 0, 0, 0, 0, 0, 0, 0, 94189, 0, 0, 0, 0, 0, 0, 0, 27377), -- 26407
(26406, 1, 0, 0, 0, 0, 0, 0, 0, 94186, 0, 0, 0, 0, 0, 0, 0, 27377), -- 26406
(29539, 1, 0, 0, 0, 0, 0, 0, 0, 114773, 0, 0, 0, 0, 0, 0, 0, 27377), -- 29539
(26648, 1, 0, 0, 0, 0, 0, 0, 0, 95166, 0, 0, 0, 0, 0, 0, 0, 27377), -- 26648
(26121, 1, 0, 0, 0, 0, 0, 0, 0, 92159, 0, 0, 0, 0, 0, 0, 0, 27377), -- 26121
(26649, 1, 0, 0, 0, 0, 0, 0, 0, 95169, 0, 0, 0, 0, 0, 0, 0, 27377), -- 26649
(25908, 1, 0, 0, 0, 0, 0, 0, 0, 91846, 0, 0, 0, 0, 0, 0, 0, 27377), -- 25908
(27716, 1, 0, 0, 0, 0, 0, 0, 0, 101367, 0, 0, 0, 0, 0, 0, 0, 27377), -- 27716
(25904, 1, 0, 0, 0, 0, 0, 0, 0, 91832, 0, 0, 0, 0, 0, 0, 0, 27377), -- 25904
(26111, 1, 0, 0, 0, 0, 0, 0, 0, 88935, 0, 0, 0, 0, 0, 0, 0, 27377), -- 26111
(26006, 1, 0, 0, 0, 0, 0, 0, 0, 92418, 0, 0, 0, 0, 0, 0, 0, 27377), -- 26006
(25547, 1, 0, 0, 0, 0, 0, 0, 0, 90311, 0, 0, 0, 0, 0, 0, 0, 27377), -- 25547
(25897, 1, 0, 0, 0, 0, 0, 0, 0, 91791, 0, 0, 0, 0, 0, 0, 0, 27377), -- 25897
(25538, 1, 0, 0, 0, 0, 0, 0, 0, 90255, 0, 0, 0, 0, 0, 0, 0, 27377), -- 25538
(25871, 1, 0, 0, 0, 0, 0, 0, 0, 91622, 0, 0, 0, 0, 0, 0, 0, 27377), -- 25871
(29102, 1, 0, 0, 0, 0, 0, 0, 0, 111058, 0, 0, 0, 0, 0, 0, 0, 27377), -- 29102
(29104, 1, 0, 0, 0, 0, 0, 0, 0, 111062, 0, 0, 0, 0, 0, 0, 0, 27377); -- 29104

DELETE FROM `scenario_poi` WHERE (`CriteriaTreeID`=66706 AND `BlobIndex`=0 AND `Idx1`=0) OR (`CriteriaTreeID`=66705 AND `BlobIndex`=0 AND `Idx1`=0) OR (`CriteriaTreeID`=66704 AND `BlobIndex`=0 AND `Idx1`=0) OR (`CriteriaTreeID`=66703 AND `BlobIndex`=0 AND `Idx1`=0) OR (`CriteriaTreeID`=66702 AND `BlobIndex`=0 AND `Idx1`=0) OR (`CriteriaTreeID`=66707 AND `BlobIndex`=0 AND `Idx1`=0) OR (`CriteriaTreeID`=66700 AND `BlobIndex`=0 AND `Idx1`=0);
INSERT INTO `scenario_poi` (`CriteriaTreeID`, `BlobIndex`, `Idx1`, `MapID`, `UiMapID`, `Priority`, `Flags`, `WorldEffectID`, `PlayerConditionID`, `VerifiedBuild`) VALUES
(66706, 0, 0, 1955, 1022, 0, 2, 0, 0, 27404),
(66705, 0, 0, 1955, 1022, 0, 2, 0, 0, 27404),
(66704, 0, 0, 1955, 1022, 0, 2, 0, 0, 27404),
(66703, 0, 0, 1955, 1022, 0, 2, 0, 0, 27404),
(66702, 0, 0, 1955, 1022, 0, 2, 0, 0, 27404),
(66707, 0, 0, 1955, 1022, 0, 2, 0, 0, 27404),
(66700, 0, 0, 1955, 1022, 0, 2, 0, 0, 27404);


DELETE FROM `scenario_poi_points` WHERE (`CriteriaTreeID`=66706 AND `Idx1`=0 AND `Idx2`=11) OR (`CriteriaTreeID`=66706 AND `Idx1`=0 AND `Idx2`=10) OR (`CriteriaTreeID`=66706 AND `Idx1`=0 AND `Idx2`=9) OR (`CriteriaTreeID`=66706 AND `Idx1`=0 AND `Idx2`=8) OR (`CriteriaTreeID`=66706 AND `Idx1`=0 AND `Idx2`=7) OR (`CriteriaTreeID`=66706 AND `Idx1`=0 AND `Idx2`=6) OR (`CriteriaTreeID`=66706 AND `Idx1`=0 AND `Idx2`=5) OR (`CriteriaTreeID`=66706 AND `Idx1`=0 AND `Idx2`=4) OR (`CriteriaTreeID`=66706 AND `Idx1`=0 AND `Idx2`=3) OR (`CriteriaTreeID`=66706 AND `Idx1`=0 AND `Idx2`=2) OR (`CriteriaTreeID`=66706 AND `Idx1`=0 AND `Idx2`=1) OR (`CriteriaTreeID`=66706 AND `Idx1`=0 AND `Idx2`=0) OR (`CriteriaTreeID`=66705 AND `Idx1`=0 AND `Idx2`=11) OR (`CriteriaTreeID`=66705 AND `Idx1`=0 AND `Idx2`=10) OR (`CriteriaTreeID`=66705 AND `Idx1`=0 AND `Idx2`=9) OR (`CriteriaTreeID`=66705 AND `Idx1`=0 AND `Idx2`=8) OR (`CriteriaTreeID`=66705 AND `Idx1`=0 AND `Idx2`=7) OR (`CriteriaTreeID`=66705 AND `Idx1`=0 AND `Idx2`=6) OR (`CriteriaTreeID`=66705 AND `Idx1`=0 AND `Idx2`=5) OR (`CriteriaTreeID`=66705 AND `Idx1`=0 AND `Idx2`=4) OR (`CriteriaTreeID`=66705 AND `Idx1`=0 AND `Idx2`=3) OR (`CriteriaTreeID`=66705 AND `Idx1`=0 AND `Idx2`=2) OR (`CriteriaTreeID`=66705 AND `Idx1`=0 AND `Idx2`=1) OR (`CriteriaTreeID`=66705 AND `Idx1`=0 AND `Idx2`=0) OR (`CriteriaTreeID`=66704 AND `Idx1`=0 AND `Idx2`=11) OR (`CriteriaTreeID`=66704 AND `Idx1`=0 AND `Idx2`=10) OR (`CriteriaTreeID`=66704 AND `Idx1`=0 AND `Idx2`=9) OR (`CriteriaTreeID`=66704 AND `Idx1`=0 AND `Idx2`=8) OR (`CriteriaTreeID`=66704 AND `Idx1`=0 AND `Idx2`=7) OR (`CriteriaTreeID`=66704 AND `Idx1`=0 AND `Idx2`=6) OR (`CriteriaTreeID`=66704 AND `Idx1`=0 AND `Idx2`=5) OR (`CriteriaTreeID`=66704 AND `Idx1`=0 AND `Idx2`=4) OR (`CriteriaTreeID`=66704 AND `Idx1`=0 AND `Idx2`=3) OR (`CriteriaTreeID`=66704 AND `Idx1`=0 AND `Idx2`=2) OR (`CriteriaTreeID`=66704 AND `Idx1`=0 AND `Idx2`=1) OR (`CriteriaTreeID`=66704 AND `Idx1`=0 AND `Idx2`=0) OR (`CriteriaTreeID`=66703 AND `Idx1`=0 AND `Idx2`=11) OR (`CriteriaTreeID`=66703 AND `Idx1`=0 AND `Idx2`=10) OR (`CriteriaTreeID`=66703 AND `Idx1`=0 AND `Idx2`=9) OR (`CriteriaTreeID`=66703 AND `Idx1`=0 AND `Idx2`=8) OR (`CriteriaTreeID`=66703 AND `Idx1`=0 AND `Idx2`=7) OR (`CriteriaTreeID`=66703 AND `Idx1`=0 AND `Idx2`=6) OR (`CriteriaTreeID`=66703 AND `Idx1`=0 AND `Idx2`=5) OR (`CriteriaTreeID`=66703 AND `Idx1`=0 AND `Idx2`=4) OR (`CriteriaTreeID`=66703 AND `Idx1`=0 AND `Idx2`=3) OR (`CriteriaTreeID`=66703 AND `Idx1`=0 AND `Idx2`=2) OR (`CriteriaTreeID`=66703 AND `Idx1`=0 AND `Idx2`=1) OR (`CriteriaTreeID`=66703 AND `Idx1`=0 AND `Idx2`=0) OR (`CriteriaTreeID`=66702 AND `Idx1`=0 AND `Idx2`=11) OR (`CriteriaTreeID`=66702 AND `Idx1`=0 AND `Idx2`=10) OR (`CriteriaTreeID`=66702 AND `Idx1`=0 AND `Idx2`=9) OR (`CriteriaTreeID`=66702 AND `Idx1`=0 AND `Idx2`=8) OR (`CriteriaTreeID`=66702 AND `Idx1`=0 AND `Idx2`=7) OR (`CriteriaTreeID`=66702 AND `Idx1`=0 AND `Idx2`=6) OR (`CriteriaTreeID`=66702 AND `Idx1`=0 AND `Idx2`=5) OR (`CriteriaTreeID`=66702 AND `Idx1`=0 AND `Idx2`=4) OR (`CriteriaTreeID`=66702 AND `Idx1`=0 AND `Idx2`=3) OR (`CriteriaTreeID`=66702 AND `Idx1`=0 AND `Idx2`=2) OR (`CriteriaTreeID`=66702 AND `Idx1`=0 AND `Idx2`=1) OR (`CriteriaTreeID`=66702 AND `Idx1`=0 AND `Idx2`=0) OR (`CriteriaTreeID`=66707 AND `Idx1`=0 AND `Idx2`=11) OR (`CriteriaTreeID`=66707 AND `Idx1`=0 AND `Idx2`=10) OR (`CriteriaTreeID`=66707 AND `Idx1`=0 AND `Idx2`=9) OR (`CriteriaTreeID`=66707 AND `Idx1`=0 AND `Idx2`=8) OR (`CriteriaTreeID`=66707 AND `Idx1`=0 AND `Idx2`=7) OR (`CriteriaTreeID`=66707 AND `Idx1`=0 AND `Idx2`=6) OR (`CriteriaTreeID`=66707 AND `Idx1`=0 AND `Idx2`=5) OR (`CriteriaTreeID`=66707 AND `Idx1`=0 AND `Idx2`=4) OR (`CriteriaTreeID`=66707 AND `Idx1`=0 AND `Idx2`=3) OR (`CriteriaTreeID`=66707 AND `Idx1`=0 AND `Idx2`=2) OR (`CriteriaTreeID`=66707 AND `Idx1`=0 AND `Idx2`=1) OR (`CriteriaTreeID`=66707 AND `Idx1`=0 AND `Idx2`=0) OR (`CriteriaTreeID`=66700 AND `Idx1`=0 AND `Idx2`=11) OR (`CriteriaTreeID`=66700 AND `Idx1`=0 AND `Idx2`=10) OR (`CriteriaTreeID`=66700 AND `Idx1`=0 AND `Idx2`=9) OR (`CriteriaTreeID`=66700 AND `Idx1`=0 AND `Idx2`=8) OR (`CriteriaTreeID`=66700 AND `Idx1`=0 AND `Idx2`=7) OR (`CriteriaTreeID`=66700 AND `Idx1`=0 AND `Idx2`=6) OR (`CriteriaTreeID`=66700 AND `Idx1`=0 AND `Idx2`=5) OR (`CriteriaTreeID`=66700 AND `Idx1`=0 AND `Idx2`=4) OR (`CriteriaTreeID`=66700 AND `Idx1`=0 AND `Idx2`=3) OR (`CriteriaTreeID`=66700 AND `Idx1`=0 AND `Idx2`=2) OR (`CriteriaTreeID`=66700 AND `Idx1`=0 AND `Idx2`=1) OR (`CriteriaTreeID`=66700 AND `Idx1`=0 AND `Idx2`=0);
INSERT INTO `scenario_poi_points` (`CriteriaTreeID`, `Idx1`, `Idx2`, `X`, `Y`, `VerifiedBuild`) VALUES
(66706, 0, 11, -2060, 2166, 27404),
(66706, 0, 10, -2064, 2171, 27404),
(66706, 0, 9, -2068, 2178, 27404),
(66706, 0, 8, -2068, 2186, 27404),
(66706, 0, 7, -2068, 2196, 27404),
(66706, 0, 6, -2068, 2204, 27404),
(66706, 0, 5, -2066, 2211, 27404),
(66706, 0, 4, -2057, 2212, 27404),
(66706, 0, 3, -2051, 2195, 27404),
(66706, 0, 2, -2049, 2186, 27404),
(66706, 0, 1, -2049, 2174, 27404),
(66706, 0, 0, -2050, 2163, 27404),
(66705, 0, 11, -1982, 2551, 27404),
(66705, 0, 10, -2014, 2584, 27404),
(66705, 0, 9, -2015, 2625, 27404),
(66705, 0, 8, -1976, 2651, 27404),
(66705, 0, 7, -1932, 2660, 27404),
(66705, 0, 6, -1914, 2663, 27404),
(66705, 0, 5, -1879, 2663, 27404),
(66705, 0, 4, -1838, 2640, 27404),
(66705, 0, 3, -1833, 2588, 27404),
(66705, 0, 2, -1854, 2557, 27404),
(66705, 0, 1, -1887, 2534, 27404),
(66705, 0, 0, -1933, 2519, 27404),
(66704, 0, 11, -1974, 2548, 27404),
(66704, 0, 10, -1996, 2570, 27404),
(66704, 0, 9, -2010, 2604, 27404),
(66704, 0, 8, -1994, 2643, 27404),
(66704, 0, 7, -1971, 2652, 27404),
(66704, 0, 6, -1924, 2657, 27404),
(66704, 0, 5, -1885, 2658, 27404),
(66704, 0, 4, -1831, 2636, 27404),
(66704, 0, 3, -1837, 2587, 27404),
(66704, 0, 2, -1858, 2557, 27404),
(66704, 0, 1, -1885, 2538, 27404),
(66704, 0, 0, -1925, 2518, 27404),
(66703, 0, 11, -1808, 2273, 27404),
(66703, 0, 10, -1802, 2289, 27404),
(66703, 0, 9, -1795, 2298, 27404),
(66703, 0, 8, -1784, 2312, 27404),
(66703, 0, 7, -1773, 2321, 27404),
(66703, 0, 6, -1756, 2327, 27404),
(66703, 0, 5, -1746, 2322, 27404),
(66703, 0, 4, -1746, 2302, 27404),
(66703, 0, 3, -1755, 2282, 27404),
(66703, 0, 2, -1775, 2259, 27404),
(66703, 0, 1, -1784, 2251, 27404),
(66703, 0, 0, -1802, 2248, 27404),
(66702, 0, 11, -1807, 2254, 27404),
(66702, 0, 10, -1813, 2267, 27404),
(66702, 0, 9, -1808, 2283, 27404),
(66702, 0, 8, -1799, 2292, 27404),
(66702, 0, 7, -1769, 2319, 27404),
(66702, 0, 6, -1746, 2322, 27404),
(66702, 0, 5, -1747, 2302, 27404),
(66702, 0, 4, -1752, 2289, 27404),
(66702, 0, 3, -1758, 2277, 27404),
(66702, 0, 2, -1766, 2264, 27404),
(66702, 0, 1, -1776, 2255, 27404),
(66702, 0, 0, -1792, 2252, 27404),
(66707, 0, 11, -2016, 2152, 27404),
(66707, 0, 10, -2012, 2168, 27404),
(66707, 0, 9, -1994, 2185, 27404),
(66707, 0, 8, -1983, 2192, 27404),
(66707, 0, 7, -1965, 2200, 27404),
(66707, 0, 6, -1939, 2197, 27404),
(66707, 0, 5, -1921, 2186, 27404),
(66707, 0, 4, -1912, 2180, 27404),
(66707, 0, 3, -1917, 2158, 27404),
(66707, 0, 2, -1932, 2153, 27404),
(66707, 0, 1, -1964, 2148, 27404),
(66707, 0, 0, -2003, 2144, 27404),
(66700, 0, 11, -2012, 2148, 27404),
(66700, 0, 10, -2009, 2168, 27404),
(66700, 0, 9, -2000, 2177, 27404),
(66700, 0, 8, -1979, 2192, 27404),
(66700, 0, 7, -1959, 2203, 27404),
(66700, 0, 6, -1941, 2201, 27404),
(66700, 0, 5, -1921, 2186, 27404),
(66700, 0, 4, -1911, 2162, 27404),
(66700, 0, 3, -1932, 2151, 27404),
(66700, 0, 2, -1947, 2148, 27404),
(66700, 0, 1, -1964, 2145, 27404),
(66700, 0, 0, -1989, 2142, 27404);

DELETE FROM `npc_text` WHERE `ID` IN (32626 /*32626*/, 34086 /*34086*/, 20227 /*20227*/, 32119 /*32119*/, 32130 /*32130*/, 34106 /*34106*/);
INSERT INTO `npc_text` (`ID`, `Probability0`, `Probability1`, `Probability2`, `Probability3`, `Probability4`, `Probability5`, `Probability6`, `Probability7`, `BroadcastTextId0`, `BroadcastTextId1`, `BroadcastTextId2`, `BroadcastTextId3`, `BroadcastTextId4`, `BroadcastTextId5`, `BroadcastTextId6`, `BroadcastTextId7`, `VerifiedBuild`) VALUES
(32626, 1, 0, 0, 0, 0, 0, 0, 0, 135927, 0, 0, 0, 0, 0, 0, 0, 27404), -- 32626
(34086, 1, 0, 0, 0, 0, 0, 0, 0, 147704, 0, 0, 0, 0, 0, 0, 0, 27404), -- 34086
(20227, 1, 0, 0, 0, 0, 0, 0, 0, 63643, 0, 0, 0, 0, 0, 0, 0, 27404), -- 20227
(32119, 1, 0, 0, 0, 0, 0, 0, 0, 132130, 0, 0, 0, 0, 0, 0, 0, 27404), -- 32119
(32130, 1, 0, 0, 0, 0, 0, 0, 0, 132237, 0, 0, 0, 0, 0, 0, 0, 27404), -- 32130
(34106, 1, 0, 0, 0, 0, 0, 0, 0, 147789, 0, 0, 0, 0, 0, 0, 0, 27404); -- 34106

-- Vile Splash SAI
SET @ENTRY := 36131;
UPDATE `creature_template` SET `AIName`="SmartAI" WHERE `entry`= @ENTRY;
DELETE FROM `smart_scripts` WHERE `entryorguid`=@ENTRY AND `source_type`=0;
INSERT INTO `smart_scripts` (`entryorguid`,`source_type`,`id`,`link`,`event_type`,`event_phase_mask`,`event_chance`,`event_flags`,`event_param1`,`event_param2`,`event_param3`,`event_param4`,`action_type`,`action_param1`,`action_param2`,`action_param3`,`action_param4`,`action_param5`,`action_param6`,`target_type`,`target_param1`,`target_param2`,`target_param3`,`target_x`,`target_y`,`target_z`,`target_o`,`comment`) VALUES
(@ENTRY,0,0,0,0,0,100,0,2000,3000,9000,12000,11,32011,0,0,0,0,0,2,0,0,0,0,0,0,0,"Cast Water Bolt"),
(@ENTRY,0,0,1,4,0,100,0,0,0,0,0,11,68419,0,0,0,0,0,18,5,0,0,0,0,0,0,"On range - Absorb Water Elemental Channel"),
(@ENTRY,0,1,0,61,0,100,0,0,0,0,0,11,68412,0,0,0,0,0,7,0,0,0,0,0,0,0,"link - Absorb Water Elemental Credit");


--  SAI
SET @ENTRY := 122661;
UPDATE creature_template SET AIName="SmartAI" WHERE entry= @ENTRY;
DELETE FROM smart_scripts WHERE entryorguid=@ENTRY AND source_type=0;
INSERT INTO smart_scripts (entryorguid,source_type,id,link,event_type,event_phase_mask,event_chance,event_flags,event_param1,event_param2,event_param3,event_param4,action_type,action_param1,action_param2,action_param3,action_param4,action_param5,action_param6,target_type,target_param1,target_param2,target_param3,target_x,target_y,target_z,target_o,comment) VALUES
(@ENTRY,0,0,0,10,0,100,0,1,5,0,0,33,132661,0,0,0,0,0,7,0,0,0,0,0,0,0,"Smart_list_BFA");

DELETE FROM `creature_template` WHERE `entry`=82298;
INSERT INTO `creature_template` (`entry`, `difficulty_entry_1`, `difficulty_entry_2`, `difficulty_entry_3`, `KillCredit1`, `KillCredit2`, `name`, `femaleName`, `subname`, `TitleAlt`, `IconName`, `gossip_menu_id`, `minlevel`, `maxlevel`, `HealthScalingExpansion`, `RequiredExpansion`, `VignetteID`, `faction`, `npcflag`, `speed_walk`, `speed_run`, `scale`, `rank`, `dmgschool`, `BaseAttackTime`, `RangeAttackTime`, `BaseVariance`, `RangeVariance`, `unit_class`, `unit_flags`, `unit_flags2`, `unit_flags3`, `dynamicflags`, `family`, `trainer_type`, `trainer_class`, `trainer_race`, `type`, `type_flags`, `type_flags2`, `lootid`, `pickpocketloot`, `skinloot`, `resistance1`, `resistance2`, `resistance3`, `resistance4`, `resistance5`, `resistance6`, `spell1`, `spell2`, `spell3`, `spell4`, `spell5`, `spell6`, `spell7`, `spell8`, `VehicleId`, `mingold`, `maxgold`, `AIName`, `MovementType`, `InhabitType`, `HoverHeight`, `HealthModifier`, `HealthModifierExtra`, `ManaModifier`, `ManaModifierExtra`, `ArmorModifier`, `DamageModifier`, `ExperienceModifier`, `RacialLeader`, `movementId`, `RegenHealth`, `mechanic_immune_mask`, `flags_extra`, `ScriptName`, `VerifiedBuild`) VALUES (82298, 0, 0, 0, 0, 0, 'Iron Demolisher', '', '', NULL, 'questinteract', 0, 90, 90, 5, 4, 0, 189, 0, 1, 1.14286, 1, 0, 0, 2000, 2000, 1, 1, 1, 131076, 0, 0, 0, 0, 0, 0, 0, 7, 0, 0, 0, 0, 0, 0, 0, 0, 0, 0, 0, 0, 0, 0, 0, 0, 0, 0, 0, 0, 0, 0, '', 0, 3, 1, 1, 1, 1, 1, 1, 1, 1, 0, 0, 1, 0, 0, '', 28153);


UPDATE `creature_template` SET `gossip_menu_id`='19854', `npcflag`='3' WHERE  `entry`=105689;

-- Orik Trueheart SAI
SET @ENTRY := 105689;
UPDATE `creature_template` SET `AIName`="SmartAI" WHERE `entry`= @ENTRY;
DELETE FROM `smart_scripts` WHERE `entryorguid`=@ENTRY AND `source_type`=0;
INSERT INTO `smart_scripts` (`entryorguid`,`source_type`,`id`,`link`,`event_type`,`event_phase_mask`,`event_chance`,`event_flags`,`event_param1`,`event_param2`,`event_param3`,`event_param4`,`action_type`,`action_param1`,`action_param2`,`action_param3`,`action_param4`,`action_param5`,`action_param6`,`target_type`,`target_param1`,`target_param2`,`target_param3`,`target_x`,`target_y`,`target_z`,`target_o`,`comment`) VALUES
(@ENTRY,0,0,1,62,0,100,0,19854,0,0,0,1,0,8000,0,0,0,0,7,0,0,0,0,0,0,0,"Gossip Select - Say Text"),
(@ENTRY,0,1,0,61,0,100,0,0,0,0,0,81,0,0,0,0,0,0,1,0,0,0,0,0,0,0,"Link - Set NPC Flag"),
(@ENTRY,0,2,0,52,0,100,0,0,105689,0,0,1,1,6000,0,0,0,0,7,0,0,0,0,0,0,0,"Text Over - Say Text"),
(@ENTRY,0,3,0,52,0,100,0,1,105689,0,0,45,1,1,0,0,0,0,19,105691,20,0,0,0,0,0,"Text Over - Send Data"),
(@ENTRY,0,4,5,38,0,100,0,2,2,0,0,1,2,6000,0,0,0,0,1,0,0,0,0,0,0,0,"Update Data - Say Text"),
(@ENTRY,0,5,6,61,0,100,0,0,0,0,0,33,108649,0,0,0,0,0,18,20,0,0,0,0,0,0,"Link - Kill Credit"),
(@ENTRY,0,6,0,61,0,100,0,0,0,0,0,81,3,0,0,0,0,0,1,0,0,0,0,0,0,0,"Link - Set NPC Flag");

REPLACE INTO `gossip_menu` (`MenuId`, `TextId`, `VerifiedBuild`) VALUES
(19854, 29486, 29704);

REPLACE INTO `gossip_menu_option` (`MenuId`, `OptionIndex`, `OptionIcon`, `OptionText`, `OptionBroadcastTextId`, `OptionType`, `OptionNpcFlag`, `VerifiedBuild`) VALUES 
(19854, 0, 0, 'Tell me about your plan.', 108896, 1, 1, 29704);

--  SAI
SET @ENTRY := 135438;
UPDATE creature_template SET AIName="SmartAI" ="" WHERE entry= @ENTRY;
DELETE FROM smart_scripts WHERE entryorguid=@ENTRY AND source_type=0;
INSERT INTO smart_scripts (entryorguid,source_type,id,link,event_type,event_phase_mask,event_chance,event_flags,event_param1,event_param2,event_param3,event_param4,action_type,action_param1,action_param2,action_param3,action_param4,action_param5,action_param6,target_type,target_param1,target_param2,target_param3,target_x,target_y,target_z,target_o,comment) VALUES
(@ENTRY,0,0,0,10,0,100,0,1,1,0,0,33,135438,0,0,0,0,0,7,0,0,0,0,0,0,0,"Npc_AI_BFA");
--  SAI
SET @ENTRY := 135440;
UPDATE creature_template SET AIName="SmartAI" ="" WHERE entry= @ENTRY;
DELETE FROM smart_scripts WHERE entryorguid=@ENTRY AND source_type=0;
INSERT INTO smart_scripts (entryorguid,source_type,id,link,event_type,event_phase_mask,event_chance,event_flags,event_param1,event_param2,event_param3,event_param4,action_type,action_param1,action_param2,action_param3,action_param4,action_param5,action_param6,target_type,target_param1,target_param2,target_param3,target_x,target_y,target_z,target_o,comment) VALUES
(@ENTRY,0,0,0,64,0,100,0,0,0,0,0,33,135440,0,0,0,0,0,7,0,0,0,0,0,0,0,"Npc_AI_BFA");


--  SAI
SET @ENTRY := 135438;
UPDATE creature_template SET AIName="SmartAI" WHERE entry= @ENTRY;
DELETE FROM smart_scripts WHERE entryorguid=@ENTRY AND source_type=0;
INSERT INTO smart_scripts (entryorguid,source_type,id,link,event_type,event_phase_mask,event_chance,event_flags,event_param1,event_param2,event_param3,event_param4,action_type,action_param1,action_param2,action_param3,action_param4,action_param5,action_param6,target_type,target_param1,target_param2,target_param3,target_x,target_y,target_z,target_o,comment) VALUES
(@ENTRY,0,0,0,10,0,100,0,1,1,0,0,33,135438,0,0,0,0,0,7,0,0,0,0,0,0,0,"Npc_AI_BFA");
--  SAI
SET @ENTRY := 135440;
UPDATE creature_template SET AIName="SmartAI" ="" WHERE entry= @ENTRY;
DELETE FROM smart_scripts WHERE entryorguid=@ENTRY AND source_type=0;
INSERT INTO smart_scripts (entryorguid,source_type,id,link,event_type,event_phase_mask,event_chance,event_flags,event_param1,event_param2,event_param3,event_param4,action_type,action_param1,action_param2,action_param3,action_param4,action_param5,action_param6,target_type,target_param1,target_param2,target_param3,target_x,target_y,target_z,target_o,comment) VALUES
(@ENTRY,0,0,0,64,0,100,0,0,0,0,0,33,135440,0,0,0,0,0,7,0,0,0,0,0,0,0,"Npc_AI_BFA");

