DELETE FROM `creature` WHERE `map` = '1750';
INSERT INTO `creature` (`guid`, `id`, `map`, `zoneId`, `areaId`, `PhaseId`, `PhaseGroup`, `terrainSwapMap`, `modelid`, `equipment_id`, `position_x`, `position_y`, `position_z`, `orientation`, `spawntimesecs`, `spawndist`, `currentwaypoint`, `curhealth`, `curmana`, `MovementType`, `npcflag`, `unit_flags`, `unit_flags2`, `unit_flags3`, `dynamicflags`, `ScriptName`, `VerifiedBuild`) VALUES
('401000','122130','1750','8840','8840','8654','0','-1','0','0','-4143.14','-11494.3','-130.867','4.11741','300','0','0','0','0','0','0','0','0','0','0','','26365'),
('401001','126172','1750','8840','8840','8654','0','-1','0','0','-4130.62','-11510.8','10.642','2.27203','300','0','0','0','0','0','0','0','0','0','0','','26365'),
('401002','122131','1750','8840','8840','8654','0','-1','0','0','-4108.51','-11514.9','-135.623','4.62496','300','0','0','0','0','0','0','0','0','0','0','','26365'),
('401003','122131','1750','8840','8840','8654','0','-1','0','0','-4113.48','-11430','-141.831','0.481898','300','0','0','0','0','0','0','0','0','0','0','','26365'),
('401004','122133','1750','8840','8840','8654','0','-1','0','0','-4108.91','-11523.9','-135.662','0','300','0','0','0','0','0','0','0','0','0','0','','26365'),
('401005','122131','1750','8840','8840','8654','0','-1','0','0','-4108.67','-11532.4','-135.691','1.52017','300','0','0','0','0','0','0','0','0','0','0','','26365'),
('401006','122133','1750','8840','8840','8654','0','-1','0','0','-4145.46','-11532.7','14.3301','0','300','0','0','0','0','0','0','0','0','0','0','','26365'),
('401007','122131','1750','8840','8840','8654','0','-1','0','0','-4079.18','-11510.6','-135.344','2.45304','300','0','0','0','0','0','0','0','0','0','0','','26365'),
('401008','122196','1750','8840','8840','8654','0','-1','0','0','-4081.38','-11447.8','-141.798','4.54726','300','0','0','0','0','0','0','0','0','0','0','','26365'),
('401009','122130','1750','8840','8840','8654','0','-1','0','0','-4107.53','-11430.6','-141.763','0.404995','300','0','0','0','0','0','0','0','0','0','0','','26365'),
('401010','122130','1750','8840','8840','8654','0','-1','0','0','-4104.77','-11436.3','-141.753','0.404995','300','0','0','0','0','0','0','0','0','0','0','','26365'),
('401011','122130','1750','8840','8840','8654','0','-1','0','0','-4110.5','-11424.2','-141.774','0.404995','300','0','0','0','0','0','0','0','0','0','0','','26365'),
('401012','122130','1750','8840','8840','8654','0','-1','0','0','-4081.03','-11513.1','-135.3','2.45254','300','10','0','0','0','1','0','0','0','0','0','','26365'),
('401013','122197','1750','8840','8840','8654','0','-1','0','0','-4075.34','-11447','-142.055','4.72122','300','0','0','0','0','0','0','0','0','0','0','','26365'),
('401014','122199','1750','8840','8840','8654','0','-1','0','0','-4068.39','-11444.9','-141.358','4.79561','300','0','0','0','0','0','0','0','0','0','0','','26365'),
('401015','122130','1750','8840','8840','8654','0','-1','0','0','-4112.62','-11408.7','-141.738','5.78702','300','0','0','0','0','0','0','0','0','0','0','','26365'),
('401016','122131','1750','8840','8840','8654','0','-1','0','0','-4110.73','-11435.8','-141.821','0.481898','300','0','0','0','0','0','0','0','0','0','0','','26365'),
('401017','125843','1750','8840','8840','8654','0','-1','0','0','-4171.25','-11552','13.8153','5.55545','300','0','0','0','0','0','0','0','0','0','0','','26365'),
('401018','126172','1750','8840','8840','8654','0','-1','0','0','-4126.62','-11501.9','10.7228','2.7976','300','0','0','0','0','0','0','0','0','0','0','','26365'),
('401019','125523','1750','8840','8840','8654','0','-1','0','0','-4148','-11503.5','-130.973','0.775244','300','0','0','0','0','0','0','0','0','0','0','','26365'),
('401020','125523','1750','8840','8840','8654','0','-1','0','0','-4144.61','-11505.4','-130.963','0.806306','300','0','0','0','0','0','0','0','0','0','0','','26365'),
('401021','125523','1750','8840','8840','8654','0','-1','0','0','-4150.32','-11498.2','-130.944','0.867744','300','0','0','0','0','0','0','0','0','0','0','','26365'),
('401022','125523','1750','8840','8840','8654','0','-1','0','0','-4187.93','-11541.8','11.8652','0.87914','300','10','0','0','0','1','0','0','0','0','0','','26365'),
('401023','125523','1750','8840','8840','8654','0','-1','0','0','-4147.68','-11500.4','-130.941','0.932068','300','0','0','0','0','0','0','0','0','0','0','','26365'),
('401024','125523','1750','8840','8840','8654','0','-1','0','0','-4185.62','-11543.7','11.6006','0.875579','300','10','0','0','0','1','0','0','0','0','0','','26365'),
('401025','125523','1750','8840','8840','8654','0','-1','0','0','-4145.07','-11502.2','-130.937','0.814294','300','0','0','0','0','0','0','0','0','0','0','','26365'),
('401026','125523','1750','8840','8840','8654','0','-1','0','0','-4189.79','-11544','12.5823','0.896625','300','10','0','0','0','1','0','0','0','0','0','','26365'),
('401027','125523','1750','8840','8840','8654','0','-1','0','0','-4187.48','-11546','12.3828','0.894934','300','10','0','0','0','1','0','0','0','0','0','','26365'),
('401028','122133','1750','8840','8840','8654','0','-1','0','0','-4233.1','-11565.9','13.5023','0','300','0','0','0','0','0','0','0','0','0','0','','26365'),
('401029','125843','1750','8840','8840','8654','0','-1','0','0','-4222.26','-11561.3','11.4623','2.41163','300','0','0','0','0','0','0','0','0','0','0','','26365'),
('401030','125843','1750','8840','8840','8654','0','-1','0','0','-4164.49','-11546.6','13.6549','4.94402','300','0','0','0','0','0','0','0','0','0','0','','26365'),
('401031','122131','1750','8840','8840','8654','0','-1','0','0','-4130.14','-11440.6','-130.462','3.99561','300','0','0','0','0','0','0','0','0','0','0','','26365'),
('401032','125843','1750','8840','8840','8654','0','-1','0','0','-4171.74','-11557.4','14.2581','5.68119','300','0','0','0','0','0','0','0','0','0','0','','26365'),
('401033','122130','1750','8840','8840','8654','0','-1','0','0','-4125.18','-11468.5','-130.504','4.73593','300','0','0','0','0','0','0','0','0','0','0','','26365'),
('401034','122130','1750','8840','8840','8654','0','-1','0','0','-4110.99','-11405.9','-141.708','5.78755','300','0','0','0','0','0','0','0','0','0','0','','26365'),
('401035','122131','1750','8840','8840','8654','0','-1','0','0','-4064.63','-11541.2','-138.501','2.18559','300','0','0','0','0','0','0','0','0','0','0','','26365'),
('401036','122130','1750','8842','0','8654','0','-1','0','0','-4028.63','-11505.7','-141.114','2.03509','300','0','0','0','0','0','0','0','0','0','0','','26365'),
('401037','125523','1750','8842','0','8654','0','-1','0','0','-4001.18','-11505.8','-137.268','0.404666','300','0','0','0','0','0','0','0','0','0','0','','26365'),
('401038','125523','1750','8842','0','8654','0','-1','0','0','-3999.1','-11509.1','-137.257','0.406044','300','0','0','0','0','0','0','0','0','0','0','','26365'),
('401039','125523','1750','8842','0','8654','0','-1','0','0','-4000.71','-11500.1','-137.236','0.248648','300','0','0','0','0','0','0','0','0','0','0','','26365'),
('401040','125523','1750','8842','0','8654','0','-1','0','0','-3999.41','-11503.2','-137.235','0.353416','300','0','0','0','0','0','0','0','0','0','0','','26365'),
('401041','122130','1750','8842','0','8654','0','-1','0','0','-4027.09','-11421.6','-137.241','2.74924','300','0','0','0','0','0','0','0','0','0','0','','26365'),
('401042','122131','1750','8842','0','8654','0','-1','0','0','-3996.81','-11449.5','-136.995','4.22477','300','0','0','0','0','0','0','0','0','0','0','','26365'),
('401043','122133','1750','8842','0','8654','0','-1','0','0','-4000.73','-11456.9','-137.072','0','300','0','0','0','0','0','0','0','0','0','0','','26365'),
('401044','122130','1750','8842','0','8654','0','-1','0','0','-4044.56','-11404.3','-140.92','3.6447','300','0','0','0','0','0','0','0','0','0','0','','26365'),
('401045','122130','1750','8842','0','8654','0','-1','0','0','-4026.13','-11417.5','-137.214','2.88516','300','0','0','0','0','0','0','0','0','0','0','','26365'),
('401046','122130','1750','8842','0','8654','0','-1','0','0','-4049.69','-11399.4','-140.928','3.65227','300','0','0','0','0','0','0','0','0','0','0','','26365'),
('401047','122131','1750','8842','0','8654','0','-1','0','0','-4045.18','-11400.3','-140.912','3.67595','300','0','0','0','0','0','0','0','0','0','0','','26365'),
('401048','122131','1750','8842','0','8654','0','-1','0','0','-4072.7','-11384.2','-141.173','4.49437','300','0','0','0','0','0','0','0','0','0','0','','26365'),
('401049','122131','1750','8842','0','8654','0','-1','0','0','-4076.97','-11384','-141.223','4.58777','300','0','0','0','0','0','0','0','0','0','0','','26365'),
('401050','121756','1750','8840','8840','8654','0','-1','0','0','-4289','-11370.3','10.8078','5.40038','300','0','0','0','0','0','0','0','0','0','0','','27326'),
('401051','122066','1750','8840','8840','8654','0','-1','0','0','-4291.62','-11380.6','11.4816','5.83791','300','0','0','0','0','0','0','0','0','0','0','','27326'),
('401052','125523','1750','8842','0','8654','0','-1','0','0','-4002.45','-11503','-137.27','0.335455','300','0','0','0','0','0','0','0','0','0','0','','26365'),
('401053','125523','1750','8842','0','8654','0','-1','0','0','-4003.86','-11500','-137.274','0.338884','300','0','0','0','0','0','0','0','0','0','0','','26365'),
('401054','122202','1750','8842','0','8654','0','-1','0','0','-4049.79','-11434.7','-141.099','5.25777','300','0','0','0','0','0','0','0','0','0','0','','26365'),
('401055','125523','1750','8842','0','8654','0','-1','0','0','-4035.14','-11484.3','-141.092','2.09114','300','10','0','0','0','1','0','0','0','0','0','','26365'),
('401056','122201','1750','8842','0','8654','0','-1','0','0','-4055.82','-11438.5','-141.185','5.26763','300','0','0','0','0','0','0','0','0','0','0','','26365'),
('401057','125523','1750','8842','0','8654','0','-1','0','0','-4032.53','-11482.8','-141.053','2.09102','300','10','0','0','0','1','0','0','0','0','0','','26365'),
('401058','122200','1750','8842','0','8654','0','-1','0','0','-4061.97','-11442.2','-141.272','5.24498','300','0','0','0','0','0','0','0','0','0','0','','26365'),
('401059','125523','1750','8842','0','8654','0','-1','0','0','-4038.88','-11489.9','-141.171','2.08164','300','10','0','0','0','1','0','0','0','0','0','','26365'),
('401060','54638','1750','8842','0','8654','0','-1','0','0','-4077.37','-11422','-138.679','5.98404','300','0','0','0','0','0','0','0','0','0','0','','26365'),
('401061','125523','1750','8842','0','8654','0','-1','0','0','-4033.66','-11486.9','-141.094','2.08178','300','10','0','0','0','1','0','0','0','0','0','','26365'),
('401062','54638','1750','8842','0','8654','0','-1','0','0','-4077.39','-11421.9','-141.368','5.25663','300','0','0','0','0','0','0','0','0','0','0','','26365'),
('401063','125523','1750','8842','0','8654','0','-1','0','0','-4031.05','-11485.4','-141.056','2.08172','300','10','0','0','0','1','0','0','0','0','0','','26365'),
('401064','125523','1750','8842','0','8654','0','-1','0','0','-4040.35','-11487.3','-141.168','2.09125','300','10','0','0','0','1','0','0','0','0','0','','26365'),
('401065','125523','1750','8842','0','8654','0','-1','0','0','-4036.26','-11488.4','-141.133','2.08062','300','10','0','0','0','1','0','0','0','0','0','','26365'),
('401066','125523','1750','8842','0','8654','0','-1','0','0','-4037.75','-11485.8','-141.13','2.09123','300','10','0','0','0','1','0','0','0','0','0','','26365'),
('401067','122130','1750','8842','0','8654','0','-1','0','0','-3992.42','-11500.4','-137.14','3.438','300','0','0','0','0','0','0','0','0','0','0','','26365'),
('401068','125523','1750','8842','0','8654','0','-1','0','0','-3998','-11506.1','-137.23','0.310195','300','0','0','0','0','0','0','0','0','0','0','','26365'),
('401069','122131','1750','8842','0','8654','0','-1','0','0','-4004.35','-11464.6','-137.145','1.07637','300','0','0','0','0','0','0','0','0','0','0','','26365'),
('401070','122065','1750','8840','8840','8654','0','-1','0','0','-4289.88','-11378.4','11.3399','5.5315','300','0','0','0','0','0','0','0','0','0','0','','27326'),
('401071','125523','1750','8840','8840','8654','0','-1','0','0','-4150.47','-11501.6','-130.976','0.895647','300','0','0','0','0','0','0','0','0','0','0','','26365'),
('401072','121754','1750','8840','8840','8654','0','-1','0','0','-4247.84','-11340.9','9.40863','3.17102','300','0','0','0','0','0','0','0','0','0','0','','26365'),
('401073','124373','1750','8840','8840','8654','0','-1','0','0','-4270.71','-11338.3','6.15354','0.222291','300','0','0','0','0','0','0','0','0','0','0','','26365'),
('401074','124434','1750','8840','8840','8654','0','-1','0','0','-4291.87','-11341.5','10.5222','4.77415','300','0','0','0','0','0','0','0','0','0','0','','26365'),
('401075','124367','1750','8840','8840','8654','0','-1','0','0','-4295.87','-11326.8','11.2731','4.8117','300','0','0','0','0','0','0','0','0','0','0','','26365'),
('401076','124434','1750','8840','8840','8654','0','-1','0','0','-4270.48','-11344.6','5.4849','0.179541','300','0','0','0','0','0','0','0','0','0','0','','26365'),
('401077','122130','1750','8840','8840','8654','0','-1','0','0','-4248.39','-11440.2','10.7966','1.9404','300','0','0','0','0','0','0','0','0','0','0','','26365'),
('401078','125523','1750','8840','8840','8654','0','-1','0','0','-4186.14','-11425.4','0.962182','3.18322','300','0','0','0','0','0','0','0','0','0','0','','26365'),
('401079','122130','1750','8840','8840','8654','0','-1','0','0','-4259.26','-11441.2','10.7619','1.13708','300','0','0','0','0','0','0','0','0','0','0','','26365'),
('401080','125523','1750','8840','8840','8654','0','-1','0','0','-4189.05','-11434.2','1.67535','3.06884','300','0','0','0','0','0','0','0','0','0','0','','26365'),
('401081','125523','1750','8840','8840','8654','0','-1','0','0','-4188.68','-11430.8','1.49653','3.10362','300','0','0','0','0','0','0','0','0','0','0','','26365'),
('401082','122131','1750','8840','8840','8654','0','-1','0','0','-4230.32','-11464.4','9.17682','3.89866','300','0','0','0','0','0','0','0','0','0','0','','26365'),
('401083','125523','1750','8840','8840','8654','0','-1','0','0','-4188.55','-11427.6','1.29267','3.11032','300','0','0','0','0','0','0','0','0','0','0','','26365'),
('401084','125523','1750','8840','8840','8654','0','-1','0','0','-4186.34','-11435.8','1.69792','3.05338','300','0','0','0','0','0','0','0','0','0','0','','26365'),
('401085','125523','1750','8840','8840','8654','0','-1','0','0','-4186.14','-11432.4','1.44618','3.10983','300','0','0','0','0','0','0','0','0','0','0','','26365'),
('401086','121757','1750','8840','8840','8654','0','-1','0','0','-4257.76','-11346.9','4.95392','3.34627','300','0','0','0','0','0','0','0','0','0','0','','26365'),
('401087','121758','1750','8840','8840','8654','0','-1','0','0','-4232.36','-11353','9.30689','6.02669','300','0','0','0','0','0','0','0','0','0','0','','26365'),
('401088','124370','1750','8840','8840','8654','0','-1','0','0','-4290.69','-11325.6','11.3246','4.80722','300','0','0','0','0','0','0','0','0','0','0','','26365'),
('401089','124373','1750','8840','8840','8654','0','-1','0','0','-4297.46','-11342.1','10.5222','4.77415','300','0','0','0','0','0','0','0','0','0','0','','26365'),
('401090','121758','1750','8840','8840','8654','0','-1','0','0','-4234.7','-11359.5','9.47706','5.77345','300','0','0','0','0','0','0','0','0','0','0','','26365'),
('401091','121757','1750','8840','8840','8654','0','-1','0','0','-4241.81','-11320.2','8.79551','4.85678','300','0','0','0','0','0','0','0','0','0','0','','26365'),
('401092','121775','1750','8840','8840','8654','0','-1','0','0','-4246.62','-11328.4','8.70597','3.1426','300','0','0','0','0','0','0','0','0','0','0','','26365'),
('401093','121775','1750','8840','8840','8654','0','-1','0','0','-4246.62','-11334.4','8.7261','3.29877','300','0','0','0','0','0','0','0','0','0','0','','26365'),
('401094','121757','1750','8840','8840','8654','0','-1','0','0','-4243.83','-11319.1','9.0409','1.60391','300','0','0','0','0','0','0','0','0','0','0','','26365'),
('401095','121775','1750','8840','8840','8654','0','-1','0','0','-4227.31','-11348.5','9.07103','2.31379','300','0','0','0','0','0','0','0','0','0','0','','26365'),
('401096','121757','1750','8840','8840','8654','0','-1','0','0','-4245.83','-11315.8','13.4204','0.134019','300','0','0','0','0','0','0','0','0','0','0','','26365'),
('401097','121775','1750','8840','8840','8654','0','-1','0','0','-4237.82','-11301.4','15.8359','4.82251','300','0','0','0','0','0','0','0','0','0','0','','26365'),
('401098','121755','1750','8840','8840','8654','0','-1','0','0','-4244.38','-11349.3','9.0804','3.57457','300','0','0','0','0','0','0','0','0','0','0','','26365'),
('401099','121757','1750','8840','8840','8654','0','-1','0','0','-4257.09','-11352.9','4.89632','3.28211','300','0','0','0','0','0','0','0','0','0','0','','26365'),
('401100','121775','1750','8840','8840','8654','0','-1','0','0','-4245.87','-11319.9','8.6586','4.82251','300','0','0','0','0','0','0','0','0','0','0','','26365'),
('401101','121757','1750','8840','8840','8654','0','-1','0','0','-4231.79','-11315.2','13.4002','4.82881','300','0','0','0','0','0','0','0','0','0','0','','26365'),
('401102','121756','1750','8840','8840','8654','0','-1','0','0','-4239.62','-11340.1','8.99346','3.73642','300','0','0','0','0','0','0','0','0','0','0','','26365'),
('401103','121753','1750','8840','8840','8654','0','-1','0','0','-4239.6','-11300.2','15.8636','4.79653','300','0','0','0','0','0','0','0','0','0','0','','26365'),
('401104','124370','1750','8840','8840','8654','0','-1','0','0','-4301.34','-11326.6','11.3221','4.77728','300','0','0','0','0','0','0','0','0','0','0','','26365'),
('401105','121775','1750','8840','8840','8654','0','-1','0','0','-4241.25','-11301.6','15.7742','4.82251','300','0','0','0','0','0','0','0','0','0','0','','26365'),
('401106','122130','1750','8840','8840','8654','0','-1','0','0','-4196.49','-11430.4','1.89236','6.24954','300','0','0','0','0','0','0','0','0','0','0','','26365'),
('401107','125523','1750','8840','8840','8654','0','-1','0','0','-4185.89','-11429.3','1.1684','3.07816','300','0','0','0','0','0','0','0','0','0','0','','26365'),
('401108','125523','1750','8840','8840','8654','0','-1','0','0','-4252.45','-11498.2','9.60764','1.06257','300','0','0','0','0','0','0','0','0','0','0','','26365'),
('401109','125523','1750','8840','8840','8654','0','-1','0','0','-4249.52','-11500','9.77604','1.09735','300','0','0','0','0','0','0','0','0','0','0','','26365'),
('401110','125523','1750','8840','8840','8654','0','-1','0','0','-4246.66','-11501.5','9.7066','1.10405','300','0','0','0','0','0','0','0','0','0','0','','26365'),
('401111','125523','1750','8840','8840','8654','0','-1','0','0','-4255.04','-11500','9.61739','1.04711','300','0','0','0','0','0','0','0','0','0','0','','26365'),
('401112','122130','1750','8840','8840','8654','0','-1','0','0','-4245.9','-11493.1','9.3931','4.24327','300','0','0','0','0','0','0','0','0','0','0','','26365'),
('401113','122131','1750','8840','8840','8654','0','-1','0','0','-4230.56','-11521.1','10.2998','3.5186','300','0','0','0','0','0','0','0','0','0','0','','26365'),
('401114','122130','1750','8840','8840','8654','0','-1','0','0','-4157.46','-11484','10.0964','4.53552','300','0','0','0','0','0','0','0','0','0','0','','26365'),
('401115','122131','1750','8840','8840','8654','0','-1','0','0','-4241.35','-11519.8','10.499','5.18386','300','0','0','0','0','0','0','0','0','0','0','','26365'),
('401116','122130','1750','8840','8840','8654','0','-1','0','0','-4143.44','-11433.6','-130.671','4.43903','300','0','0','0','0','0','0','0','0','0','0','','26365'),
('401117','125843','1750','8840','8840','8654','0','-1','0','0','-4147.06','-11489.7','9.70734','2.12185','300','10','0','0','0','1','0','0','0','0','0','','26365'),
('401118','125843','1750','8840','8840','8654','0','-1','0','0','-4266.91','-11533.9','14.7764','3.48091','300','0','0','0','0','0','0','0','0','0','0','','26365'),
('401119','125523','1750','8840','8840','8654','0','-1','0','0','-4153.14','-11499.6','-130.98','0.905768','300','0','0','0','0','0','0','0','0','0','0','','26365'),
('401120','122133','1750','8840','8840','8654','0','-1','0','0','-4300.97','-11512.6','13.7267','0','300','0','0','0','0','0','0','0','0','0','0','','26365'),
('401121','125523','1750','8840','8840','8654','0','-1','0','0','-4189.43','-11548.2','12.9101','1.01566','300','10','0','0','0','1','0','0','0','0','0','','26365'),
('401122','125523','1750','8840','8840','8654','0','-1','0','0','-4186.19','-11539.4','11.2883','0.923122','300','10','0','0','0','1','0','0','0','0','0','','26365'),
('401123','125523','1750','8840','8840','8654','0','-1','0','0','-4185.05','-11537.8','10.947','0.986629','300','10','0','0','0','1','0','0','0','0','0','','26365'),
('401124','125523','1750','8840','8840','8654','0','-1','0','0','-4183.78','-11541.2','11.0586','0.922606','300','10','0','0','0','1','0','0','0','0','0','','26365'),
('401125','125843','1750','8840','8840','8654','0','-1','0','0','-4206.21','-11499.1','10.1461','3.68842','300','0','0','0','0','0','0','0','0','0','0','','26365'),
('401126','125523','1750','8840','8840','8654','0','-1','0','0','-4245.76','-11504.6','9.68216','1.17695','300','0','0','0','0','0','0','0','0','0','0','','26365'),
('401127','125843','1750','8840','8840','8654','0','-1','0','0','-4219.63','-11472','9.19593','4.30946','300','0','0','0','0','0','0','0','0','0','0','','26365'),
('401128','122131','1750','8840','8840','8654','0','-1','0','0','-4263.91','-11476.4','9.53872','6.06952','300','0','0','0','0','0','0','0','0','0','0','','26365'),
('401129','125843','1750','8840','8840','8654','0','-1','0','0','-4268.03','-11484.9','8.85136','2.46398','300','0','0','0','0','0','0','0','0','0','0','','26365'),
('401130','122130','1750','8840','8840','8654','0','-1','0','0','-4240.96','-11488.4','9.41533','2.00734','300','0','0','0','0','0','0','0','0','0','0','','26365'),
('401131','122131','1750','8840','8840','8654','0','-1','0','0','-4170.61','-11457','1.06481','2.88389','300','10','0','0','0','1','0','0','0','0','0','','26365'),
('401132','122130','1750','8840','8840','8654','0','-1','0','0','-4169.85','-11454.2','0.971774','2.87824','300','10','0','0','0','1','0','0','0','0','0','','26365'),
('401133','125843','1750','8840','8840','8654','0','-1','0','0','-4276.55','-11483.4','8.97331','5.95741','300','0','0','0','0','0','0','0','0','0','0','','26365'),
('401134','125843','1750','8840','8840','8654','0','-1','0','0','-4267.15','-11490.2','9.27754','4.26932','300','0','0','0','0','0','0','0','0','0','0','','26365'),
('401135','125523','1750','8840','8840','8654','0','-1','0','0','-4252.1','-11501.6','9.83854','1.10356','300','0','0','0','0','0','0','0','0','0','0','','26365'),
('401136','125843','1750','8840','8840','8654','0','-1','0','0','-4186.11','-11485.1','10.1513','4.82128','300','0','0','0','0','0','0','0','0','0','0','','26365'),
('401137','125843','1750','8840','8840','8654','0','-1','0','0','-4230.23','-11501.3','10.1348','6.21921','300','0','0','0','0','0','0','0','0','0','0','','26365'),
('401138','125523','1750','8840','8840','8654','0','-1','0','0','-4249.38','-11503.2','9.87326','1.07189','300','0','0','0','0','0','0','0','0','0','0','','26365'),
('401139','125843','1750','8840','8840','8654','0','-1','0','0','-4185.28','-11489.1','9.82947','6.25268','300','0','0','0','0','0','0','0','0','0','0','','26365'),
('401140','122130','1750','8840','8840','8654','0','-1','0','0','-4193.77','-11500','9.94722','2.94723','300','10','0','0','0','1','0','0','0','0','0','','26365'),
('401141','121755','1750','8842','0','8655','0','-1','0','0','-4089.32','-11430','-141.547','0.603289','300','0','0','0','0','0','0','0','0','0','0','','26365'),
('401142','121754','1750','8842','0','8655','0','-1','0','0','-4089.95','-11432.2','-141.562','0.783051','300','0','0','0','0','0','0','0','0','0','0','','26365'),
('401143','121756','1750','8842','0','8655','0','-1','0','0','-4087','-11434','-141.535','0.894393','300','0','0','0','0','0','0','0','0','0','0','','26365'),
('401144','122052','1750','8842','0','8655','0','-1','0','0','-4077.39','-11421.9','-140.235','5.25663','300','0','0','0','0','0','0','0','0','0','0','','26365'),
('401145','54638','1750','8842','0','8655','0','-1','0','0','-4077.39','-11421.9','-141.285','5.25663','300','0','0','0','0','0','0','0','0','0','0','','26365'),
('401146','120885','1750','8842','0','8655','0','-1','0','0','-4084.86','-11398.2','-141.371','5.32466','300','0','0','0','0','0','0','0','0','0','0','','26365'),
('401147','122046','1750','8842','0','8655','0','-1','0','0','-4090.71','-11400.9','-140.467','5.27547','300','0','0','0','0','0','0','0','0','0','0','','26365'),
('401148','122067','1750','8840','8840','8655','0','-1','0','0','-4092.8','-11420.2','-141.549','6.20895','300','0','0','0','0','0','0','0','0','0','0','','26365'),
('401149','121423','1750','8840','8840','8655','0','-1','0','0','-4096.36','-11419.1','-138.924','6.13989','300','0','0','0','0','0','0','0','0','0','0','','26365'),
('401150','122066','1750','8840','8840','8655','0','-1','0','0','-4090.64','-11418.8','-141.518','6.05992','300','0','0','0','0','0','0','0','0','0','0','','26365'),
('401151','121263','1750','8840','8840','8655','0','-1','0','0','-4083.44','-11421.1','-141.443','6.13659','300','0','0','0','0','0','0','0','0','0','0','','26365'),
('401152','122065','1750','8840','8840','8655','0','-1','0','0','-4093.13','-11422.1','-141.561','6.28122','300','0','0','0','0','0','0','0','0','0','0','','26365'),
('401153','120978','1750','8840','8840','8655','0','-1','0','0','-4067.19','-11414.9','-141.227','4.03565','300','0','0','0','0','0','0','0','0','0','0','','26365'),
('401154','120977','1750','8842','0','8655','0','-1','0','0','-4071.44','-11423.2','-141.31','2.92989','300','0','0','0','0','0','0','0','0','0','0','','26365'),
('401155','121262','1750','8842','0','8655','0','-1','0','0','-4097.44','-11409.4','-141.562','5.71567','300','0','0','0','0','0','0','0','0','0','0','','26365'),
('401156','120979','1750','8842','0','8655','0','-1','0','0','-4096.63','-11407.6','-141.546','5.65991','300','0','0','0','0','0','0','0','0','0','0','','26365'),
('401157','125523','1750','8840','9146','8657','0','-1','0','0','-4020.61','-11963.7','131.906','3.46357','300','10','0','0','0','1','0','0','0','0','0','','26365'),
('401158','126022','1750','8840','9146','8657','0','-1','0','0','-3992.61','-11891.5','161.802','4.04959','300','0','0','0','0','0','0','0','0','0','0','','26365'),
('401159','125910','1750','8840','9146','8657','0','-1','0','0','-3968.95','-11923.2','131.121','4.21608','300','0','0','0','0','0','0','0','0','0','0','','26365'),
('401160','125909','1750','8840','9146','8657','0','-1','0','0','-3969.63','-11924.8','131.121','1.23153','300','0','0','0','0','0','0','0','0','0','0','','26365'),
('401161','126389','1750','8840','9146','8657','0','-1','0','0','-3982.48','-11962','130.9','2.90102','300','0','0','0','0','0','0','0','0','0','0','','26365'),
('401162','125523','1750','8840','9146','8657','0','-1','0','0','-3984.02','-11947.2','161.741','1.20122','300','0','0','0','0','0','0','0','0','0','0','','26365'),
('401163','120845','1750','8840','9146','8657','0','-1','0','0','-4075.89','-11904.7','154.944','2.09559','300','0','0','0','0','0','0','0','0','0','0','','26365'),
('401164','125524','1750','8840','9146','8657','0','-1','0','0','-4036.95','-11992','161.795','0.133932','300','0','0','0','0','0','0','0','0','0','0','','26365'),
('401165','123395','1750','8840','9146','8657','0','-1','0','0','-3998.63','-11985.6','161.802','1.8412','300','0','0','0','0','0','0','0','0','0','0','','26365'),
('401166','114590','1750','8840','9146','8657','0','-1','0','0','-3975.38','-11961.6','134.328','0','300','0','0','0','0','0','0','0','0','0','0','','26365'),
('401167','125909','1750','8840','9146','8657','0','-1','0','0','-3987.12','-11909','131.121','6.24988','300','0','0','0','0','0','0','0','0','0','0','','26365'),
('401168','125910','1750','8840','9146','8657','0','-1','0','0','-3985.37','-11908.9','131.121','3.2223','300','0','0','0','0','0','0','0','0','0','0','','26365'),
('401169','114590','1750','8840','9146','8657','0','-1','0','0','-3981.95','-11974.5','134.21','0','300','0','0','0','0','0','0','0','0','0','0','','26365'),
('401170','126030','1750','8840','9146','8657','0','-1','0','0','-4033.54','-12003.3','161.802','2.34508','300','0','0','0','0','0','0','0','0','0','0','','26365'),
('401171','125523','1750','8840','9146','8657','0','-1','0','0','-3980.37','-11972.8','162.275','2.44337','300','0','0','0','0','0','0','0','0','0','0','','26365'),
('401172','125524','1750','8840','9146','8657','0','-1','0','0','-4020.27','-11932.8','130.589','1.65999','300','0','0','0','0','0','0','0','0','0','0','','26365'),
('401173','125523','1750','8840','9146','8657','0','-1','0','0','-4020.67','-11939.1','146.72','2.7453','300','0','0','0','0','0','0','0','0','0','0','','26365'),
('401174','122046','1750','8840','9146','8657','0','-1','0','0','-4012.94','-11949.6','150.135','2.66444','300','0','0','0','0','0','0','0','0','0','0','','26365'),
('401175','125523','1750','8840','9146','8657','0','-1','0','0','-4026.32','-11949.2','146.72','2.56176','300','0','0','0','0','0','0','0','0','0','0','','26365'),
('401176','126390','1750','8840','9146','8657','0','-1','0','0','-4075.09','-11924.5','131.742','0.317212','300','0','0','0','0','0','0','0','0','0','0','','26365'),
('401177','125524','1750','8840','9146','8657','0','-1','0','0','-4069.62','-11966.7','131.121','1.78055','300','0','0','0','0','0','0','0','0','0','0','','26365'),
('401178','125523','1750','8840','9146','8657','0','-1','0','0','-4070.66','-11964.3','131.121','5.3385','300','0','0','0','0','0','0','0','0','0','0','','26365'),
('401179','121421','1750','8840','9146','8657','0','-1','0','0','-4083.66','-11926.1','154.944','2.50656','300','0','0','0','0','0','0','0','0','0','0','','26365'),
('401180','121417','1750','8840','9146','8657','0','-1','0','0','-4077.19','-11905.5','154.944','1.69562','300','0','0','0','0','0','0','0','0','0','0','','26365'),
('401181','121410','1750','8840','9146','8657','0','-1','0','0','-4068.49','-11911.6','154.922','1.9844','300','0','0','0','0','0','0','0','0','0','0','','26365'),
('401182','121423','1750','8840','9146','8657','0','-1','0','0','-4071.78','-11931.1','158.293','2.54884','300','0','0','0','0','0','0','0','0','0','0','','26365'),
('401183','125524','1750','8840','9146','8657','0','-1','0','0','-4050.13','-11918','131.122','1.44906','300','0','0','0','0','0','0','0','0','0','0','','26365'),
('401184','121308','1750','8840','9146','8657','0','-1','0','0','-4086.75','-11922.6','154.944','2.54048','300','0','0','0','0','0','0','0','0','0','0','','26365'),
('401185','125843','1750','8840','9146','8657','0','-1','0','0','-4050.11','-11915.8','131.122','4.38368','300','0','0','0','0','0','0','0','0','0','0','','26365'),
('401186','121261','1750','8840','9146','8657','0','-1','0','0','-4075.68','-11922.3','154.926','1.57841','300','0','0','0','0','0','0','0','0','0','0','','26365'),
('401187','120977','1750','8840','9146','8657','0','-1','0','0','-4071.65','-11917.6','154.944','2.53655','300','0','0','0','0','0','0','0','0','0','0','','26365'),
('401188','121263','1750','8840','9146','8657','0','-1','0','0','-4075.12','-11914.2','154.944','2.76043','300','0','0','0','0','0','0','0','0','0','0','','26365'),
('401189','120979','1750','8840','9146','8657','0','-1','0','0','-4070.45','-11905.8','154.944','2.1304','300','0','0','0','0','0','0','0','0','0','0','','26365'),
('401190','121264','1750','8840','9146','8657','0','-1','0','0','-4080.8','-11923.5','154.944','2.66716','300','0','0','0','0','0','0','0','0','0','0','','26365'),
('401191','125843','1750','8840','9146','8657','0','-1','0','0','-4020.72','-11930.6','130.589','4.59461','300','0','0','0','0','0','0','0','0','0','0','','26365'),
('401192','125523','1750','8840','9146','8657','0','-1','0','0','-4047.48','-12001.1','161.802','2.27071','300','0','0','0','0','0','0','0','0','0','0','','26365'),
('401193','125523','1750','8840','9146','8657','0','-1','0','0','-3975.44','-11963.8','162.277','2.73179','300','0','0','0','0','0','0','0','0','0','0','','26365'),
('401194','125523','1750','8840','9146','8657','0','-1','0','0','-4001.85','-11974','131.155','2.07739','300','0','0','0','0','0','0','0','0','0','0','','26365'),
('401195','125523','1750','8840','9146','8657','0','-1','0','0','-4050.19','-11998.8','161.802','5.03661','300','0','0','0','0','0','0','0','0','0','0','','26365'),
('401196','125524','1750','8840','9146','8657','0','-1','0','0','-4034.59','-11990.7','161.79','3.69046','300','0','0','0','0','0','0','0','0','0','0','','26365'),
('401197','120978','1750','8842','0','8657','0','-1','0','0','-4067.19','-11414.9','-141.144','4.03565','300','0','0','0','0','0','0','0','0','0','0','','26365'),
('401198','120979','1750','8842','0','8657','0','-1','0','0','-4096.63','-11407.6','-141.463','5.65991','300','0','0','0','0','0','0','0','0','0','0','','26365'),
('401199','121262','1750','8842','0','8657','0','-1','0','0','-4097.44','-11409.4','-141.479','5.71567','300','0','0','0','0','0','0','0','0','0','0','','26365'),
('401200','121263','1750','8842','0','8657','0','-1','0','0','-4083.44','-11421.1','-141.359','6.13659','300','0','0','0','0','0','0','0','0','0','0','','26365'),
('401201','121756','1750','8842','0','8657','0','-1','0','0','-4087','-11434','-141.452','0.894393','300','0','0','0','0','0','0','0','0','0','0','','26365'),
('401202','121754','1750','8842','0','8657','0','-1','0','0','-4089.95','-11432.2','-141.479','0.783051','300','0','0','0','0','0','0','0','0','0','0','','26365'),
('401203','121755','1750','8842','0','8657','0','-1','0','0','-4089.32','-11430','-141.463','0.603289','300','0','0','0','0','0','0','0','0','0','0','','26365'),
('401204','121423','1750','8842','0','8657','0','-1','0','0','-4096.36','-11419.1','-138.84','6.13989','300','0','0','0','0','0','0','0','0','0','0','','26365'),
('401205','122065','1750','8842','0','8657','0','-1','0','0','-4093.13','-11422.1','-141.477','6.28122','300','0','0','0','0','0','0','0','0','0','0','','26365'),
('401206','122066','1750','8842','0','8657','0','-1','0','0','-4090.64','-11418.8','-141.435','6.05992','300','0','0','0','0','0','0','0','0','0','0','','26365'),
('401207','122067','1750','8842','0','8657','0','-1','0','0','-4092.8','-11420.2','-141.466','6.20895','300','0','0','0','0','0','0','0','0','0','0','','26365'),
('401208','120885','1750','8842','0','8657','0','-1','0','0','-4084.86','-11398.2','-141.288','5.32466','300','0','0','0','0','0','0','0','0','0','0','','26365'),
('401209','122045','1750','8842','0','8657','0','-1','0','0','-4077.36','-11421.9','-141.292','5.25606','300','0','0','0','0','0','0','0','0','0','0','','26365'),
('401210','122046','1750','8842','0','8657','0','-1','0','0','-4090.71','-11400.9','-140.383','5.27547','300','0','0','0','0','0','0','0','0','0','0','','26365'),
('401211','125519','1750','8840','9146','8657','0','-1','0','0','-4027.06','-11920.7','146.598','4.50137','300','0','0','0','0','0','0','0','0','0','0','','26365'),
('401212','125524','1750','8840','9146','8657','0','-1','0','0','-4000.42','-11919.4','131.121','4.59981','300','0','0','0','0','0','0','0','0','0','0','','26365'),
('401213','125524','1750','8840','9146','8657','0','-1','0','0','-3985.65','-11943.4','161.841','0.525055','300','0','0','0','0','0','0','0','0','0','0','','26365'),
('401214','125524','1750','8840','9146','8657','0','-1','0','0','-4027.75','-11983.6','131.089','3.10093','300','10','0','0','0','1','0','0','0','0','0','','26365'),
('401215','125523','1750','8840','9146','8657','0','-1','0','0','-3979.72','-11911.5','161.802','2.99788','300','0','0','0','0','0','0','0','0','0','0','','26365'),
('401216','125522','1750','8840','9146','8657','0','-1','0','0','-4039.25','-11957.7','146.598','1.23284','300','0','0','0','0','0','0','0','0','0','0','','26365'),
('401217','125523','1750','8840','9146','8657','0','-1','0','0','-4027.67','-11981.8','131.038','3.04286','300','10','0','0','0','1','0','0','0','0','0','','26365'),
('401218','125523','1750','8840','9146','8657','0','-1','0','0','-4019.94','-11965.6','132.23','3.46196','300','10','0','0','0','1','0','0','0','0','0','','26365'),
('401219','120978','1750','8840','9146','8657','0','-1','0','0','-4004.37','-11963.5','161.809','2.67539','300','0','0','0','0','0','0','0','0','0','0','','26365'),
('401220','125517','1750','8840','9146','8657','0','-1','0','0','-4020.95','-11923.9','146.598','4.04356','300','0','0','0','0','0','0','0','0','0','0','','26365'),
('401221','125524','1750','8840','9146','8657','0','-1','0','0','-3983.87','-11941.5','161.802','4.14368','300','0','0','0','0','0','0','0','0','0','0','','26365'),
('401222','125518','1750','8840','9146','8657','0','-1','0','0','-4044.98','-11954.3','146.598','0.903585','300','0','0','0','0','0','0','0','0','0','0','','26365'),
('401223','125523','1750','8840','9146','8657','0','-1','0','0','-3986.42','-11945.3','131.155','3.23288','300','0','0','0','0','0','0','0','0','0','0','','26365'),
('401224','125524','1750','8840','9146','8657','0','-1','0','0','-4001.18','-11921.9','131.121','0.855348','300','0','0','0','0','0','0','0','0','0','0','','26365'),
('401225','125525','1750','8840','9146','8657','0','-1','0','0','-4017.09','-12000.8','131.121','4.7563','300','0','0','0','0','0','0','0','0','0','0','','26365'),
('401226','125520','1750','8840','9146','8657','0','-1','0','0','-4049.32','-11949.6','146.598','0.579574','300','0','0','0','0','0','0','0','0','0','0','','26365'),
('401227','125521','1750','8840','9146','8657','0','-1','0','0','-4033.95','-11919.8','146.598','4.63467','300','0','0','0','0','0','0','0','0','0','0','','26365'),
('401228','126030','1750','8840','9146','8657','0','-1','0','0','-3997.19','-11900.6','161.889','3.06152','300','0','0','0','0','0','0','0','0','0','0','','26365'),
('401229','125843','1750','8840','9146','8657','0','-1','0','0','-4040.68','-11943.4','130.037','2.20288','300','0','0','0','0','0','0','0','0','0','0','','26365'),
('401230','120977','1750','8842','0','8657','0','-1','0','0','-4071.44','-11423.2','-141.226','2.92989','300','0','0','0','0','0','0','0','0','0','0','','26365');

DELETE FROM `creature` WHERE `guid` IN (401231, 401232, 401233, 401234, 401248) AND `id` IN (121754, 121755, 121756,122065);
INSERT INTO `creature` (`guid`, `id`, `map`, `zoneId`, `areaId`, `phaseUseFlags`, `PhaseId`, `PhaseGroup`, `terrainSwapMap`, `modelid`, `equipment_id`, `position_x`, `position_y`, `position_z`, `orientation`, `spawntimesecs`, `spawndist`, `currentwaypoint`, `curhealth`, `curmana`, `MovementType`, `npcflag`, `unit_flags`, `unit_flags2`, `unit_flags3`, `dynamicflags`, `ScriptName`, `VerifiedBuild`) VALUES
('401231','121756','0','1519','4411','0','0','0','-1','0','0','-8345.12','1352.8','11.0141','3.75654','120','0','0','0','0','0','0','0','0','0','0','','26365'),
('401232','121755','0','1519','4411','0','0','0','-1','0','0','-8346.15','1349.86','10.9797','2.59257','120','0','0','0','0','0','0','0','0','0','0','','26365'),
('401233','121754','0','1519','4411','0','0','0','-1','0','0','-8348.57','1351.68','10.9957','5.64633','120','0','0','0','0','0','0','0','0','0','0','','26365'),
('401234','121756','1','14','374','0','11695','0','-1','0','0','1379.31','-5049.9','12.27186','1.22167','120','0','0','0','0','0','0','0','0','0','0','','27326'),
('401248','122065','1','14','4982','0','0','11695','-1','0','0','1382.2','-5044.78','12.02044','4.23674','120','0','0','0','0','0','0','0','0','0','0','','27326');

-- puerto alianza
DELETE FROM `creature` WHERE `guid` IN (401235,401236,401247,401237,401240,401239,401241,401242,401238,401243,401244,401245,401246) AND `id` IN (121757, 121753, 121775);
INSERT INTO `creature` (`guid`, `id`, `map`, `zoneId`, `areaId`, `spawnDifficulties`, `phaseUseFlags`, `PhaseId`, `PhaseGroup`, `terrainSwapMap`, `modelid`, `equipment_id`, `position_x`, `position_y`, `position_z`, `orientation`, `spawntimesecs`, `spawndist`, `currentwaypoint`, `curhealth`, `curmana`, `MovementType`, `npcflag`, `unit_flags`, `unit_flags2`, `unit_flags3`, `dynamicflags`, `ScriptName`, `VerifiedBuild`) VALUES
('401235','121757','0','1519','4411','0','0','0','0','-1','0','0','-8340.8','1329.62','15.4207','3.15403','120','0','0','0','0','0','0','0','0','0','0','','27101'),
('401236','121753','0','1519','4411','0','0','0','0','-1','0','0','-8348.38','1314.44','17.8835','1.53334','120','0','0','0','0','0','0','0','0','0','0','','27101'),
('401237','121775','0','1519','4411','0','0','0','0','-1','0','0','-8350.09','1315.65','17.8688','1.55933','120','0','0','0','0','0','0','0','0','0','0','','27101'),
('401238','121775','0','1519','4411','0','0','0','0','-1','0','0','-8340.27','1333.67','10.6929','1.55933','120','0','0','0','0','0','0','0','0','0','0','','27101'),
('401239','121775','0','1519','4411','0','0','0','0','-1','0','0','-8356.28','1342.61','10.7339','3.13658','120','0','0','0','0','0','0','0','0','0','0','','27101'),
('401240','121775','0','1519','4411','0','0','0','0','-1','0','0','-8356.22','1348.64','10.757','3.13658','120','0','0','0','0','0','0','0','0','0','0','','27101'),
('401241','121775','0','1519','4411','0','0','0','0','-1','0','0','-8356.47','1354.31','10.8019','3.13658','120','0','0','0','0','0','0','0','0','0','0','','27101'),
('401242','121775','0','1519','4411','0','0','0','0','-1','0','0','-8346.6','1315.64','17.7975','1.55933','120','0','0','0','0','0','0','0','0','0','0','','27101'),
('401243','121757','0','1519','4411','0','0','0','0','-1','0','0','-8338.72','1356.61','10.8271','1.52434','120','0','0','0','0','0','0','0','0','0','0','','27101'),
('401244','121757','0','1519','4411','0','0','0','0','-1','0','0','-8350.4','1362.69','11.2002','4.74664','120','0','0','0','0','0','0','0','0','0','0','','27101'),
('401245','121757','0','1519','4411','0','0','0','0','-1','0','0','-8351.94','1361.21','11.1273','4.74664','120','0','0','0','0','0','0','0','0','0','0','','27101'),
('401246','121757','0','1519','4411','0','0','0','0','-1','0','0','-8353.53','1362.88','11.1273','4.74664','120','0','0','0','0','0','0','0','0','0','0','','27101'),
('401247','121757','0','1519','4411','0','0','0','0','-1','0','0','-8354.81','1330.67','15.3596','1.56563','120','0','0','0','0','0','0','0','0','0','0','','27101');

-- puerto horda
DELETE FROM `creature` WHERE `id` IN (122067, 122066, 124273, 124373, 124370, 124434, 124367) AND `guid` IN (401249, 401250, 401251, 401252, 401253, 401254, 401255, 401256, 401257, 401258, 401259);
INSERT INTO `creature` (`guid`, `id`, `map`, `zoneId`, `areaId`, `phaseUseFlags`, `PhaseId`, `PhaseGroup`, `terrainSwapMap`, `modelid`, `equipment_id`, `position_x`, `position_y`, `position_z`, `orientation`, `spawntimesecs`, `spawndist`, `currentwaypoint`, `curhealth`, `curmana`, `MovementType`, `npcflag`, `unit_flags`, `unit_flags2`, `unit_flags3`, `dynamicflags`, `ScriptName`, `VerifiedBuild`) VALUES
('401249','124370','1','14','4982','0','11695','0','-1','0','0','1383.39','-5002.8','12.48173','4.81627','120','0','0','0','0','0','0','0','0','0','0','','27326'),
('401250','124434','1','14','374','0','11695','0','-1','0','0','1379.22','-5065.28','13.3098','1.77097','120','0','0','0','0','0','0','0','0','0','0','','27326'),
('401251','124373','1','14','4982','0','11695','0','-1','0','0','1370.86','-5030.2','11.66054','1.65526','120','0','0','0','0','0','0','0','0','0','0','','27326'),
('401252','122066','1','14','374','0','11695','0','-1','0','0','1380.41','-5044.81','12.01764','5.15007','120','0','0','0','0','0','0','0','0','0','0','','27326'),
('401253','124373','1','14','4982','0','11695','0','-1','0','0','1376.22','-5018.64','12.00997','4.74098','120','0','0','0','0','0','0','0','0','0','0','','27326'),
('401254','124373','1','14','374','0','11695','0','-1','0','0','1388.89','-5055.06','12.59846','4.68978','120','0','0','0','0','0','0','0','0','0','0','','27326'),
('401255','122067','1','14','374','0','11695','0','-1','0','0','1383.67','-5049.83','12.29231','2.03813','120','0','0','0','0','0','0','0','0','0','0','','27326'),
('401256','124373','1','14','374','0','11695','0','-1','0','0','1386.07','-5064.54','13.31452','1.77097','120','0','0','0','0','0','0','0','0','0','0','','27326'),
('401257','124367','1','14','4982','0','11695','0','-1','0','0','1377.92','-5004.17','12.50875','4.81053','120','0','0','0','0','0','0','0','0','0','0','','27326'),
('401258','124370','1','14','4982','0','11695','0','-1','0','0','1372.88','-5003.56','12.58191','4.81627','120','0','0','0','0','0','0','0','0','0','0','','27326'),
('401259','124434','1','14','4982','0','11695','0','-1','0','0','1381.79','-5018.29','11.81','4.74098','120','0','0','0','0','0','0','0','0','0','0','','27326');


DELETE FROM `gameobject` WHERE `guid` IN (101350, 101351, 101352, 101353) AND `id` IN (269834, 269835, 269836, 269837);
INSERT INTO `gameobject` (`guid`, `id`, `map`, `zoneid`, `areaId`, `phaseUseFlags`, `PhaseId`, `PhaseGroup`, `terrainSwapMap`, `position_x`, `position_y`, `position_z`, `orientation`, `rotation0`, `rotation1`, `rotation2`, `rotation3`, `spawntimesecs`, `animprogress`, `state`, `isActive`, `ScriptName`, `VerifiedBuild`) VALUES
('101350','269834','0','1519','5154','0','0','0','-1','-8347.03','1350.67','5.64984','4.67494','0','0','-0.720223','0.693742','120','255','1','0','','26365'),
('101351','269835','0','1519','8411','0','0','0','-1','-8363.25','1336.26','6.70421','1.5606','0','0','0.703491','0.710704','120','255','1','0','','26365'),
('101352','269836','1','14','4982','0','0','0','-1','1380.22','-5041.24','7.40742','1.64869','0','0','0.734103','0.679038','120','255','1','0','','27326'),
('101353','269837','1','14','4982','0','0','0','-1','1401.29','-5019.22','9.84436','4.77267','0.261674','-0.262305','-0.63331','0.679442','120','255','1','0','','27326');

DELETE FROM `gameobject` WHERE `map` = '1750';
INSERT INTO `gameobject` (`guid`, `id`, `map`, `zoneId`, `areaId`, `PhaseId`, `PhaseGroup`, `terrainSwapMap`, `position_x`, `position_y`, `position_z`, `orientation`, `rotation0`, `rotation1`, `rotation2`, `rotation3`, `spawntimesecs`, `animprogress`, `state`, `isActive`, `ScriptName`, `VerifiedBuild`) VALUES
('105510','270935','1750','8840','8840','8654','0','-1','-4244.06','-11318.1','12.2688','3.1748','-0.0117264','0.707009','-0.707009','0.0117543','7200','255','1','0','','26365'),
('105511','270935','1750','8840','8840','8654','0','-1','-4244.06','-11318.1','9.96455','3.1748','-0.0117264','0.707009','-0.707009','0.0117543','7200','255','1','0','','26365'),
('105512','270935','1750','8840','8840','8654','0','-1','-4244.06','-11318.1','9.13744','3.1748','-0.0117264','0.707009','-0.707009','0.0117543','7200','255','1','0','','26365'),
('105513','269901','1750','8840','8840','8654','0','-1','-4252.64','-11349.2','5.26435','1.70007','-0.0143361','0.000680924','0.751291','0.659815','7200','255','1','0','','26365'),
('105514','270936','1750','8840','8840','8654','0','-1','-4244.08','-11318.4','8.86021','1.59092','0','0','0.714186','0.699956','7200','255','1','0','','26365'),
('105515','270935','1750','8840','8840','8654','0','-1','-4244.06','-11318.1','10.6959','3.1748','-0.0117264','0.707009','-0.707009','0.0117543','7200','255','1','0','','26365'),
('105516','269906','1750','8840','8840','8654','0','-1','-4181.38','-11487.8','9.88939','0.358866','0','0','0.178472','0.983945','7200','255','1','0','','26365'),
('105517','269902','1750','8840','8840','8654','0','-1','-4276.04','-11341.6','5.91288','4.78059','0.0502124','-0.0502157','-0.680738','0.729076','7200','255','1','0','','26365'),
('105518','273470','1750','8840','8840','8654','0','-1','-4207.18','-11416.3','2.04922','4.61047','0.162809','0.161975','-0.720613','0.654198','7200','255','1','0','','26365'),
('105519','273474','1750','8840','8840','8654','0','-1','-4206.45','-11476.2','10.2613','5.05207','0','0','-0.577412','0.816453','7200','255','1','0','','26365'),
('105520','273472','1750','8840','8840','8654','0','-1','-4207.37','-11474.4','9.04997','3.77426','0','0','-0.950382','0.311085','7200','255','1','0','','26365'),
('105521','273473','1750','8840','8840','8654','0','-1','-4209.73','-11473.3','8.9412','4.48923','0','0','-0.781446','0.623973','7200','255','1','0','','26365'),
('105522','273477','1750','8840','8840','8654','0','-1','-4218.01','-11467.6','8.57698','4.34708','0','0','-0.823784','0.566904','7200','255','1','0','','26365'),
('105523','273471','1750','8840','8840','8654','0','-1','-4214.4','-11473.5','9.0434','4.77802','0','0','-0.683526','0.729926','7200','255','1','0','','26365'),
('105524','273470','1750','8840','8840','8654','0','-1','-4158.47','-11445.3','1.15116','6.01662','0.700835','-0.0939655','-0.0939655','0.700836','7200','255','1','0','','26365'),
('105525','273469','1750','8840','8840','8654','0','-1','-4157.19','-11443.3','0.000432279','2.48149','0.0206604','0.0210905','0.945723','0.323628','7200','255','1','0','','26365'),
('105526','273476','1750','8840','8840','8654','0','-1','-4275.82','-11478.2','8.59108','5.77712','0','0','-0.25034','0.968158','7200','255','1','0','','26365'),
('105527','273470','1750','8840','8840','8654','0','-1','-4158.77','-11445','1.15116','2.13242','0.341846','0.618983','0.618983','0.341848','7200','255','1','0','','26365'),
('105528','273472','1750','8840','8840','8654','0','-1','-4206.54','-11476','9.18403','4.23194','0','0','-0.855037','0.518567','7200','255','1','0','','26365'),
('105529','273470','1750','8840','8840','8654','0','-1','-4205.15','-11412.2','1.21243','0.436953','-0.180207','0.227166','0.241023','0.926191','7200','255','1','0','','26365'),
('105530','273469','1750','8840','8840','8654','0','-1','-4206.91','-11414.3','0.911563','1.21265','-0.0538454','0.0603838','0.568636','0.818601','7200','255','1','0','','26365'),
('105531','269907','1750','8840','8840','8654','0','-1','-4271.38','-11493.5','9.3134','5.5261','0','0','-0.369565','0.929205','7200','255','1','0','','26365'),
('105532','269905','1750','8840','8840','8654','0','-1','-4185.03','-11511.8','10.6124','3.02682','0','0','0.998354','0.0573533','7200','255','1','0','','26365'),
('105533','269965','1750','8840','8840','8654','0','-1','-4095.5','-11419.2','-141.662','1.469','0','0','0.670218','0.742165','7200','255','1','0','','26365'),
('105534','269905','1750','8840','8840','8654','0','-1','-4209.02','-11500.7','10.3871','3.106','0','0','0.999842','0.0177938','7200','255','1','0','','26365'),
('105535','273467','1750','8840','8840','8654','0','-1','-4235.85','-11526.7','11.4347','1.25389','0','0','0.586673','0.809824','7200','255','1','0','','26365'),
('105536','269905','1750','8840','8840','8654','0','-1','-4158.01','-11399.6','-130.753','4.81255','0','0','-0.670823','0.741617','7200','255','1','0','','26365'),
('105537','269907','1750','8840','8840','8654','0','-1','-4171.9','-11423.4','-131.032','6.21317','0','0','-0.0349989','0.999387','7200','255','1','0','','26365'),
('105538','269965','1750','8840','8840','8654','0','-1','-4080.84','-11439.6','-141.495','3.00143','0','0','0.997545','0.070025','7200','255','1','0','','26365'),
('105539','269906','1750','8840','8840','8654','0','-1','-4227.27','-11501.2','10.0243','0.789261','0','0','0.384467','0.923139','7200','255','1','0','','26365'),
('105540','269905','1750','8840','8840','8654','0','-1','-4146.23','-11505.2','10.0453','0.51509','0','0','0.254707','0.967018','7200','255','1','0','','26365'),
('105541','273475','1750','8840','8840','8654','0','-1','-4147.66','-11486.5','9.85032','0.341778','0','0','0.170058','0.985434','7200','255','1','0','','26365'),
('105542','273474','1750','8840','8840','8654','0','-1','-4147.97','-11488.7','9.75718','4.04111','0','0','-0.900553','0.434747','7200','255','1','0','','26365'),
('105543','269905','1750','8840','8840','8654','0','-1','-4148.97','-11480.3','-130.892','3.86403','0','0','-0.935467','0.353415','7200','255','1','0','','26365'),
('105544','273474','1750','8840','8840','8654','0','-1','-4266.84','-11530.8','12.7212','0.473542','0','0','0.234565','0.9721','7200','255','1','0','','26365'),
('105545','269965','1750','8840','8840','8654','0','-1','-4060.04','-11425.4','-141.495','4.5243','0','0','-0.770384','0.63758','7200','255','1','0','','26365'),
('105546','269905','1750','8840','8840','8654','0','-1','-4161.44','-11510.2','10.7864','3.42153','0','0','-0.99022','0.139514','7200','255','1','0','','26365'),
('105547','273468','1750','8840','8840','8654','0','-1','-4235.12','-11526','6.65058','6.21875','0','0','-0.0322104','0.999481','7200','255','1','0','','26365'),
('105548','269937','1750','8840','8840','8654','0','-1','-4090.78','-11400.8','-141.534','5.25499','0','0','-0.49175','0.870736','7200','255','1','0','','26365'),
('105549','269965','1750','8840','8840','8654','0','-1','-4074.73','-11403.5','-141.495','6.12197','0','0','-0.0805187','0.996753','7200','255','1','0','','26365'),
('105550','273475','1750','8840','8840','8654','0','-1','-4269.48','-11534.8','14.6846','2.22514','0','0','0.896838','0.442359','7200','255','1','0','','26365'),
('105551','273478','1750','8840','8840','8654','0','-1','-4269.76','-11534.2','13.0057','3.34124','0','0','-0.995022','0.0996572','7200','255','1','0','','26365'),
('105552','269992','1750','8840','8840','8654','0','-1','-4261.38','-11440.8','11.2553','1.67474','0','0','0.742884','0.66942','7200','255','1','0','','26365'),
('105553','269905','1750','8840','8840','8654','0','-1','-4169.32','-11524.9','-131.376','5.92983','0','0','-0.175762','0.984433','7200','255','1','0','','26365'),
('105554','269905','1750','8840','8840','8654','0','-1','-4215.29','-11553.1','11.7198','3.09862','0','0','0.999769','0.021483','7200','255','1','0','','26365'),
('105555','269905','1750','8840','8840','8654','0','-1','-4225.4','-11561.5','11.6126','3.54727','0','0','-0.979499','0.20145','7200','255','1','0','','26365'),
('105556','269907','1750','8840','8840','8654','0','-1','-4162.52','-11555.9','13.202','2.3997','0','0','0.931985','0.362497','7200','255','1','0','','26365'),
('105557','269992','1750','8840','8840','8654','0','-1','-4246.31','-11438.8','11.2312','1.67474','0','0','0.742884','0.66942','7200','255','1','0','','26365'),
('105558','273495','1750','8840','8840','8654','0','-1','-4120.24','-11541.3','-129.983','3.07132','-0.0102687','-0.00212574','0.999329','0.0351045','7200','255','1','0','','26365'),
('105559','269926','1750','8840','8840','8654','0','-1','-4123.85','-11543','-133.409','6.14076','-0.124769','0.0364571','-0.0670376','0.989247','7200','255','1','0','','26365'),
('105560','269925','1750','8840','8840','8654','0','-1','-4122.13','-11545.8','-134.31','2.67836','-0.0203795','0.113512','0.965669','0.232774','7200','255','1','0','','26365'),
('105561','183891','1750','8840','8840','8654','0','-1','-4160.34','-11461.8','-131.057','3.27883','0.00598908','0.00148487','-0.997627','0.0685696','7200','255','1','0','','26365'),
('105562','269927','1750','8840','8840','8654','0','-1','-4115.22','-11545.4','-126.541','0.0564772','-0.0425558','0.0046835','0.0284586','0.998678','7200','255','1','0','','26365'),
('105563','269992','1750','8840','8840','8654','0','-1','-4144','-11509.8','10.4874','2.60108','0','0','0.963703','0.266976','7200','255','1','0','','26365'),
('105564','269905','1750','8840','8840','8654','0','-1','-4045.11','-11533.2','-138.325','0.25743','0','0','0.12836','0.991728','7200','255','1','0','','26365'),
('105565','270026','1750','8840','8840','8654','0','-1','-4140.82','-11487.4','10.0895','0','0','0','0','1','7200','255','1','0','','26365'),
('105566','269992','1750','8840','8840','8654','0','-1','-4134.76','-11492.1','10.559','2.64459','0','0','0.969282','0.245951','7200','255','1','0','','26365'),
('105567','269927','1750','8840','8840','8654','0','-1','-4020.35','-11524.7','-131.492','3.46945','0.0188975','0.0518131','-0.984878','0.164233','7200','255','1','0','','26365'),
('105568','183866','1750','8840','8840','8654','0','-1','-4219.77','-11579.2','-126.175','2.66793','-0.00526524','-0.0032177','0.972073','0.234599','7200','255','1','0','','26365'),
('105569','269925','1750','8840','8840','8654','0','-1','-4010.05','-11521.3','-141.044','3.89055','0.075522','-0.0833578','-0.926325','0.359542','7200','255','1','0','','26365'),
('105570','269905','1750','8840','8840','8654','0','-1','-4019.33','-11494.4','-141.05','1.30142','0','0','0.605752','0.795654','7200','255','1','0','','26365'),
('105571','270929','1750','8840','8840','8654','0','-1','-4119.59','-11448.3','-130.428','4.39738','0','0','-0.809266','0.587442','7200','255','1','0','','26365'),
('105572','269927','1750','8840','8840','8654','0','-1','-4030.01','-11580.3','-129.617','4.04914','-0.0133014','0.0406933','-0.897865','0.438184','7200','255','1','0','','26365'),
('105573','269926','1750','8840','8840','8654','0','-1','-4026.08','-11577.1','-135.786','3.37392','-0.0196347','0.0515871','-0.99183','0.115008','7200','255','1','0','','26365'),
('105574','269926','1750','8840','8840','8654','0','-1','-4018.17','-11573.4','-132.473','5.03212','-0.00371409','-0.0753994','-0.58174','0.809864','7200','255','1','0','','26365'),
('105575','269926','1750','8840','8840','8654','0','-1','-4017.19','-11571.8','-133.047','6.13268','0.0414171','0.0850496','-0.07792','0.992461','7200','255','1','0','','26365'),
('105576','269991','1750','8840','8840','8654','0','-1','-4116.54','-11544.9','-135.904','4.27322','0','0','-0.844151','0.536105','7200','255','1','0','','26365'),
('105577','269927','1750','8840','8840','8654','0','-1','-4011.91','-11528.1','-131.223','2.10887','0','0','0.869621','0.493719','7200','255','1','0','','26365'),
('105578','269927','1750','8840','8840','8654','0','-1','-4015.75','-11568.3','-128.267','1.10014','-0.0392265','-0.0171518','0.522482','0.851575','7200','255','1','0','','26365'),
('105579','269905','1750','8840','8840','8654','0','-1','-4014.8','-11420.3','-137.175','2.69476','0','0','0.975146','0.221562','7200','255','1','0','','26365'),
('105580','269925','1750','8840','8840','8654','0','-1','-4021.18','-11575.9','-140.139','3.83598','0.0166807','-0.0782127','-0.937024','0.339986','7200','255','1','0','','26365'),
('105581','269925','1750','8840','8840','8654','0','-1','-4007.71','-11563.9','-139.194','0.609256','-0.0828347','-0.0516319','0.296294','0.950096','7200','255','1','0','','26365'),
('105582','269905','1750','8840','8840','8654','0','-1','-4002.37','-11487','-137.29','3.50917','0','0','-0.983158','0.182757','7200','255','1','0','','26365'),
('105583','269925','1750','8840','8840','8654','0','-1','-4011.49','-11568','-136.013','5.05543','0.0859561','0.0903778','-0.573393','0.809731','7200','255','1','0','','26365'),
('105584','269925','1750','8840','8840','8654','0','-1','-4016.64','-11577.5','-137.769','1.16503','-0.103258','-0.00406647','0.551141','0.827989','7200','255','1','0','','26365'),
('105585','269925','1750','8840','8840','8654','0','-1','-3977.66','-11537.3','-136.318','6.27548','-0.16071','-0.0727949','-0.0157595','0.984187','7200','255','1','0','','26365'),
('105586','269927','1750','8840','8840','8654','0','-1','-3962.29','-11436.9','-130.723','2.74286','-0.0141654','-0.0404015','0.979343','0.197624','7200','255','1','0','','26365'),
('105587','269926','1750','8840','8840','8654','0','-1','-3961.5','-11531.2','-136.823','6.1782','-0.0541515','-0.0106964','-0.0531139','0.997062','7200','255','1','0','','26365'),
('105588','269926','1750','8840','8840','8654','0','-1','-3968.65','-11535.2','-124.751','4.66746','0.0110388','0.0305538','-0.722141','0.690982','7200','255','1','0','','26365'),
('105589','269926','1750','8840','8840','8654','0','-1','-3963.09','-11443.5','-133.329','1.86866','-0.0976167','-0.0858335','0.799465','0.58648','7200','255','1','0','','26365'),
('105590','269925','1750','8840','8840','8654','0','-1','-3974.28','-11541.3','-135.586','1.18999','-0.15513','0.0522976','0.563736','0.809569','7200','255','1','0','','26365'),
('105591','269907','1750','8840','8840','8654','0','-1','-3963.08','-11511.8','-136.923','3.13883','0','0','0.999999','0.00138107','7200','255','1','0','','26365'),
('105592','273495','1750','8840','8840','8654','0','-1','-3966.14','-11440.9','-130.247','5.08242','0.00370455','0.00981045','-0.564907','0.825088','7200','255','1','0','','26365'),
('105593','269927','1750','8840','8840','8654','0','-1','-3969.38','-11532.4','-127.355','3.5721','0','0','-0.976922','0.213596','7200','255','1','0','','26365'),
('105594','269925','1750','8840','8840','8654','0','-1','-3961.25','-11440.7','-133.334','4.68946','0.106772','-0.0435905','-0.713804','0.690784','7200','255','1','0','','26365'),
('105595','269925','1750','8840','8840','8654','0','-1','-3961.75','-11535.2','-135.714','3.87435','-0.0384817','-0.127108','-0.922237','0.363099','7200','255','1','0','','26365'),
('105596','269926','1750','8840','8840','8654','0','-1','-3958.08','-11533.2','-122.871','6.1782','-0.0541515','-0.0106964','-0.0531139','0.997062','7200','255','1','0','','26365'),
('105597','269905','1750','8840','8840','8654','0','-1','-3973.62','-11434.6','-136.761','4.37651','0','0','-0.815351','0.578966','7200','255','1','0','','26365'),
('105598','269926','1750','8840','8840','8654','0','-1','-3970.41','-11536.5','-127.669','6.1782','-0.0541515','-0.0106964','-0.0531139','0.997062','7200','255','1','0','','26365'),
('105599','183893','1750','8840','8840','8654','0','-1','-4060','-11542.1','-138.577','5.54773','0.00387716','-0.00479984','-0.359472','0.933135','7200','255','1','0','','26365'),
('105600','269925','1750','8840','8840','8654','0','-1','-3955.95','-11531','-137.243','3.84303','0.0135107','-0.0521278','-0.937667','0.343338','7200','255','1','0','','26365'),
('105601','269991','1750','8842','0','8654','0','-1','-3994.77','-11546.9','-141.141','5.22204','0','0','-0.506028','0.862517','7200','255','1','0','','26365'),
('105602','183889','1750','8842','0','8654','0','-1','-3988.5','-11488.5','-137.246','4.23881','0.00599814','-0.00144768','-0.853246','0.521473','7200','255','1','0','','26365'),
('105603','269991','1750','8842','0','8654','0','-1','-4003.05','-11519.1','-135.5','0.595159','0','0','0.293207','0.956049','7200','255','1','0','','26365'),
('105604','269991','1750','8842','0','8654','0','-1','-4024.99','-11534','-141.213','0.973205','0','0','0.467626','0.883927','7200','255','1','0','','26365'),
('105605','269991','1750','8842','0','8654','0','-1','-4011.76','-11547.2','-137.789','0.596466','0','0','0.293832','0.955857','7200','255','1','0','','26365'),
('105606','269991','1750','8842','0','8654','0','-1','-4019.18','-11522.5','-141.183','5.26946','0','0','-0.485435','0.874273','7200','255','1','0','','26365'),
('105607','269991','1750','8842','0','8654','0','-1','-3990.26','-11533.6','-140.863','0.958238','0','0','0.460998','0.887401','7200','255','1','0','','26365'),
('105608','269991','1750','8842','0','8654','0','-1','-3966.18','-11437.7','-136.649','3.21582','0','0','-0.999311','0.0371029','7200','255','1','0','','26365'),
('105609','269992','1750','8842','0','8654','0','-1','-4088.43','-11395.8','-141.488','5.25133','0','0','-0.493343','0.869835','7200','255','1','0','','26365'),
('105610','269992','1750','8842','0','8654','0','-1','-4096.39','-11400.2','-141.598','5.22162','0','0','-0.506208','0.862411','7200','255','1','0','','26365'),
('105611','270026','1750','8842','0','8654','0','-1','-4082.93','-11350.4','-139.333','2.78324','0','0','0.983991','0.17822','7200','255','1','0','','26365'),
('105612','183890','1750','8842','0','8654','0','-1','-4069','-11364','-139.42','3.80246','0.00616932','-0.000114441','-0.945888','0.324436','7200','255','1','0','','26365'),
('105613','269957','1750','8842','0','8657','0','-1','-4077.34','-11421.9','-141.458','5.25471','0','0','-0.491873','0.870667','7200','255','1','0','','26365'),
('105614','273292','1750','8840','9146','8657','0','-1','-4032.78','-11939.2','130.293','5.7945','0','0','-0.241921','0.970296','7200','255','1','0','','26365'),
('105615','273498','1750','8840','9146','8657','0','-1','-4016.94','-12003.3','131.008','0.0994424','0','0','0.0497007','0.998764','7200','255','1','0','','26365'),
('105616','273497','1750','8840','9146','8657','0','-1','-4011.66','-12003.5','130.865','2.18166','0','0','0.887011','0.461749','7200','255','1','0','','26365'),
('105617','273850','1750','8840','9146','8657','0','-1','-3975.41','-11961.6','132.339','1.96275','0','0','0.831262','0.555881','7200','255','1','0','','26365'),
('105618','273849','1750','8840','9146','8657','0','-1','-3982.06','-11974.4','132.715','1.96275','0','0','0.831262','0.555881','7200','255','1','0','','26365'),
('105619','273271','1750','8840','9146','8657','0','-1','-3978.79','-11968','130.816','2.65068','0','0','0.970026','0.243001','7200','255','1','0','','26365'),
('105620','273005','1750','8840','9146','8657','0','-1','-4079.14','-11914.5','154.904','2.6529','0','0','0.970296','0.241921','7200','255','1','0','','26365'),
('105621','273844','1750','8840','9146','8657','0','-1','-4010.51','-11950.9','150.665','2.64773','0','0','0.969667','0.244428','7200','255','1','0','','26365'),
('105622','272810','1750','8840','9146','8657','0','-1','-3975.07','-11931.1','131.038','2.03444','0','0','0.85065','0.525733','7200','255','1','0','','26365'),
('105623','273682','1750','8840','9146','8657','0','-1','-4076.05','-11923.5','131.491','1.29575','0','0','0.603492','0.797369','7200','255','1','0','','26365'),
('105624','272810','1750','8840','9146','8657','0','-1','-3986.58','-11906.8','131.038','4.96452','0','0','-0.612591','0.7904','7200','255','1','0','','26365'),
('105625','273317','1750','8840','9146','8657','0','-1','-4012.82','-11993.1','162.254','1.55334','0','0','0.70091','0.71325','7200','255','1','0','','26365'),
('105626','273682','1750','8840','9146','8657','0','-1','-4073.7','-11930.6','131.072','1.38285','0','0','0.637636','0.770338','7200','255','1','0','','26365'),
('105627','273681','1750','8840','9146','8657','0','-1','-4075.37','-11924.6','131.491','1.86223','0','0','0.802285','0.596941','7200','255','1','0','','26365'),
('105628','273455','1750','8840','9146','8657','0','-1','-4000.87','-11989','161.684','1.0472','0','0','0.5','0.866025','7200','255','1','0','','26365'),
('105629','233662','1750','8840','9146','8657','0','-1','-4072.93','-11931.7','131.072','1.94933','0','0','0.827515','0.561444','7200','255','1','0','','26365'),
('105630','273683','1750','8840','9146','8657','0','-1','-4075.91','-11923.6','132.608','1.75189','0','0','0.768148','0.640272','7200','255','1','0','','26365'),
('105631','273684','1750','8840','9146','8657','0','-1','-4075.43','-11923.8','131.491','0.0814052','0','0','0.0406914','0.999172','7200','255','1','0','','26365');

DELETE FROM `creature_template` WHERE entry IN(124367, 120977,125843,126030,125521,125520,125525,125524,125523,125518,125517,120978,125522,125519,122046,122045,120885,122067,122066,122065,121423,121755,121754,121756,121263,121262,120979,121264,121261,121308,121410,121417,121421,126390,114590,125910,125909,123395,120845,126389,126022, 54638,122052,122130,122131,122133,121775,124370,121753,121757,121758,124373,124434,124367,122200,122201,122202,126172,122199,122197,122196);
INSERT INTO `creature_template` (`entry`, `difficulty_entry_1`, `difficulty_entry_2`, `difficulty_entry_3`, `KillCredit1`, `KillCredit2`, `name`, `femaleName`, `subname`, `TitleAlt`, `IconName`, `gossip_menu_id`, `minlevel`, `maxlevel`, `HealthScalingExpansion`, `RequiredExpansion`, `VignetteID`, `faction`, `npcflag`, `speed_walk`, `speed_run`, `scale`, `rank`, `dmgschool`, `BaseAttackTime`, `RangeAttackTime`, `BaseVariance`, `RangeVariance`, `unit_class`, `unit_flags`, `unit_flags2`, `unit_flags3`, `dynamicflags`, `family`, `trainer_type`, `trainer_class`, `trainer_race`, `type`, `type_flags`, `type_flags2`, `lootid`, `pickpocketloot`, `skinloot`, `resistance1`, `resistance2`, `resistance3`, `resistance4`, `resistance5`, `resistance6`, `spell1`, `spell2`, `spell3`, `spell4`, `spell5`, `spell6`, `spell7`, `spell8`, `VehicleId`, `mingold`, `maxgold`, `AIName`, `MovementType`, `InhabitType`, `HoverHeight`, `HealthModifier`, `HealthModifierExtra`, `ManaModifier`, `ManaModifierExtra`, `ArmorModifier`, `DamageModifier`, `ExperienceModifier`, `RacialLeader`, `movementId`, `FadeRegionRadius`, `WidgetSetID`, `WidgetSetUnitConditionID`, `RegenHealth`, `mechanic_immune_mask`, `flags_extra`, `ScriptName`, `VerifiedBuild`) VALUES
('54638','0','0','0','0','0','Generic Bunny','','','','','0','60','60','1','1','0','35','0','1','1.14286','1','0','0','2000','2000','1','1','1','33554688','2048','0','0','0','0','0','0','10','1048576','0','0','0','0','0','0','0','0','0','0','0','0','0','0','0','0','0','0','0','0','0','','0','3','1','1','1','1','1','1','1','1','0','0','0','0','0','1','0','128','','28153'),
('114590','0','0','0','0','0','Generic Bunny','','',NULL,'','0','1','1','0','0','0','35','0','1','1.14286','1','0','0','2000','0','1','1','1','33554432','100665344','0','0','0','0','0','0','10','1073742848','0','0','0','0','0','0','0','0','0','0','0','0','0','0','0','0','0','0','0','0','0','','0','3','1','1','1','1','1','1','1','1','0','0','0','0','0','1','0','128','','28153'),
('120845','0','0','0','0','0','Arator the Redeemer','','',NULL,'','0','110','110','6','6','0','35','0','1','1.14286','1','1','0','2000','2000','1','1','2','33536','2115584','0','0','0','0','0','0','7','0','0','0','0','0','0','0','0','0','0','0','0','0','0','0','0','0','0','0','0','0','0','','0','3','1','15','1','1','1','1','1','1','0','0','0','0','0','1','0','0','','28153'),
('120885','0','0','0','0','0','Lothraxion','','High Commander',NULL,'','0','110','110','0','6','0','2916','0','1','1','1','0','0','2000','2000','1','1','2','33536','2048','0','0','0','0','0','0','7','0','0','0','0','0','0','0','0','0','0','0','0','0','0','0','0','0','0','0','0','0','0','','0','3','1','1','1','1','1','1','1','1','0','0','0','0','0','1','0','0','','28153'),
('120977','0','0','0','0','0','Prophet Velen','','',NULL,'','21013','110','110','0','6','0','35','3','1','1.14286','1','0','0','2000','2000','1','1','2','33536','2048','1','0','0','0','0','0','7','262208','32768','0','0','0','0','0','0','0','0','0','0','0','0','0','0','0','0','0','0','0','0','SmartAI','0','3','1','1','1','1','1','1','1','1','0','0','0','0','0','1','0','0','','28153'),
('120978','0','0','0','0','0','Illidan Stormrage','','',NULL,'','0','112','112','0','6','0','35','2','1','1','1','0','0','2000','2000','1','1','2','32832','35670016','0','0','0','0','0','0','3','2363468','0','0','0','0','0','0','0','0','0','0','0','0','0','0','0','0','0','0','0','0','0','SmartAI','0','3','1','1','1','1','1','1','1','1','0','0','0','0','0','1','0','0','','28153'),
('120979','0','0','0','0','0','Archmage Khadgar','','',NULL,'','0','113','113','0','6','0','35','0','1','0.992063','1','0','0','2000','2000','1','1','8','33536','2048','0','0','0','0','0','0','7','0','0','0','0','0','0','0','0','0','0','0','0','0','0','0','0','0','0','0','0','0','0','','0','3','1','1','1','1','1','1','1','1','0','0','0','0','0','1','0','0','','28153'),
('121261','0','0','0','0','0','Lothraxion','','High Commander',NULL,'','0','110','110','6','6','0','2916','0','1','1.14286','1','1','0','2000','2000','1','1','2','33536','2048','0','0','0','0','0','0','7','0','0','0','0','0','0','0','0','0','0','0','0','0','0','0','0','0','0','0','0','0','0','','0','3','1','22.155','1','1','1','1','1','1','0','0','0','0','0','1','0','0','','28153'),
('121262','0','0','0','0','0','Magni Bronzebeard','','The Speaker',NULL,'','0','110','110','0','6','0','35','0','1','1','1','0','0','2000','2000','1','1','2','33536','2048','0','0','0','0','0','0','7','0','0','0','0','0','0','0','0','0','0','0','0','0','0','0','0','0','0','0','0','0','0','','0','3','1','1','1','1','1','1','1','1','0','0','0','0','0','1','0','0','','28153'),
('121263','0','0','0','0','0','Grand Artificer Romuul','','',NULL,'','21208','110','110','6','6','0','35','3','1','1.14286','1','0','0','2000','2000','1','1','1','33536','2048','0','0','0','0','0','0','7','0','0','0','0','0','0','0','0','0','0','0','0','0','0','0','0','0','0','0','0','0','0','','0','3','1','3','1','1','1','1','1','1','0','0','0','0','0','1','0','0','','28153'),
('121264','0','0','0','0','0','Aethas Sunreaver','','',NULL,'','0','110','110','0','6','0','35','0','1','1.14286','1','0','0','2000','2000','1','1','8','33536','2048','0','0','0','0','0','0','7','0','0','0','0','0','0','0','0','0','0','0','0','0','0','0','0','0','0','0','0','0','0','','0','3','1','1','1','1','1','1','1','1','0','0','0','0','0','1','0','0','','28153'),
('121308','0','0','0','0','0','Lady Liadrin','','Blood Knight Matriarch',NULL,'','0','110','110','0','6','0','35','0','1','1.14286','1','0','0','2000','2000','1','1','2','33536','2048','0','0','0','0','0','0','7','0','0','0','0','0','0','0','0','0','0','0','0','0','0','0','0','0','0','0','0','0','0','','0','3','1','1','1','1','1','1','1','1','0','0','0','0','0','1','0','0','','28153'),
('121410','0','0','0','0','0','Vindicator Boros','','',NULL,'','0','110','110','6','6','0','2803','0','1','1.14286','1','1','0','2000','2000','1','1','2','32768','33572864','0','0','0','0','0','0','7','2363464','0','0','0','0','0','0','0','0','0','0','0','0','0','0','0','0','0','0','0','0','0','','0','3','1','15','1','1','1','1','1','1','0','0','0','0','0','1','0','0','','28153'),
('121417','0','0','0','0','0','Vereesa Windrunner','','Ranger-General of the Silver Covenant',NULL,'','0','110','110','6','6','0','2803','0','1','1.14286','1','1','0','2000','2000','1','1','1','32768','33572864','0','0','0','0','0','0','7','2363464','0','0','0','0','0','0','0','0','0','0','0','0','0','0','0','0','0','0','0','0','0','','0','3','1','10','1','80','1','1','1','1','0','0','0','0','0','1','0','0','','28153'),
('121421','0','0','0','0','0','Silgryn','','',NULL,'','0','110','110','6','6','0','2803','0','1','1.14286','1','1','0','2000','2000','1','1','2','32768','33572864','0','0','0','0','0','0','7','2363464','0','0','0','0','0','0','0','0','0','0','0','0','0','0','0','0','0','0','0','0','0','','0','3','1','10','1','1','1','1','1','1','0','0','0','0','0','1','0','0','','28153'),
('121423','0','0','0','0','0','Kal','','Silgryn\'s Companion',NULL,'','0','110','110','6','6','0','35','0','1','1.14286','1','0','0','2000','2000','1','1','1','33280','2048','0','0','26','0','0','0','1','0','0','0','0','0','0','0','0','0','0','0','0','0','0','0','0','0','0','0','0','0','0','','0','3','1','3','1','1','1','1','1','1','0','0','0','0','0','1','0','0','','28153'),
('121753','0','0','0','0','0','Grand Admiral Jes-Tereth','','',NULL,'','0','110','110','0','6','0','12','0','1','1.14286','1','0','0','2000','2000','1','1','1','33536','2048','0','0','0','0','0','0','7','0','0','0','0','0','0','0','0','0','0','0','0','0','0','0','0','0','0','0','0','0','0','','0','3','1','1','1','1','1','1','1','1','0','0','0','0','0','1','0','0','','28153'),
('121754','0','0','0','0','0','Vereesa Windrunner','','Ranger-General of the Silver Covenant',NULL,'','21072','110','110','0','6','0','35','3','1','1.14286','1','0','0','2000','2000','1','1','1','33536','2099200','0','0','0','0','0','0','7','0','32768','0','0','0','0','0','0','0','0','0','0','0','0','0','0','0','0','0','0','0','0','SmartAI','0','3','1','1','1','1','1','1','1','1','0','0','0','0','0','1','0','0','','28153'),
('121755','0','0','0','0','0','Arator the Redeemer','','',NULL,'','0','110','110','0','6','0','35','0','1','1.14286','1','0','0','2000','2000','1','1','2','33536','2048','0','0','0','0','0','0','7','0','0','0','0','0','0','0','0','0','0','0','0','0','0','0','0','0','0','0','0','0','0','SmartAI','0','3','1','1','1','1','1','1','1','1','0','0','0','0','0','1','0','0','','28153'),
('121756','0','0','0','0','0','Vindicator Boros','','',NULL,'','0','110','110','0','6','0','35','2','1','1.14286','1','0','0','2000','2000','1','1','2','33536','2048','0','0','0','0','0','0','7','0','32768','0','0','0','0','0','0','0','0','0','0','0','0','0','0','0','0','0','0','0','0','SmartAI','0','3','1','1','1','1','1','1','1','1','0','0','0','0','0','1','0','0','','28153'),
('121757','0','0','0','0','0','7th Legion Marine','','',NULL,'','0','110','110','0','6','0','35','0','1','1.14286','1','0','0','2000','2000','1','1','1','33536','2048','0','0','0','0','0','0','7','0','0','0','0','0','0','0','0','0','0','0','0','0','0','0','0','0','0','0','0','0','0','','0','3','1','1','1','1','1','1','1','1','0','0','0','0','0','1','0','0','','28153'),
('121758','0','0','0','0','0','7th Legion Cannoneer','','',NULL,'','0','110','110','0','6','0','35','0','1','1.14286','1','0','0','2000','2000','1','1','1','33536','2048','0','0','0','0','0','0','7','0','0','0','0','0','0','0','0','0','0','0','0','0','0','0','0','0','0','0','0','0','0','','0','3','1','1','1','1','1','1','1','1','0','0','0','0','0','1','0','0','','28153'),
('121775','0','0','0','0','0','7th Legion Rifleman','','',NULL,'','0','110','110','0','6','0','35','0','1','1.14286','1','0','0','2000','2000','1','1','1','33536','2048','0','0','0','0','0','0','7','0','0','0','0','0','0','0','0','0','0','0','0','0','0','0','0','0','0','0','0','0','0','','0','3','1','1','1','1','1','1','1','1','0','0','0','0','0','1','0','0','','28153'),
('122045','0','0','0','0','0','Lightforged Beacon','','',NULL,'argusteleporter','0','110','110','0','6','0','35','16777216','1.2','1','1','0','0','2000','2000','1','1','1','768','67143680','0','0','0','0','0','0','10','1611661328','6','0','0','0','0','0','0','0','0','0','0','0','0','0','0','0','0','0','0','0','0','SmartAI','0','3','1','1','1','1','1','1','1','1','0','0','0','0','0','1','0','0','','28153'),
('122046','0','0','0','0','0','Light\'s Heart','','',NULL,'','0','110','110','0','6','0','35','0','1','1','1','0','0','2000','2000','1','1','1','768','67143680','0','0','0','0','0','0','10','1611661328','6','0','0','0','0','0','0','0','0','0','0','0','0','0','0','0','0','0','0','0','0','','0','7','1','1','1','1','1','1','1','1','0','0','0','0','0','1','0','0','','28153'),
('122052','0','0','0','0','0','Light Crystal','','',NULL,'questinteract','0','110','110','0','6','0','35','16777216','1','1','1','0','0','2000','2000','1','1','1','768','2048','0','0','0','0','0','0','3','1610612752','32774','0','0','0','0','0','0','0','0','0','0','0','0','0','0','0','0','0','0','0','0','SmartAI','0','3','1','1','1','1','1','1','1','1','0','0','0','0','0','1','0','0','','28153'),
('122065','0','0','0','0','0','Lady Liadrin','','Blood Knight Matriarch',NULL,'','21282','110','110','0','6','0','35','3','1','1.14286','1','0','0','2000','2000','1','1','2','33536','2099200','0','0','0','0','0','0','7','0','32768','0','0','0','0','0','0','0','0','0','0','0','0','0','0','0','0','0','0','0','0','SmartAI','0','3','1','1','1','1','1','1','1','1','0','0','0','0','0','1','0','0','','28153'),
('122066','0','0','0','0','0','Aethas Sunreaver','','',NULL,'','0','110','110','0','6','0','35','0','1','1.14286','1','0','0','2000','2000','1','1','8','33536','2048','0','0','0','0','0','0','7','0','0','0','0','0','0','0','0','0','0','0','0','0','0','0','0','0','0','0','0','0','0','','0','3','1','1','1','1','1','1','1','1','0','0','0','0','0','1','0','0','','28153'),
('122067','0','0','0','0','0','Silgryn','','',NULL,'','0','110','110','0','6','0','35','0','1','1','1','0','0','2000','2000','1','1','8','33536','2048','0','0','0','0','0','0','7','0','0','0','0','0','0','0','0','0','0','0','0','0','0','0','0','0','0','0','0','0','0','','0','3','1','1','1','1','1','1','1','1','0','0','0','0','0','1','0','0','','28153'),
('122130','0','0','0','0','0','High Vindicator','','Hand of Argus',NULL,'','0','110','110','6','6','0','2105','0','1','1.14286','1','0','0','2000','2000','1','1','2','32768','33572864','0','0','0','0','0','0','7','2363464','0','0','0','0','0','0','0','0','0','0','0','0','0','0','0','0','0','0','0','0','0','','0','3','1','1','1','1.5','1','1','1','1','0','0','0','0','0','1','0','0','','28153'),
('122131','0','0','0','0','0','Lightsworn Anchorite','','Hand of Argus',NULL,'','0','110','110','0','6','0','2105','0','1','1.14286','1','0','0','2000','2000','1','1','2','32768','33572864','0','0','0','0','0','0','7','2363464','0','0','0','0','0','0','0','0','0','0','0','0','0','0','0','0','0','0','0','0','0','','0','3','1','1','1','1','1','1','1','1','0','0','0','0','0','1','0','0','','28153'),
('122133','0','0','0','0','0','Exodar Defense Crystal','','',NULL,'','0','110','110','0','6','0','2105','0','1','1.14286','1','0','0','2000','2000','1','1','2','33587968','33589248','0','0','0','0','0','0','10','1048576','0','0','0','0','0','0','0','0','0','0','0','0','0','0','0','0','0','0','0','0','0','','0','3','1','1','1','1','1','1','1','1','0','0','0','0','0','1','0','0','','28153'),
('122196','0','0','0','0','0','Heradus','','Light\'s Chosen',NULL,'','0','110','110','0','6','0','35','0','1','1.14286','1','0','0','2000','2000','1','1','2','33536','2048','0','0','0','0','0','0','7','0','0','0','0','0','0','0','0','0','0','0','0','0','0','0','0','0','0','0','0','0','0','','0','3','1','1','1','1','1','1','1','1','0','0','0','0','0','1','0','0','','28153'),
('122197','0','0','0','0','0','Virtos','','Light\'s Chosen',NULL,'','0','110','110','0','6','0','35','0','1','1.14286','1','0','0','2000','2000','1','1','2','33536','2048','0','0','0','0','0','0','7','0','0','0','0','0','0','0','0','0','0','0','0','0','0','0','0','0','0','0','0','0','0','','0','3','1','1','1','1','1','1','1','1','0','0','0','0','0','1','0','0','','28153'),
('122199','0','0','0','0','0','Aeqinus','','Light\'s Chosen',NULL,'','0','110','110','0','6','0','35','0','1','1.14286','1','0','0','2000','2000','1','1','2','33536','2048','0','0','0','0','0','0','7','0','0','0','0','0','0','0','0','0','0','0','0','0','0','0','0','0','0','0','0','0','0','','0','3','1','1','1','1','1','1','1','1','0','0','0','0','0','1','0','0','','28153'),
('122200','0','0','0','0','0','Divinius','','Light\'s Chosen',NULL,'','0','110','110','0','6','0','35','0','1','1.14286','1','0','0','2000','2000','1','1','2','33536','2048','0','0','0','0','0','0','7','0','0','0','0','0','0','0','0','0','0','0','0','0','0','0','0','0','0','0','0','0','0','','0','3','1','1','1','1','1','1','1','1','0','0','0','0','0','1','0','0','','28153'),
('122201','0','0','0','0','0','Jost','','Light\'s Chosen',NULL,'','0','110','110','0','6','0','35','0','1','1.14286','1','0','0','2000','2000','1','1','2','33536','2048','0','0','0','0','0','0','7','0','0','0','0','0','0','0','0','0','0','0','0','0','0','0','0','0','0','0','0','0','0','','0','3','1','1','1','1','1','1','1','1','0','0','0','0','0','1','0','0','','28153'),
('122202','0','0','0','0','0','Santus','','Light\'s Chosen',NULL,'','0','110','110','0','6','0','35','0','1','1.14286','1','0','0','2000','2000','1','1','2','33536','2048','0','0','0','0','0','0','7','0','0','0','0','0','0','0','0','0','0','0','0','0','0','0','0','0','0','0','0','0','0','','0','3','1','1','1','1','1','1','1','1','0','0','0','0','0','1','0','0','','28153'),
('123395','0','0','0','0','0','High Priestess Ishanah','','Innkeeper',NULL,'','21462','110','110','6','6','0','35','66177','1','1.14286','1','0','0','2000','2000','1','1','2','32768','2048','0','0','0','0','0','0','7','134221824','0','0','0','0','0','0','0','0','0','0','0','0','0','0','0','0','0','0','0','0','0','','0','3','1','1','1','1','1','1','1','1','0','0','0','0','0','1','0','0','','28153'),
('124367','0','0','0','0','0','Fleet Admiral Zar\'gov','','',NULL,'','0','110','110','0','6','0','29','0','1','1.14286','1','0','0','2000','2000','1','1','1','33536','2048','0','0','0','0','0','0','7','0','0','0','0','0','0','0','0','0','0','0','0','0','0','0','0','0','0','0','0','0','0','','0','3','1','1','1','1','1','1','1','1','0','0','0','0','0','1','0','0','','28153'),
('124370','0','0','0','0','0','Kor\'kron Headhunter','','',NULL,'','0','110','110','0','6','0','35','0','1','1.14286','1','0','0','2000','2000','1','1','1','33536','2048','0','0','0','0','0','0','7','0','0','0','0','0','0','0','0','0','0','0','0','0','0','0','0','0','0','0','0','0','0','','0','3','1','1','1','1','1','1','1','1','0','0','0','0','0','1','0','0','','28153'),
('124373','0','0','0','0','0','Sunstrider Highguard','','',NULL,'','0','110','110','0','6','0','35','0','1','1.14286','1','0','0','2000','2000','1','1','1','33536','2048','0','0','0','0','0','0','7','0','0','0','0','0','0','0','0','0','0','0','0','0','0','0','0','0','0','0','0','0','0','','0','3','1','1','1','1','1','1','1','1','0','0','0','0','0','1','0','0','','28153'),
('124434','0','0','0','0','0','Sunstrider Highguard','','',NULL,'','0','110','110','0','6','0','35','0','1','1.14286','1','0','0','2000','2000','1','1','1','33536','2048','0','0','0','0','0','0','7','0','0','0','0','0','0','0','0','0','0','0','0','0','0','0','0','0','0','0','0','0','0','','0','3','1','1','1','1','1','1','1','1','0','0','0','0','0','1','0','0','','28153'),
('125517','0','0','0','0','0','Heradus','','Light\'s Chosen',NULL,'','0','110','110','6','6','0','35','0','1','1.14286','1','1','0','2000','2000','1','1','2','33536','2048','0','0','0','0','0','0','7','0','0','0','0','0','0','0','0','0','0','0','0','0','0','0','0','0','0','0','0','0','0','','0','3','1','5','1','10','1','1','1','1','0','0','0','0','0','1','0','0','','28153'),
('125518','0','0','0','0','0','Jost','','Light\'s Chosen',NULL,'','0','110','110','6','6','0','35','0','1','1.14286','1','1','0','2000','2000','1','1','2','33536','2048','0','0','0','0','0','0','7','0','0','0','0','0','0','0','0','0','0','0','0','0','0','0','0','0','0','0','0','0','0','','0','7','1','5','1','10','1','1','1','1','0','0','0','0','0','1','0','0','','28153'),
('125519','0','0','0','0','0','Divinius','','Light\'s Chosen',NULL,'','0','110','110','6','6','0','35','0','1','1.14286','1','1','0','2000','2000','1','1','2','33536','2048','0','0','0','0','0','0','7','0','0','0','0','0','0','0','0','0','0','0','0','0','0','0','0','0','0','0','0','0','0','','0','7','1','5','1','10','1','1','1','1','0','0','0','0','0','1','0','0','','28153'),
('125520','0','0','0','0','0','Virtos','','Light\'s Chosen',NULL,'','0','110','110','6','6','0','35','0','1','1.14286','1','1','0','2000','2000','1','1','2','33536','2048','0','0','0','0','0','0','7','0','0','0','0','0','0','0','0','0','0','0','0','0','0','0','0','0','0','0','0','0','0','','0','7','1','5','1','10','1','1','1','1','0','0','0','0','0','1','0','0','','28153'),
('125521','0','0','0','0','0','Aeqinus','','Light\'s Chosen',NULL,'','0','110','110','6','6','0','35','0','1','1.14286','1','1','0','2000','2000','1','1','2','33536','2048','0','0','0','0','0','0','7','0','0','0','0','0','0','0','0','0','0','0','0','0','0','0','0','0','0','0','0','0','0','','0','7','1','5','1','10','1','1','1','1','0','0','0','0','0','1','0','0','','28153'),
('125522','0','0','0','0','0','Santus','','Light\'s Chosen',NULL,'','0','110','110','6','6','0','35','0','1','1.14286','1','1','0','2000','2000','1','1','2','33536','2048','0','0','0','0','0','0','7','0','0','0','0','0','0','0','0','0','0','0','0','0','0','0','0','0','0','0','0','0','0','','0','7','1','5','1','10','1','1','1','1','0','0','0','0','0','1','0','0','','28153'),
('125523','0','0','0','0','0','Exodar Vindicator','','',NULL,'','0','110','110','6','6','0','35','0','1','1.14286','1','0','0','2000','2000','1','1','2','33536','2048','0','0','0','0','0','0','7','0','0','0','0','0','0','0','0','0','0','0','0','0','0','0','0','0','0','0','0','0','0','','0','3','1','3','1','1','1','1','1','1','0','0','0','0','0','1','0','0','','28153'),
('125524','0','0','0','0','0','Lightsworn Anchorite','','Hand of Argus',NULL,'','0','110','110','6','6','0','35','0','1','1.14286','1','0','0','2000','2000','1','1','2','33536','2048','0','0','0','0','0','0','7','0','0','0','0','0','0','0','0','0','0','0','0','0','0','0','0','0','0','0','0','0','0','','0','3','1','1','1','4','1','1','1','1','0','0','0','0','0','1','0','0','','28153'),
('125525','0','0','0','0','0','Durael','','Repairs',NULL,'','0','110','110','6','6','0','35','4227','1','1.14286','1','0','0','2000','2000','1','1','1','32768','2048','0','0','0','0','0','0','7','0','0','0','0','0','0','0','0','0','0','0','0','0','0','0','0','0','0','0','0','0','0','','0','3','1','1','1','1','1','1','1','1','0','0','0','0','0','1','0','0','','28153'),
('125843','0','0','0','0','0','Exodar Artificer','','',NULL,'','0','110','110','6','6','0','35','0','1','1.14286','1','0','0','2000','2000','1','1','1','33536','2048','0','0','0','0','0','0','7','0','0','0','0','0','0','0','0','0','0','0','0','0','0','0','0','0','0','0','0','0','0','','0','3','1','1','1','1','1','1','1','1','0','0','0','0','0','1','0','0','','28153'),
('125909','0','0','0','0','0','Trueshot Ranger','','Unseen Path',NULL,'','0','1','1','0','6','0','7','0','1','1.14286','1','0','0','0','0','1','1','1','0','0','0','0','0','0','0','0','7','0','0','0','0','0','0','0','0','0','0','0','0','0','0','0','0','0','0','0','0','0','0','','0','3','1','1','1','1','1','1','1','1','0','0','0','0','0','1','0','0','','28153'),
('125910','0','0','0','0','0','Trueshot Ranger','','Unseen Path',NULL,'','0','1','1','0','6','0','7','0','1','1.14286','1','0','0','0','0','1','1','1','0','0','0','0','0','0','0','0','7','0','0','0','0','0','0','0','0','0','0','0','0','0','0','0','0','0','0','0','0','0','0','','0','3','1','1','1','1','1','1','1','1','0','0','0','0','0','1','0','0','','28153'),
('126022','0','0','0','0','0','Anchorite Lysara','','Bandage Trainer',NULL,'','0','110','110','6','6','0','35','81','1','1.14286','1','0','0','2000','2000','1','1','2','33536','2048','0','0','0','0','0','0','7','0','0','0','0','0','0','0','0','0','0','0','0','0','0','0','0','0','0','0','0','0','0','','0','3','1','1','1','1','1','1','1','1','0','0','0','0','0','1','0','0','','28153'),
('126030','0','0','0','0','0','Lightsworn Anchorite','','Hand of Argus',NULL,'','0','110','110','6','6','0','2105','0','1','1.14286','1','0','0','2000','2000','1','1','2','33536','2048','0','0','0','0','0','0','7','0','0','0','0','0','0','0','0','0','0','0','0','0','0','0','0','0','0','0','0','0','0','','0','3','1','1','1','4','1','1','1','1','0','0','0','0','0','1','0','0','','28153'),
('126172','0','0','0','0','0','High Vindicator','','Hand of Argus',NULL,'','0','110','110','0','6','0','2105','0','1','1.14286','1','0','0','2000','2000','1','1','2','32768','33572864','0','0','0','0','0','0','7','2363464','0','0','0','0','0','0','0','0','0','0','0','0','0','0','0','0','0','0','0','0','0','','0','3','1','1','1','1','1','1','1','1','0','0','0','0','0','1','0','0','','28153'),
('126389','0','0','0','0','0','Artificer Shela\'na','','',NULL,'','21451','110','110','6','6','0','35','3','1','1.14286','1','0','0','2000','2000','1','1','1','33536','2048','0','0','0','0','0','0','7','0','0','0','0','0','0','0','0','0','0','0','0','0','0','0','0','0','0','0','0','0','0','','0','3','1','1','1','1','1','1','1','1','0','0','0','0','0','1','0','0','','28153'),
('126390','0','0','0','0','0','Thelbus Wimblenod','','',NULL,'','21454','110','110','6','6','0','35','1','1','1.14286','1','0','0','2000','2000','1','1','1','33536','34816','0','0','0','0','0','0','7','0','0','0','0','0','0','0','0','0','0','0','0','0','0','0','0','0','0','0','0','0','0','','0','3','1','1','1','1','1','1','1','1','0','0','0','0','0','1','0','0','','28153');

DELETE FROM `gameobject_template` WHERE entry IN (269834, 269835, 269836, 269837, 273684,273683,233662,273455,273681,273682,273317,272810,273844,273005,273271,273849,273850,273497,273498,273292,269957,183890,270026,269992,269991,183889,269925,183893,269926,269905,269927,273495,269907,270929,183866,183891,273478,273475,269965,269937,273468,273474,269906,273467,273469,273470,273472,273476,273471,273477,273473,269902,270935,270936,269901);
INSERT INTO `gameobject_template` (`entry`, `type`, `displayId`, `name`, `IconName`, `castBarCaption`, `unk1`, `size`, `Data0`, `Data1`, `Data2`, `Data3`, `Data4`, `Data5`, `Data6`, `Data7`, `Data8`, `Data9`, `Data10`, `Data11`, `Data12`, `Data13`, `Data14`, `Data15`, `Data16`, `Data17`, `Data18`, `Data19`, `Data20`, `Data21`, `Data22`, `Data23`, `Data24`, `Data25`, `Data26`, `Data27`, `Data28`, `Data29`, `Data30`, `Data31`, `Data32`, `Data33`, `RequiredLevel`, `AIName`, `ScriptName`, `VerifiedBuild`) VALUES
('183866','5','7103','Hunters\' Sanctum','','','','1','0','1','0','0','0','0','0','0','0','0','0','0','0','0','0','0','0','0','0','0','0','0','0','0','0','0','0','0','0','0','0','0','0','0','0','','','15595'),
('183889','5','7108','Anchorites\' Sanctum','','','','1','0','1','0','0','0','0','0','0','0','0','0','0','0','0','0','0','0','0','0','0','0','0','0','0','0','0','0','0','0','0','0','0','0','0','0','','','15595'),
('183890','5','7110','Alchemy & Herbalism','','','','1','0','1','0','0','0','0','0','0','0','0','0','0','0','0','0','0','0','0','0','0','0','0','0','0','0','0','0','0','0','0','0','0','0','0','0','','','15595'),
('183891','5','7111','Vindicators\' Sanctum','','','','1','0','1','0','0','0','0','0','0','0','0','0','0','0','0','0','0','0','0','0','0','0','0','0','0','0','0','0','0','0','0','0','0','0','0','0','','','12340'),
('183893','5','7112','Hall of the Mystics','','','','1','0','1','0','0','0','0','0','0','0','0','0','0','0','0','0','0','0','0','0','0','0','0','0','0','0','0','0','0','0','0','0','0','0','0','0','','','15595'),
('233662','5','15072','Small Crate','','','','0.6','0','0','0','0','0','0','0','0','0','0','0','0','0','0','0','0','0','0','0','0','0','0','0','0','0','0','0','0','0','0','0','0','0','0','0','','','26365'),
('269901','5','9288','Mantaray','','','','1','0','0','0','0','0','0','0','0','0','0','0','0','0','0','0','0','0','0','0','0','0','0','0','0','0','0','0','0','0','0','0','0','0','0','0','','','1'),
('269902','5','9289','Mantaray','','','','1','0','0','0','0','0','0','0','0','0','0','0','0','0','0','0','0','0','0','0','0','0','0','0','0','0','0','0','0','0','0','0','0','0','0','0','','','1'),
('269905','5','14566','Barricade','','','','1','0','0','0','0','0','0','0','1','0','0','0','0','0','0','0','0','0','0','0','0','0','0','0','0','0','0','0','0','0','0','0','0','0','0','0','','','1'),
('269906','5','14567','Broken Barricade','','','','1','0','0','0','0','0','0','0','1','0','0','0','0','0','0','0','0','0','0','0','0','0','0','0','0','0','0','0','0','0','0','0','0','0','0','0','','','1'),
('269907','5','15958','Siege gun','','','','1','0','0','0','0','0','0','0','1','0','0','0','0','0','0','0','0','0','0','0','0','0','0','0','0','0','0','0','0','0','0','0','0','0','0','0','','','1'),
('269925','5','42352','Crystal','','','','1','0','0','0','0','0','0','0','1','0','0','0','0','0','0','0','0','0','0','0','0','0','0','0','0','0','0','0','0','0','0','0','0','0','0','0','','','1'),
('269926','5','42353','Crystal','','','','1','0','0','0','0','0','0','0','1','0','0','0','0','0','0','0','0','0','0','0','0','0','0','0','0','0','0','0','0','0','0','0','0','0','0','0','','','1'),
('269927','5','11168','Crystal','','','','1','0','0','0','0','0','0','0','1','0','0','0','0','0','0','0','0','0','0','0','0','0','0','0','0','0','0','0','0','0','0','0','0','0','0','0','','','1'),
('269937','5','42357','Altar','','','','1','0','0','0','0','0','0','0','1','0','0','0','0','0','0','0','0','0','0','0','0','0','0','0','0','0','0','0','0','0','0','0','0','0','0','0','','','1'),
('269965','5','42379','Fryer','','','','0.65','0','0','0','0','0','0','0','1','0','0','0','0','0','0','0','0','0','0','0','0','0','0','0','0','0','0','0','0','0','0','0','0','0','0','0','','','1'),
('269991','0','6391','Security Wall','','','','1.5','0','0','0','0','0','0','0','0','0','0','0','0','0','0','0','0','0','0','0','0','0','0','0','0','0','0','0','0','0','0','0','0','0','0','0','','','1'),
('269992','5','15875','Banner','','','','1','0','0','0','0','0','0','0','0','0','0','0','0','0','0','0','0','0','0','0','0','0','0','0','0','0','0','0','0','0','0','0','0','0','0','0','','','1'),
('270026','5','17175','Protected Crystal','','','','1','0','0','0','0','0','0','0','0','0','0','0','0','0','0','0','0','0','0','0','0','0','0','0','0','0','0','0','0','0','0','0','0','0','0','0','','','1'),
('270929','5','15505','Banner','','','','1','0','0','0','0','0','0','0','0','0','0','0','0','0','0','0','0','0','0','0','0','0','0','0','0','0','0','0','0','0','0','0','0','0','0','0','','','1'),
('270935','5','19310','Plank','','','','1','0','0','0','0','0','0','0','0','0','0','0','0','0','0','0','0','0','0','0','0','0','0','0','0','0','0','0','0','0','0','0','0','0','0','0','','','1'),
('270936','0','6391','Door','','','','0.3','0','0','0','0','0','0','0','0','0','0','0','0','0','0','0','0','0','0','0','0','0','0','0','0','0','0','0','0','0','0','0','0','0','0','0','','','1'),
('273005','5','43885','Control Panel of enlighted','','','','1','0','0','0','0','0','0','0','1','0','0','0','0','0','0','0','0','0','0','0','0','0','0','0','0','0','0','0','0','0','0','0','0','0','0','0','','','1'),
('273271','47','43883','Light Tigel of the Voids','','','','1.15','53200','1','0','0','0','1','0','0','0','0','0','0','0','0','0','0','0','0','0','0','0','0','0','0','0','0','0','0','0','0','0','0','0','0','0','','','1'),
('273292','10','43921','Matrix core \"Vindicar\"','','Using','','1.56649','93','0','0','1000','0','0','3000','0','0','0','250779','0','0','0','27700','0','0','0','0','0','1','0','0','1','0','0','0','0','0','0','0','0','0','0','0','','','26365'),
('273317','19','19818','Mailbox','','','','1','0','0','0','0','0','0','0','0','0','0','0','0','0','0','0','0','0','0','0','0','0','0','0','0','0','0','0','0','0','0','0','0','0','0','0','','','25961'),
('273455','8','17159','Anvil','','','','1','1','10','0','0','0','0','0','0','0','0','0','0','0','0','0','0','0','0','0','0','0','0','0','0','0','0','0','0','0','0','0','0','0','0','0','','','1'),
('273467','5','19837','Crystal ','','','','1','0','0','0','0','0','0','0','1','0','0','0','0','0','0','0','0','0','0','0','0','0','0','0','0','0','0','0','0','0','0','0','0','0','0','0','','','1'),
('273468','5','16336','Pillar','','','','1','0','0','0','0','0','0','0','1','0','0','0','0','0','0','0','0','0','0','0','0','0','0','0','0','0','0','0','0','0','0','0','0','0','0','0','','','1'),
('273469','5','18810','Boat','','','','1','0','0','0','0','0','0','0','1','0','0','0','0','0','0','0','0','0','0','0','0','0','0','0','0','0','0','0','0','0','0','0','0','0','0','0','','','1'),
('273470','5','33361','','','','','1','0','0','0','0','0','0','0','1','0','0','0','0','0','0','0','0','0','0','0','0','0','0','0','0','0','0','0','0','0','0','0','0','0','0','0','','','1'),
('273471','5','14949','Chest','','','','1','0','0','0','0','0','0','0','1','0','0','0','0','0','0','0','0','0','0','0','0','0','0','0','0','0','0','0','0','0','0','0','0','0','0','0','','','1'),
('273472','5','15079','Box','','','','1','0','0','0','0','0','0','0','1','0','0','0','0','0','0','0','0','0','0','0','0','0','0','0','0','0','0','0','0','0','0','0','0','0','0','0','','','1'),
('273473','5','15072','Box','','','','1','0','0','0','0','0','0','0','1','0','0','0','0','0','0','0','0','0','0','0','0','0','0','0','0','0','0','0','0','0','0','0','0','0','0','0','','','1'),
('273474','5','15575','Bucket Crystal','','','','1','0','0','0','0','0','0','0','1','0','0','0','0','0','0','0','0','0','0','0','0','0','0','0','0','0','0','0','0','0','0','0','0','0','0','0','','','1'),
('273475','5','15003','Crystals powder','','','','1','0','0','0','0','0','0','0','1','0','0','0','0','0','0','0','0','0','0','0','0','0','0','0','0','0','0','0','0','0','0','0','0','0','0','0','','','1'),
('273476','5','15074','Supplies','','','','1','0','0','0','0','0','0','0','1','0','0','0','0','0','0','0','0','0','0','0','0','0','0','0','0','0','0','0','0','0','0','0','0','0','0','0','','','1'),
('273477','5','14940','Shater','','','','1','0','0','0','0','0','0','0','1','0','0','0','0','0','0','0','0','0','0','0','0','0','0','0','0','0','0','0','0','0','0','0','0','0','0','0','','','1'),
('273478','5','14133','','','','','1','0','0','0','0','0','0','0','1','0','0','0','0','0','0','0','0','0','0','0','0','0','0','0','0','0','0','0','0','0','0','0','0','0','0','0','','','1'),
('273495','5','11168','Crystal','','','','0.65','0','0','0','0','0','0','0','1','0','0','0','0','0','0','0','0','0','0','0','0','0','0','0','0','0','0','0','0','0','0','0','0','0','0','0','','','1'),
('273497','8','15342','Horn','','','','1','3','10','0','0','0','0','0','0','0','0','0','0','0','0','0','0','0','0','0','0','0','0','0','0','0','0','0','0','0','0','0','0','0','0','0','','','1'),
('273498','8','17159','Anvil','','','','1','1','10','0','0','0','0','0','0','0','0','0','0','0','0','0','0','0','0','0','0','0','0','0','0','0','0','0','0','0','0','0','0','0','0','0','','','1'),
('273681','5','15072','Box','','','','0.6','0','0','0','0','0','0','0','1','0','0','0','0','0','0','0','0','0','0','0','0','0','0','0','0','0','0','0','0','0','0','0','0','0','0','0','','','26365'),
('273682','5','15072','Box','','','','0.85','0','0','0','0','0','0','0','1','0','0','0','0','0','0','0','0','0','0','0','0','0','0','0','0','0','0','0','0','0','0','0','0','0','0','0','','','26365'),
('273683','5','10523','Magic Hat','','','','0.25','0','0','0','0','0','0','0','0','0','0','0','0','0','0','0','0','0','0','0','0','0','0','0','0','0','0','0','0','0','0','0','0','0','0','0','','','26365'),
('273684','5','12699','Magic shoes','','','','0.45','0','0','0','0','0','0','0','0','0','0','0','0','0','0','0','0','0','0','0','0','0','0','0','0','0','0','0','0','0','0','0','0','0','0','0','','','26365'),
('273844','5','44338','Pedestal for the crown','','','','1','0','0','0','0','0','0','0','0','0','0','0','0','0','0','0','0','0','0','0','0','0','0','0','0','0','0','0','0','0','0','0','0','0','0','0','','','1'),
('273849','5','44362','Light','','','','1','0','0','0','0','0','0','0','1','0','0','0','0','0','0','0','0','0','0','0','0','0','0','0','0','0','0','0','0','0','0','0','0','0','0','0','','','25961'),
('273850','5','44363','Shadow','','','','1','0','0','0','0','0','0','0','1','0','0','0','0','0','0','0','0','0','0','0','0','0','0','0','0','0','0','0','0','0','0','0','0','0','0','0','','','25961'),
('269834','43','40131','Alliance Ship','','','','1','1751','1','0','0','0','0','0','0','0','0','0','0','0','0','0','0','0','0','0','0','0','0','0','0','0','0','0','0','0','0','0','0','0','0','0','','','1'),
('269835','5','9288','Mantaray','','','','1','0','0','0','1','0','0','0','0','0','0','0','0','0','0','0','0','0','0','0','0','0','0','0','0','0','0','0','0','0','0','0','0','0','0','0','','','1'),
('269836','43','9008','Horde ship','','','','1','1752','6','0','0','0','0','0','0','0','0','0','0','0','0','0','0','0','0','0','0','0','0','0','0','0','0','0','0','0','0','0','0','0','0','0','','','25549'),
('269837','5','9289','Mantaray','','','','1','0','0','0','1','0','0','0','0','0','0','0','0','0','0','0','0','0','0','0','0','0','0','0','0','0','0','0','0','0','0','0','0','0','0','0','','','25549');

-- Vereesa Windrunner SAI
SET @ENTRY := 121754;
UPDATE `creature_template` SET `AIName`="SmartAI" , `scriptname` ="" WHERE `entry`= @ENTRY;
DELETE FROM `smart_scripts` WHERE `entryorguid`=@ENTRY AND `source_type`=0;
INSERT INTO `smart_scripts` (`entryorguid`,`source_type`,`id`,`link`,`event_type`,`event_phase_mask`,`event_chance`,`event_flags`,`event_param1`,`event_param2`,`event_param3`,`event_param4`,`action_type`,`action_param1`,`action_param2`,`action_param3`,`action_param4`,`action_param5`,`action_param6`,`target_type`,`target_param1`,`target_param2`,`target_param3`,`target_x`,`target_y`,`target_z`,`target_o`,`comment`) VALUES
(@ENTRY,0,0,1,10,0,100,0,1,10,0,0,33,121751,0,0,0,0,0,7,0,0,0,0,0,0,0,"link - say group"),
(@ENTRY,0,1,0,61,0,100,1,0,0,0,0,80,12175400,0,0,0,0,0,1,0,0,0,0,0,0,0,"link - killcredit"),
(@ENTRY,0,2,0,62,0,100,0,21072,0,0,0,85,243270,0,0,0,0,0,7,0,0,0,0,0,0,0,"gossip - CastSpell"),
(@ENTRY,0,3,0,62,0,100,0,21072,1,0,0,85,243270,0,0,0,0,0,7,0,0,0,0,0,0,0,"gossip - CastSpell");

-- Actionlist SAI
SET @ENTRY := 12175400;
DELETE FROM `smart_scripts` WHERE `entryorguid`=@ENTRY AND `source_type`=9;
INSERT INTO `smart_scripts` (`entryorguid`,`source_type`,`id`,`link`,`event_type`,`event_phase_mask`,`event_chance`,`event_flags`,`event_param1`,`event_param2`,`event_param3`,`event_param4`,`action_type`,`action_param1`,`action_param2`,`action_param3`,`action_param4`,`action_param5`,`action_param6`,`target_type`,`target_param1`,`target_param2`,`target_param3`,`target_x`,`target_y`,`target_z`,`target_o`,`comment`) VALUES
(@ENTRY,9,0,0,0,0,100,0,0,0,0,0,1,1,0,0,0,0,0,10,401233,0,0,0,0,0,0,"Set_data - say"),
(@ENTRY,9,1,0,0,0,100,0,9500,11000,0,0,1,1,0,0,0,0,0,10,401232,0,0,0,0,0,0,"Set_data - say"),
(@ENTRY,9,2,0,0,0,100,0,6500,7500,0,0,1,0,0,0,0,0,0,10,401231,0,0,0,0,0,0,"Set_data - say");

REPLACE INTO `creature_text` (`CreatureID`, `GroupID`, `Text`, `Type`, `Probability`, `Sound`, `BroadcastTextId`,`comment`) VALUES 
('121756', '2', 'Argus es nuestro hogar ancestral. NO permitiremos que siga en manos de la Legin.', '12', '100', '88062', '135807', 'Say Boros'),
('121756', '1', 'Vamos, te guiar al Arca de las Luces. Los dems esperan nuestra llegada.', '12', '100', '88061', '135805', 'Say Boros'),
('121756', '0', 'Tu madre y tu padre an viven, Arator. Estoy seguro. Pero por ahora, concntrate en la pelea que se avecina.', '12', '100', '87998', '132489', 'Say Boros'),
('121756', '3', 'El Profeta Velen estar complacido de que respondas a su llamado. Los draenei hemos esperado mucho por este da.', '12', '100', '87999', '133222', 'Say Boros');

-- Conditions generated
DELETE FROM `gossip_menu_option` WHERE `MenuId`=21072;
INSERT INTO `gossip_menu_option` (`MenuId`, `OptionIndex`, `OptionIcon`, `OptionText`, `OptionBroadcastTextId`, `OptionType`, `OptionNpcFlag`, `VerifiedBuild`) VALUES
('21072','0','0','I\'m ready.','137729','1','1','26365'),
('21072','1','0','Send me to Exodar.','0','1','1','26365');

-- Condition for source Smart event condition type Quest taken
DELETE FROM `conditions` WHERE `SourceTypeOrReferenceId`=22 AND `ConditionValue1`=47835 AND `SourceGroup`=1 AND `SourceEntry`=122065 AND `SourceId`=0;
INSERT INTO `conditions` (`SourceTypeOrReferenceId`, `SourceGroup`, `SourceEntry`, `SourceId`, `ElseGroup`, `ConditionTypeOrReference`, `ConditionTarget`, `ConditionValue1`, `ConditionValue2`, `ConditionValue3`, `NegativeCondition`, `ErrorType`, `ErrorTextId`, `ScriptName`, `Comment`) VALUES
(22, 1, 122065, 0, 0, 9, 0, 47835, 0, 0, 0, 0, 0, '', ' Id 0 of Creature SAI for EntryOrGuid 122065 will execute if quest INVALID_QUEST has been taken.');
-- Condition for source Gossip menu option condition type Quest taken
DELETE FROM `conditions` WHERE `SourceTypeOrReferenceId`=15 AND `ConditionValue1`=47867 AND `SourceGroup`=21282 AND `SourceEntry`=1 AND `SourceId`=0;
INSERT INTO `conditions` (`SourceTypeOrReferenceId`, `SourceGroup`, `SourceEntry`, `SourceId`, `ElseGroup`, `ConditionTypeOrReference`, `ConditionTarget`, `ConditionValue1`, `ConditionValue2`, `ConditionValue3`, `NegativeCondition`, `ErrorType`, `ErrorTextId`, `ScriptName`, `Comment`) VALUES
(15, 21282, 1, 0, 0, 9, 0, 47867, 0, 0, 0, 0, 0, '', 'Show gossip menu 21282 option id 1 if quest INVALID_QUEST has been taken.');
-- Condition for source Gossip menu option condition type Quest rewarded
DELETE FROM `conditions` WHERE `SourceTypeOrReferenceId`=15 AND `ConditionValue1`=47867 AND `SourceGroup`=21282 AND `SourceEntry`=2 AND `SourceId`=0;
INSERT INTO `conditions` (`SourceTypeOrReferenceId`, `SourceGroup`, `SourceEntry`, `SourceId`, `ElseGroup`, `ConditionTypeOrReference`, `ConditionTarget`, `ConditionValue1`, `ConditionValue2`, `ConditionValue3`, `NegativeCondition`, `ErrorType`, `ErrorTextId`, `ScriptName`, `Comment`) VALUES
(15, 21282, 2, 0, 0, 8, 0, 47867, 0, 0, 0, 0, 0, '', 'Show gossip menu 21282 option id 2 if quest INVALID_QUEST has been rewarded.');
-- Condition for source Gossip menu option condition type Active world event
DELETE FROM `conditions` WHERE `SourceTypeOrReferenceId`=15 AND `ConditionValue1`=7 AND `SourceGroup`=21282 AND `SourceEntry`=0 AND `SourceId`=0;
INSERT INTO `conditions` (`SourceTypeOrReferenceId`, `SourceGroup`, `SourceEntry`, `SourceId`, `ElseGroup`, `ConditionTypeOrReference`, `ConditionTarget`, `ConditionValue1`, `ConditionValue2`, `ConditionValue3`, `NegativeCondition`, `ErrorType`, `ErrorTextId`, `ScriptName`, `Comment`) VALUES
(15, 21282, 0, 0, 0, 12, 0, 7, 0, 0, 0, 0, 0, '', 'Show gossip menu 21282 option id 0 if active event is 7.');
-- Condition for source Phase condition type Quest rewarded
DELETE FROM `conditions` WHERE `SourceTypeOrReferenceId`=26 AND `ConditionValue1`=47222 AND `SourceGroup`=8655 AND `SourceEntry`=8842 AND `SourceId`=0;
-- Condition for source Smart event condition type Quest taken
DELETE FROM `conditions` WHERE `SourceTypeOrReferenceId`=22  AND `ConditionValue1`=47221 AND `SourceGroup`=1 AND `SourceEntry`=121754 AND `SourceId`=0;
INSERT INTO `conditions` (`SourceTypeOrReferenceId`, `SourceGroup`, `SourceEntry`, `SourceId`, `ElseGroup`, `ConditionTypeOrReference`, `ConditionTarget`, `ConditionValue1`, `ConditionValue2`, `ConditionValue3`, `NegativeCondition`, `ErrorType`, `ErrorTextId`, `ScriptName`, `Comment`) VALUES
(22, 1, 121754, 0, 0, 9, 0, 47221, 0, 0, 0, 0, 0, '', ' Id 0 of Creature SAI for EntryOrGuid 121754 will execute if quest INVALID_QUEST has been taken.');
-- Condition for source Phase condition type Quest objective complete
DELETE FROM `conditions` WHERE `SourceTypeOrReferenceId`=26  AND `ConditionValue1`=290761 AND `SourceGroup`=8657 AND `SourceEntry`=8842 AND `SourceId`=0;
INSERT INTO `conditions` (`SourceTypeOrReferenceId`, `SourceGroup`, `SourceEntry`, `SourceId`, `ElseGroup`, `ConditionTypeOrReference`, `ConditionTarget`, `ConditionValue1`, `ConditionValue2`, `ConditionValue3`, `NegativeCondition`, `ErrorType`, `ErrorTextId`, `ScriptName`, `Comment`) VALUES
(26, 8657, 8842, 0, 0, 48, 0, 290761, 0, 0, 0, 0, 0, '', 'Set Phase to 8657 for area 8842 if quest objective  has been completed.');
-- Condition for source Phase condition type Quest objective complete
DELETE FROM `conditions` WHERE `SourceTypeOrReferenceId`=26  AND `ConditionValue1`=290761 AND `SourceGroup`=8655 AND `SourceEntry`=8842 AND `SourceId`=0;
INSERT INTO `conditions` (`SourceTypeOrReferenceId`, `SourceGroup`, `SourceEntry`, `SourceId`, `ElseGroup`, `ConditionTypeOrReference`, `ConditionTarget`, `ConditionValue1`, `ConditionValue2`, `ConditionValue3`, `NegativeCondition`, `ErrorType`, `ErrorTextId`, `ScriptName`, `Comment`) VALUES
(26, 8655, 8842, 0, 0, 48, 0, 290761, 0, 0, 1, 0, 0, '', 'Set Phase to 8655 for area 8842 if quest objective  has been completed.');
-- Condition for source Gossip menu option condition type Quest rewarded
DELETE FROM `conditions` WHERE `SourceTypeOrReferenceId`=15  AND `ConditionValue1`=47222 AND `SourceGroup`=21072 AND `SourceEntry`=1 AND `SourceId`=0;
INSERT INTO `conditions` (`SourceTypeOrReferenceId`, `SourceGroup`, `SourceEntry`, `SourceId`, `ElseGroup`, `ConditionTypeOrReference`, `ConditionTarget`, `ConditionValue1`, `ConditionValue2`, `ConditionValue3`, `NegativeCondition`, `ErrorType`, `ErrorTextId`, `ScriptName`, `Comment`) VALUES
(15, 21072, 1, 0, 0, 8, 0, 47222, 0, 0, 0, 0, 0, '', 'Show gossip menu 21072 option id 1 if quest INVALID_QUEST has been rewarded.');
-- Condition for source Gossip menu option condition type Quest taken
DELETE FROM `conditions` WHERE `SourceTypeOrReferenceId`=15  AND `ConditionValue1`=47222 AND `SourceGroup`=21072 AND `SourceEntry`=0 AND `SourceId`=0;
INSERT INTO `conditions` (`SourceTypeOrReferenceId`, `SourceGroup`, `SourceEntry`, `SourceId`, `ElseGroup`, `ConditionTypeOrReference`, `ConditionTarget`, `ConditionValue1`, `ConditionValue2`, `ConditionValue3`, `NegativeCondition`, `ErrorType`, `ErrorTextId`, `ScriptName`, `Comment`) VALUES
(15, 21072, 0, 0, 0, 9, 0, 47222, 0, 0, 0, 0, 0, '', 'Show gossip menu 21072 option id 0 if quest INVALID_QUEST has been taken.');
-- Condition for source Gossip menu option condition type Quest not taken
DELETE FROM `conditions` WHERE `SourceTypeOrReferenceId`=15  AND `ConditionValue1`=48440 AND `SourceGroup`=21013 AND `SourceEntry`=0 AND `SourceId`=0;
INSERT INTO `conditions` (`SourceTypeOrReferenceId`, `SourceGroup`, `SourceEntry`, `SourceId`, `ElseGroup`, `ConditionTypeOrReference`, `ConditionTarget`, `ConditionValue1`, `ConditionValue2`, `ConditionValue3`, `NegativeCondition`, `ErrorType`, `ErrorTextId`, `ScriptName`, `Comment`) VALUES
(15, 21013, 0, 0, 0, 14, 0, 48440, 0, 0, 1, 0, 0, '', 'Show gossip menu 21013 option id 0 if quest INVALID_QUEST has not been taken.');
-- Condition for source Quest accept condition type Team
DELETE FROM `conditions` WHERE `SourceTypeOrReferenceId`=19  AND `ConditionValue1`=67 AND `SourceGroup`=0 AND `SourceEntry`=47035 AND `SourceId`=0;
INSERT INTO `conditions` (`SourceTypeOrReferenceId`, `SourceGroup`, `SourceEntry`, `SourceId`, `ElseGroup`, `ConditionTypeOrReference`, `ConditionTarget`, `ConditionValue1`, `ConditionValue2`, `ConditionValue3`, `NegativeCondition`, `ErrorType`, `ErrorTextId`, `ScriptName`, `Comment`) VALUES
(19, 0, 47035, 0, 0, 6, 0, 67, 0, 0, 0, 0, 0, '', 'Show quest Legion Threat: The Missing Mage if player is on the Horde team.');
-- Condition for source Quest accept condition type Team
DELETE FROM `conditions` WHERE `SourceTypeOrReferenceId`=19  AND `ConditionValue1`=469 AND `SourceGroup`=0 AND `SourceEntry`=47221 AND `SourceId`=0;
INSERT INTO `conditions` (`SourceTypeOrReferenceId`, `SourceGroup`, `SourceEntry`, `SourceId`, `ElseGroup`, `ConditionTypeOrReference`, `ConditionTarget`, `ConditionValue1`, `ConditionValue2`, `ConditionValue3`, `NegativeCondition`, `ErrorType`, `ErrorTextId`, `ScriptName`, `Comment`) VALUES
(19, 0, 47221, 0, 0, 6, 0, 469, 0, 0, 0, 0, 0, '', 'Show quest INVALID_QUEST if player is on the Alliance team.');
-- Condition for source Spell click event condition type Quest taken
DELETE FROM `conditions` WHERE `SourceTypeOrReferenceId`=18  AND `ConditionValue1`=47224 AND `SourceGroup`=122052 AND `SourceEntry`=245757 AND `SourceId`=0;
INSERT INTO `conditions` (`SourceTypeOrReferenceId`, `SourceGroup`, `SourceEntry`, `SourceId`, `ElseGroup`, `ConditionTypeOrReference`, `ConditionTarget`, `ConditionValue1`, `ConditionValue2`, `ConditionValue3`, `NegativeCondition`, `ErrorType`, `ErrorTextId`, `ScriptName`, `Comment`) VALUES
(18, 122052, 245757, 0, 0, 9, 0, 47224, 0, 0, 0, 0, 0, '', 'Spellclick unit INVALID_UNIT will cast spell INVALID_SPELL on player if quest INVALID_QUEST has been taken.');
-- Condition for source Spell click event condition type Quest taken
DELETE FROM `conditions` WHERE `SourceTypeOrReferenceId`=18  AND `ConditionValue1`=47224 AND `SourceGroup`=122045 AND `SourceEntry`=250455 AND `SourceId`=0;
INSERT INTO `conditions` (`SourceTypeOrReferenceId`, `SourceGroup`, `SourceEntry`, `SourceId`, `ElseGroup`, `ConditionTypeOrReference`, `ConditionTarget`, `ConditionValue1`, `ConditionValue2`, `ConditionValue3`, `NegativeCondition`, `ErrorType`, `ErrorTextId`, `ScriptName`, `Comment`) VALUES
(18, 122045, 250455, 0, 0, 9, 0, 47224, 0, 0, 0, 0, 0, '', 'Spellclick unit INVALID_UNIT will cast spell INVALID_SPELL on player if quest INVALID_QUEST has been taken.');
-- Condition for source Gossip menu option condition type Quest rewarded
DELETE FROM `conditions` WHERE `SourceTypeOrReferenceId`=15 AND `ConditionValue1`=48440 AND `SourceGroup`=21282 AND `SourceEntry`=2 AND `SourceId`=0;
INSERT INTO `conditions` (`SourceTypeOrReferenceId`, `SourceGroup`, `SourceEntry`, `SourceId`, `ElseGroup`, `ConditionTypeOrReference`, `ConditionTarget`, `ConditionValue1`, `ConditionValue2`, `ConditionValue3`, `NegativeCondition`, `ErrorType`, `ErrorTextId`, `ScriptName`, `Comment`) VALUES
(15, 21282, 2, 0, 0, 8, 0, 48440, 0, 0, 1, 0, 0, '', 'Show gossip menu 21282 option id 2 if quest INVALID_QUEST has been rewarded.');
-- Condition for source Gossip menu option condition type Quest rewarded
DELETE FROM `conditions` WHERE `SourceTypeOrReferenceId`=15 AND `ConditionValue1`=48440 AND `SourceGroup`=21072 AND `SourceEntry`=1 AND `SourceId`=0;
INSERT INTO `conditions` (`SourceTypeOrReferenceId`, `SourceGroup`, `SourceEntry`, `SourceId`, `ElseGroup`, `ConditionTypeOrReference`, `ConditionTarget`, `ConditionValue1`, `ConditionValue2`, `ConditionValue3`, `NegativeCondition`, `ErrorType`, `ErrorTextId`, `ScriptName`, `Comment`) VALUES
(15, 21072, 1, 0, 0, 8, 0, 48440, 0, 0, 1, 0, 0, '', 'Show gossip menu 21072 option id 2 if quest INVALID_QUEST has been rewarded.');
DELETE FROM `conditions` WHERE `SourceTypeOrReferenceId`=26 AND `ConditionValue1`=47835 AND `SourceGroup`=8655 AND `SourceEntry`=8842 AND `SourceId`=0;

REPLACE INTO `phase_area` (`AreaId`, `PhaseId`, `Comment`) VALUES 
('8840', '8654', 'Q47222'),
('8840', '8655', 'Q47222'),
('8840', '8657', 'Q47223'),
('8842', '8654', 'Q47222'),
('8842', '8655', 'Q47222'),
('8842', '8657', 'Q47223');

SET @ENTRY := 12175601;
DELETE FROM `waypoints` WHERE `entry` = @ENTRY; 
INSERT INTO `waypoints`  VALUES 
(@ENTRY,  1 ,-4255.59, -11441.6, 10.3761, 'Comment'),
(@ENTRY,  2 ,-4251.47, -11456.8, 10.7912, 'Comment'),
(@ENTRY,  3 ,-4232.57, -11474.2, 9.22569, 'Comment'),
(@ENTRY,  4 ,-4214.04, -11481.3, 8.97313, 'Comment'),
(@ENTRY,  5 ,-4198.09, -11491.9, 9.23123, 'Comment'),
(@ENTRY,  6 ,-4153.34, -11494.7, 9.49106, 'Comment'),
(@ENTRY,  7 ,-4130.12, -11505.4, 10.5849, 'Comment'),
(@ENTRY,  8 ,-4110.77, -11514.1, 6.64105, 'Comment'),
(@ENTRY,  9 ,-4080.65, -11519.3, -8.88553, 'Comment'),
(@ENTRY,  10 ,-4051.76, -11505.5, -25.8221, 'Comment'),
(@ENTRY,  11 ,-4034.02, -11479.6, -41.7958, 'Comment'),
(@ENTRY,  12 ,-4042.75, -11426, -70.4339, 'Comment'),
(@ENTRY,  13 ,-4073.36, -11408.3, -89.321, 'Comment'),
(@ENTRY,  14 ,-4114.28, -11416.8, -113.899, 'Comment'),
(@ENTRY,  15 ,-4135.4, -11436.2, -130.452, 'Comment'),
(@ENTRY,  16 ,-4137.14, -11464, -130.622, 'Comment'),
(@ENTRY,  17 ,-4122.8, -11477.5, -130.365, 'Comment'),
(@ENTRY,  18 ,-4100.47, -11486.1, -133.96, 'Comment'),
(@ENTRY,  19 ,-4077.21, -11467, -141.384, 'Comment'),
(@ENTRY,  20 ,-4073.31, -11438.1, -141.472, 'Comment'),
(@ENTRY,  21 ,-4087, -11434, -141.452, 'Comment');

SET @ENTRY := 12175600;
DELETE FROM `waypoints` WHERE `entry` = @ENTRY; 
INSERT INTO `waypoints`  VALUES 
(@ENTRY,  1 ,-4243.29, -11344.8, 8.85448, 'Comment'),
(@ENTRY,  2 ,-4248.03, -11348.3, 10.021, 'Comment'),
(@ENTRY,  3 ,-4252.4, -11349.2, 7.34518, 'Comment'),
(@ENTRY,  4 ,-4262.89, -11351.1, 4.70326, 'Comment'),
(@ENTRY,  5 ,-4262.35, -11356.1, 4.91236, 'Comment');

SET @ENTRY := 12175602;
DELETE FROM `waypoints` WHERE `entry` = @ENTRY; 
INSERT INTO `waypoints`  VALUES  
(@ENTRY,  1 ,-4289.28, -11342.1, 10.4099, 'Comment'), 
(@ENTRY,  2 ,-4280.7, -11341.7, 10.1366, 'Comment'),
(@ENTRY,  3 ,-4264.8, -11340.7, 5.3456, 'Comment'),
(@ENTRY,  4 ,-4262.6, -11356.1, 4.90955, 'Comment');

-- Prophet Velen SAI
SET @ENTRY := 120977;
UPDATE `creature_template` SET `AIName`="SmartAI" , `scriptname` ="" WHERE `entry`= @ENTRY;
DELETE FROM `smart_scripts` WHERE `entryorguid`=@ENTRY AND `source_type`=0;
INSERT INTO `smart_scripts` (`entryorguid`,`source_type`,`id`,`link`,`event_type`,`event_phase_mask`,`event_chance`,`event_flags`,`event_param1`,`event_param2`,`event_param3`,`event_param4`,`action_type`,`action_param1`,`action_param2`,`action_param3`,`action_param4`,`action_param5`,`action_param6`,`target_type`,`target_param1`,`target_param2`,`target_param3`,`target_x`,`target_y`,`target_z`,`target_o`,`comment`) VALUES
(@ENTRY,0,0,0,10,0,100,1,1,10,0,0,80,12097700,0,0,0,0,0,1,0,0,0,0,0,0,0,"Npc_AI_BFA"),
(@ENTRY,0,1,0,20,0,100,0,47223,0,0,0,206,5066,0,0,0,0,0,7,0,0,0,0,0,0,0,"QC - Conver"),
(@ENTRY,0,2,0,19,0,100,0,47224,0,0,0,80,@ENTRY*100+01,0,0,0,0,0,1,0,0,0,0,0,0,0,"QA - Actions"),
(@ENTRY,0,3,0,20,0,100,0,47224,0,0,0,206,5710,0,0,0,0,0,7,0,0,0,0,0,0,0,"QC - Conver"),
(@ENTRY,0,4,0,62,0,100,0,21013,0,0,0,85,243785,0,0,0,0,0,7,0,0,0,0,0,0,0,"QC - Conver");

-- Actionlist SAI
SET @ENTRY := 12097700;
DELETE FROM `smart_scripts` WHERE `entryorguid`=@ENTRY AND `source_type`=9;
INSERT INTO `smart_scripts` (`entryorguid`,`source_type`,`id`,`link`,`event_type`,`event_phase_mask`,`event_chance`,`event_flags`,`event_param1`,`event_param2`,`event_param3`,`event_param4`,`action_type`,`action_param1`,`action_param2`,`action_param3`,`action_param4`,`action_param5`,`action_param6`,`target_type`,`target_param1`,`target_param2`,`target_param3`,`target_x`,`target_y`,`target_z`,`target_o`,`comment`) VALUES
(@ENTRY,9,0,0,0,0,100,0,0,0,0,0,1,1,0,0,0,0,0,1,0,0,0,0,0,0,0,"Smart_list_BFA");

-- Actionlist SAI
SET @ENTRY := 12097701;
DELETE FROM `smart_scripts` WHERE `entryorguid`=@ENTRY AND `source_type`=9;
INSERT INTO `smart_scripts` (`entryorguid`,`source_type`,`id`,`link`,`event_type`,`event_phase_mask`,`event_chance`,`event_flags`,`event_param1`,`event_param2`,`event_param3`,`event_param4`,`action_type`,`action_param1`,`action_param2`,`action_param3`,`action_param4`,`action_param5`,`action_param6`,`target_type`,`target_param1`,`target_param2`,`target_param3`,`target_x`,`target_y`,`target_z`,`target_o`,`comment`) VALUES
(@ENTRY,9,0,0,0,0,100,0,1000,2000,0,0,1,0,0,0,0,0,0,10,401153,0,0,0,0,0,0,"Smart_list_BFA"),
(@ENTRY,9,1,0,0,0,100,0,6200,6500,0,0,1,0,0,0,0,0,0,10,401154,0,0,0,0,0,0,"Smart_list_BFA");

--  SAI
SET @ENTRY := 121755;
UPDATE `creature_template` SET `AIName`="SmartAI" , `scriptname` ="" WHERE `entry`= @ENTRY;
DELETE FROM `smart_scripts` WHERE `entryorguid`=@ENTRY AND `source_type`=0;
INSERT INTO `smart_scripts` (`entryorguid`,`source_type`,`id`,`link`,`event_type`,`event_phase_mask`,`event_chance`,`event_flags`,`event_param1`,`event_param2`,`event_param3`,`event_param4`,`action_type`,`action_param1`,`action_param2`,`action_param3`,`action_param4`,`action_param5`,`action_param6`,`target_type`,`target_param1`,`target_param2`,`target_param3`,`target_x`,`target_y`,`target_z`,`target_o`,`comment`) VALUES
(@ENTRY,0,0,0,38,0,100,0,0,1,0,0,1,0,0,0,0,0,0,1,0,0,0,0,0,0,0,"sai");

-- Light Crystal SAI
SET @ENTRY := 122052;
UPDATE `creature_template` SET `AIName`="SmartAI" , `scriptname` ="" WHERE `entry`= @ENTRY;
DELETE FROM `smart_scripts` WHERE `entryorguid`=@ENTRY AND `source_type`=0;
INSERT INTO `smart_scripts` (`entryorguid`,`source_type`,`id`,`link`,`event_type`,`event_phase_mask`,`event_chance`,`event_flags`,`event_param1`,`event_param2`,`event_param3`,`event_param4`,`action_type`,`action_param1`,`action_param2`,`action_param3`,`action_param4`,`action_param5`,`action_param6`,`target_type`,`target_param1`,`target_param2`,`target_param3`,`target_x`,`target_y`,`target_z`,`target_o`,`comment`) VALUES
(@ENTRY,0,0,0,73,0,100,0,0,0,0,0,80,12205200,0,0,0,0,0,1,0,0,0,0,0,0,0,"Npc_AI_BFA");

SET @ENTRY := 12205200;
DELETE FROM `smart_scripts` WHERE `entryorguid`=@ENTRY AND `source_type`=9;
INSERT INTO `smart_scripts` (`entryorguid`,`source_type`,`id`,`link`,`event_type`,`event_phase_mask`,`event_chance`,`event_flags`,`event_param1`,`event_param2`,`event_param3`,`event_param4`,`action_type`,`action_param1`,`action_param2`,`action_param3`,`action_param4`,`action_param5`,`action_param6`,`target_type`,`target_param1`,`target_param2`,`target_param3`,`target_x`,`target_y`,`target_z`,`target_o`,`comment`) VALUES
(@ENTRY,9,0,0,0,0,100,0,0,0,0,0,12,122045,8,0,0,0,0,8,0,0,0,-4077.36,-11421.9,-141.292,5.25606,"Npc_AI_BFA"),
(@ENTRY,9,1,0,0,0,100,0,0,0,0,0,41,122052,500,0,0,0,0,1,0,0,0,0,0,0,0,"Npc_AI_BFA");

SET @ENTRY:= '120977';
DELETE FROM  `creature_text` WHERE `CreatureID`= @ENTRY;
INSERT INTO `creature_text` (`CreatureID`, `GroupID`, `ID`, `Text`, `Type`, `Language`, `Probability`, `Emote`, `Duration`, `Sound`, `BroadcastTextId`, `TextRange`, `comment`) VALUES 
(@ENTRY, '0', '0', '', '12', '0', '100', '0', '0', '87894', '131073', '0', ''), 
(@ENTRY, '1', '0', '', '12', '0', '100', '0', '0', '88056', '135835', '0', ''), 
(@ENTRY, '2', '0', '', '12', '0', '100', '0', '0', '88057', '135838', '0', ''), 
(@ENTRY, '3', '0', '', '12', '0', '100', '0', '0', '88058', '135839', '0', ''), 
(@ENTRY, '4', '0', '', '12', '0', '100', '396', '0', '88059', '135840', '0', ''), 
(@ENTRY, '5', '0', '', '12', '0', '100', '0', '0', '88099', '135862', '0', ''), 
(@ENTRY, '6', '0', '', '12', '0', '100', '0', '0', '88161', '135870', '0', ''), 
(@ENTRY, '7', '0', '', '12', '0', '100', '0', '0', '88162', '135871', '0', ''); 

-- Actionlist SAI
SET @ENTRY := 12204500;
DELETE FROM `smart_scripts` WHERE `entryorguid`=@ENTRY AND `source_type`=9;
INSERT INTO `smart_scripts` (`entryorguid`,`source_type`,`id`,`link`,`event_type`,`event_phase_mask`,`event_chance`,`event_flags`,`event_param1`,`event_param2`,`event_param3`,`event_param4`,`action_type`,`action_param1`,`action_param2`,`action_param3`,`action_param4`,`action_param5`,`action_param6`,`target_type`,`target_param1`,`target_param2`,`target_param3`,`target_x`,`target_y`,`target_z`,`target_o`,`comment`) VALUES
(@ENTRY,9,0,0,0,0,100,0,0,0,0,0,33,120981,0,0,0,0,0,7,0,0,0,0,0,0,0,"SpellHit - killcredit"),
(@ENTRY,9,1,0,0,0,100,0,0,0,0,0,41,500,0,0,0,0,0,1,0,0,0,0,0,0,0,"Npc_AI_BFA");

-- Lightforged Beacon SAI
SET @ENTRY := 122045;
UPDATE `creature_template` SET `AIName`="SmartAI" , `scriptname` ="" WHERE `entry`= @ENTRY;
DELETE FROM `smart_scripts` WHERE `entryorguid`=@ENTRY AND `source_type`=0;
INSERT INTO `smart_scripts` (`entryorguid`,`source_type`,`id`,`link`,`event_type`,`event_phase_mask`,`event_chance`,`event_flags`,`event_param1`,`event_param2`,`event_param3`,`event_param4`,`action_type`,`action_param1`,`action_param2`,`action_param3`,`action_param4`,`action_param5`,`action_param6`,`target_type`,`target_param1`,`target_param2`,`target_param3`,`target_x`,`target_y`,`target_z`,`target_o`,`comment`) VALUES
(@ENTRY,0,0,0,73,0,100,0,0,0,0,0,80,12204500,0,0,0,0,0,1,0,0,0,0,0,0,0,"SpelalHit - action list");

REPLACE INTO `creature_questender` (`id`, `quest`) VALUES
('120977','47223'),
('120977','47224'),
('120978','48513'),
('120978','48605'),
('120978','49293'),
('121263','47104'),
('121263','47134'),
('121263','47182'),
('121263','47287'),
('121263','47994'),
('121754','47221'),
('121754','48506'),
('121756','47222'),
('121756','47867'),
('122065','47835'),
('122065','48507'),
('126389','48560'),
('126389','49224');

REPLACE INTO `creature_queststarter` (`id`, `quest`) VALUES
('120977','47224'),
('120977','48440'),
('120978','48513'),
('120978','48605'),
('120978','49293'),
('121263','47134'),
('121263','47182'),
('121263','47287'),
('121263','47994'),
('121754','47222'),
('121756','47223'),
('122065','47867'),
('125525','48069'),
('126389','49224');

REPLACE INTO `npc_spellclick_spells` (`npc_entry`, `spell_id`, `cast_flags`, `user_type`) VALUES
('122045','250455','1','0'),
('122052','245757','1','0');

REPLACE INTO `quest_template_addon` (`ID`, `MaxLevel`, `AllowableClasses`, `SourceSpellID`, `PrevQuestID`, `NextQuestID`, `ExclusiveGroup`, `RewardMailTemplateID`, `RewardMailDelay`, `RequiredSkillID`, `RequiredSkillPoints`, `RequiredMinRepFaction`, `RequiredMaxRepFaction`, `RequiredMinRepValue`, `RequiredMaxRepValue`, `ProvidedItemCount`, `SpecialFlags`) VALUES
('47104','0','0','0','47554','47134','0','0','0','0','0','0','0','0','0','0','0'),
('47134','0','0','0','47104','47182','0','0','0','0','0','0','0','0','0','0','0'),
('47182','0','0','0','47134','0','0','0','0','0','0','0','0','0','0','0','0'),
('47221','0','0','0','46734','47222','0','0','0','0','0','0','0','0','0','0','0'),
('47222','0','0','0','47221','47223','47222','0','0','0','0','0','0','0','0','0','0'),
('47223','0','0','0','47222','47224','0','0','0','0','0','0','0','0','0','0','0'),
('47224','0','0','0','47223','48440','0','0','0','0','0','0','0','0','0','0','0'),
('47287','0','0','0','47743','0','0','0','0','0','0','0','0','0','0','0','0'),
('47835','0','0','0','46734','47867','0','0','0','0','0','0','0','0','0','0','0'),
('47867','0','0','0','47835','47223','47222','0','0','0','0','0','0','0','0','0','0'),
('47994','0','0','0','47993','48081','0','0','0','0','0','0','0','0','0','0','0'),
('48440','0','0','0','47224','46938','0','0','0','0','0','0','0','0','0','0','0'),
('48513','0','0','0','48461','48605','0','0','0','0','0','0','0','0','0','0','0'),
('48560','0','0','0','47220','49224','-48559','0','0','0','0','0','0','0','0','1','0'),
('48605','0','0','0','48513','49293','0','0','0','0','0','0','0','0','0','0','0'),
('49224','0','0','0','48559','0','0','0','0','0','0','0','0','0','0','0','0'),
('49293','0','0','0','48605','0','0','0','0','0','0','0','0','0','0','0','1');


DELETE FROM `quest_request_items` WHERE `ID` IN (30300,30481,38688,41891,45753,45758,45762,46062,46125,46148,46149,46150,46151,46152,46153,46154,46156,46157,46158);
INSERT INTO `quest_request_items` (`ID`, `EmoteOnComplete`, `EmoteOnIncomplete`, `EmoteOnCompleteDelay`, `EmoteOnIncompleteDelay`, `CompletionText`, `VerifiedBuild`) VALUES
('30300','0','0','0','0','I\'d rather die than live as a mogu prisoner. They are not kind captors.','0'),
('30481','0','0','0','0','You find stones for Rook? Please?','0'),
('38688','0','0','0','0','   , $n?','21249'),
('41891','0','0','0','0','I hope you are not intentionally slowing my search, $r.','21021'),
('45753','0','0','0','0','A diamond ring? Why... why are you bringing this to me?','0'),
('45758','0','0','0','0','You wrote me a song? How thoughtful.','0'),
('45762','0','0','0','0','What have we here?','0'),
('46062','0','0','0','0','Mrglr?','0'),
('46125','1','0','0','0','If I have more resources at my disposal, I can prepare another set of records for you about the history and potential of your weapon. $b$bLeave these resources to me as soon as possible! The Legion must fall!','23420'),
('46148','1','0','0','0','   -...       ,               .$b$b                ,   .$b$b      !   !','24015'),
('46149','1','0','0','0','If I have more resources at my disposal, I can prepare another set of records for you about the history and potential of your weapon. $b$bLeave these resources to me as soon as possible! The Legion must fall!','23360'),
('46150','1','0','0','0','If I have more of the Order\'s resources at my disposal, I will be able to prepare another set of records for you about the history and potential of your weapons. This knowledge will help you to saturate your weapons with a power that nothing can compare to. Bring me those resources as soon as possible! We\'re going to win!','23360'),
('46151','1','0','0','0','If I have more of the Order\'s resources at my disposal, I will prepare a new collection of records for you about the history and potential of your weapons. Bring me those resources as soon as possible! The Legion must fall!','23360'),
('46152','0','0','0','0','With even more order resources, I can scribe further notes about your artifact weapon\'s history and potential.$B$BThis knowledge will be crucial for infusing your weapon with additional power.$B$BBring me those resources as soon as you can. The Legion will cry out in agony as they die!','0'),
('46153','1','0','0','0','If I have more resources at my disposal, I will be able to prepare another set of records for you about the history and potential of your weapon. The Legion must fall!','23360'),
('46154','0','0','0','0','With even more order resources, I can scribe further notes about your artifact weapon\'s history and potential.$B$BThis knowledge will be crucial for infusing your weapon with additional power.$B$BBring me those resources as soon as you can. Balance must be restored!','0'),
('46156','1','0','0','0','If I have more of the Order\'s resources at my disposal, I can prepare another set of records for you about the history and potential of your weapons. From them, you\'ll know how to add even more power to your artifact. Give me those resources as soon as possible! The Legion must fall!','23420'),
('46157','1','0','0','0','If I have more of the Order\'s resources at my disposal, I can prepare another set of records for you about the history and potential of your weapons. You have no idea how much interesting it is! Bring me those resources as soon as possible. There\'s a great wisdom in words - you just have to see it.','23360'),
('46158','1','0','0','0','If I have more of the Order\'s resources at my disposal, I can prepare another set of records for you about the history and potential of your weapons.You\'ll learn from them how to add more power to your artifact. May the winds show us the way to victory!','23420');

DELETE FROM `quest_offer_reward` WHERE `ID` IN (30233,30234,30235,30236,30239,30244,30248,30296,30297,30298,30299,30300,30301,30302,30305,30481,31136,31240,31244,31245,31246,31247,31249,31295,31296,35172,38688,38992,40992,41102,41891,42003,44091,45753,45758,45762,46062,46064,46125,46148,46149,46150,46151,46152,46153,46154,46156,46157,46158);
INSERT INTO `quest_offer_reward` (`ID`, `Emote1`, `Emote2`, `Emote3`, `Emote4`, `EmoteDelay1`, `EmoteDelay2`, `EmoteDelay3`, `EmoteDelay4`, `RewardText`, `VerifiedBuild`) VALUES
('30233','0','0','0','0','0','0','0','0','Yes! Only one Cracklefang remains to terrorize the goats and yaks of the Vale of Eternal Blossoms. As it should be! Thank you for that!$B$BI sure hope no more big nasty wolves turn up. I really don\'t think I\'m going to be able to come up with another name that can live up to that one.','0'),
('30234','0','0','0','0','0','0','0','0','My staff! My gorgeous staff! We shall never part again. I shall lean on you, and you will always be there. And I promise not to poke crocodiles with you anymore.$B$BThank you, friend. Your staff retrieval skills have proved invaluable today!','0'),
('30235','0','0','0','0','0','0','0','0','For the sake of the villagers, I hope he remains at bay for some time.$B$BThank you, my friend.','0'),
('30236','0','0','0','0','0','0','0','0','The spirits may be childlike, but they possess generous mounts of strength for their size. Your victory is no small thing, and is very appreciated.','0'),
('30239','0','0','0','0','0','0','0','0','Lao-Fe the Slavebinder was one of the most spiteful and vicious mogu of his time. May defeating his spirit act as a reminder to all the mogu in the vale of the fate that awaits them if they seek to defile the sacred pools again.$B$BYour strength is unquestionable. You have my respect, $C.','0'),
('30244','0','0','0','0','0','0','0','0','The mantid forces on the wall have been thinned.','0'),
('30248','0','0','0','0','0','0','0','0','Look at you! All proactive and assertive. Looks good on you.','0'),
('30296','0','0','0','0','0','0','0','0','Leader gone. People safe. Rook save village. And friend save village too. Thank you, friend!','0'),
('30297','0','0','0','0','0','0','0','0','Leader gone. People safe. Rook save village. And friend save village too. Thank you, friend!','0'),
('30298','0','0','0','0','0','0','0','0','Their foothold in these ruins shall not last the night.','0'),
('30299','0','0','0','0','0','0','0','0','Your efforts here make all the difference. Thank you so much for your help, friend.','0'),
('30300','0','0','0','0','0','0','0','0','Many of those you saved are back here in camp recovering. You surely have their gratitude, and mine.','0'),
('30301','0','0','0','0','0','0','0','0','Smoke in the distance tells me that you were successful. Good work, $C.','0'),
('30302','0','0','0','0','0','0','0','0','You haven\'t let me down. I won\'t forget that.','0'),
('30305','0','0','0','0','0','0','0','0','You really good friend. Rook like you. Thank you, good friend!','0'),
('30481','0','0','0','0','0','0','0','0','So many! And so shiny! You did real good!$B$BThank you, little friend. Rook like you a lot.','0'),
('31136','0','0','0','0','0','0','0','0','Well fought. I hope to see more of you soon.','0'),
('31240','0','0','0','0','0','0','0','0','Good, you\'re here.$B$BFor a while there, I was wondering if Ren would even deliver the message.','0'),
('31244','0','0','0','0','0','0','0','0','Glad you\'re here. Let\'s get to work.','0'),
('31245','0','0','0','0','0','0','0','0','Ren send you my way? He puts on playful air, but he follows through when it matters. Can\'t hold it against him much.','0'),
('31246','0','0','0','0','0','0','0','0','You come to help Rook?','0'),
('31247','0','0','0','0','0','0','0','0','Well timed. I was just about to go put some recruits through their paces, but I\'d be much more eager to see what you have to offer.','0'),
('31249','0','0','0','0','0','0','0','0','It is strange to be dispatched away from the combat, but Leven is right in that the villagers need our protection. We cannot afford any risks.','0'),
('31295','0','0','0','0','0','0','0','0','Good to see you.$B$BI don\'t know where the mogu mustered all these forces, but we need to hit them hard before they can push their advantage.','0'),
('31296','0','0','0','0','0','0','0','0','Sun is smart to send me the strong ones. I\'d accept nothing else.','0'),
('35172','0','0','0','0','0','0','0','0','We look forward to serving you again.','0'),
('38688','0','0','0','0','0','0','0','0',',    ,      ,        .','21249'),
('38992','1','66','0','0','0','500','0','0','        ,      .          .$b$b         ,  .','21287'),
('40992','0','0','0','0','0','0','0','0','Your skills are... impressive. If it matters at all, I would have taken no pleasure in killing you.$B$BLook, I\'m no fool - noone in their right mind would willingly choose death. I\'ve yet to see what the others clearly see in you, but hey -$B$BAt least I know you can fight.','21108'),
('41102','1','1','66','0','0','0','0','0','With each day that passes I see more of Lord Illidan in you, Master $n. You have sacrificed more than any... and the war is far from over.$B$BWe may not see eye to eye at times, but I trust your capability to lead us to finish our mission - no matter the cost.$B$BNo Illidari in your command is as capable as I, if you ever require my skills just say the word and consider it done.','20994'),
('41891','0','0','0','0','0','0','0','0','','21232'),
('42003','0','0','0','0','0','0','0','0',' ,   ? ,   .$B$B-  -      .      ,          ,   .$B$B      .       ,   .      ,      ','21267'),
('44091','396','396','0','0','0','0','0','0','An attack on the gates of Orgrimmar! Thank goodness you defended the Warchief!$b$bI must inform the Council of Six at once. This is grave news indeed.$b$bPlease, feel free to look around Dalaran. The advantage you seek against the Legion just might turn up.','21737'),
('45753','0','0','0','0','0','0','0','0','Ah, a sigil. From the Abyssal High Council, no less!$B$B<Warlord Gorchuk wipes a bead of sweat from his brow.>$B$BI... I had assumed that it was... that you were... oh, never mind.$B$BFor the Horde!','0'),
('45758','0','0','0','0','0','0','0','0','Ah, I see, it is a hard-earned reward from one of your many battles. Well done, $C!','0'),
('45762','0','0','0','0','0','0','0','0','A sigil from the Abyssal High Council? You\'ve outdone yourself today, $R.$B$BFor the Alliance!','0'),
('46062','0','0','0','0','0','0','0','0','Glrrrrms!','0'),
('46064','0','0','0','0','0','0','0','0','Mrrga mr. Gll-mrrr!','0'),
('46125','1','0','0','0','0','0','0','0','           .$b$b,   .          .$b$b,  !','23420'),
('46148','1','0','0','0','0','0','0','0','     ,  ,      .$b$b,   .      ,     .       .$b$b, !','24015'),
('46149','1','0','0','0','0','0','0','0','           .$b$b,   .          .$b$b,  !','23360'),
('46150','1','0','0','0','0','0','0','0','          .$b$b,   .       .$b$b   !','23360'),
('46151','1','0','0','0','0','0','0','0','         .$b$b,   .       .$b$b,  !','23360'),
('46152','0','0','0','0','0','0','0','0','The order resources you have provided are crucial to further empowering your weapon.$B$BHere, take these notes. Read the research and apply the knowledge you have learned.$B$BOnward to victory!','0'),
('46153','0','0','0','0','0','0','0','0','The order resources you have provided are crucial to further empowering your weapon.$B$BHere, take these notes. Read the research and apply the knowledge you have learned.$B$BVictory will be ours!','0'),
('46154','0','0','0','0','0','0','0','0','The order resources you have provided are crucial to further empowering your weapon.$B$BHere, take these notes. Read the research and apply the knowledge you have learned.$B$BOnward to victory!','0'),
('46156','1','0','0','0','0','0','0','0','          .$b$b,   .          .$b$b,  !','23420'),
('46157','1','0','0','0','0','0','0','0','          .$b$b,   .          .$b$b   !','23360'),
('46158','1','0','0','0','0','0','0','0','          .$b$b,   .          .$b$b     !','23420');
																													
-- Lady Liadrin SAI
SET @ENTRY := 122065;
UPDATE `creature_template` SET `AIName`="SmartAI" , `scriptname` ="" WHERE `entry`= @ENTRY;
DELETE FROM `smart_scripts` WHERE `entryorguid`=@ENTRY AND `source_type`=0;
INSERT INTO `smart_scripts` (`entryorguid`,`source_type`,`id`,`link`,`event_type`,`event_phase_mask`,`event_chance`,`event_flags`,`event_param1`,`event_param2`,`event_param3`,`event_param4`,`action_type`,`action_param1`,`action_param2`,`action_param3`,`action_param4`,`action_param5`,`action_param6`,`target_type`,`target_param1`,`target_param2`,`target_param3`,`target_x`,`target_y`,`target_z`,`target_o`,`comment`) VALUES
(122065,0,0,0,10,0,100,1,1,15,0,0,80,@ENTRY*100+00,2,0,0,0,0,1,0,0,0,0,0,0,0,"Npc_AI_BFA"),
(122065,0,1,0,62,0,100,0,21282,1,0,0,80,@ENTRY*100+01,2,0,0,0,0,1,0,0,0,0,0,0,0,"Npc_AI_BFA"),
(122065,0,2,0,62,0,100,0,21282,2,0,0,62,1750,0,0,0,0,0,7,0,0,0,-4295.41,-11368.2,10.64,5.764124,"Npc_AI_BFA");

DELETE FROM `smart_scripts` WHERE `entryorguid`=12206500 AND `source_type`=9;
INSERT INTO `smart_scripts` (`entryorguid`,`source_type`,`id`,`link`,`event_type`,`event_phase_mask`,`event_chance`,`event_flags`,`event_param1`,`event_param2`,`event_param3`,`event_param4`,`action_type`,`action_param1`,`action_param2`,`action_param3`,`action_param4`,`action_param5`,`action_param6`,`target_type`,`target_param1`,`target_param2`,`target_param3`,`target_x`,`target_y`,`target_z`,`target_o`,`comment`) VALUES
(12206500,9,0,0,0,0,100,0,0,0,0,0,1,3,0,0,0,0,0,10,401234,0,0,0,0,0,0,"Npc_AI_BFA"),
(12206500,9,1,0,0,0,100,0,7000,7500,0,0,1,0,0,0,0,0,0,1,0,0,0,0,0,0,0,"Npc_AI_BFA"),
(12206500,9,2,0,0,0,100,0,6000,6500,0,0,33,121751,0,0,0,0,0,7,0,0,0,0,0,0,0,"Npc_AI_BFA");

DELETE FROM `smart_scripts` WHERE `entryorguid`=12206501 AND `source_type`=9;
INSERT INTO `smart_scripts` (`entryorguid`,`source_type`,`id`,`link`,`event_type`,`event_phase_mask`,`event_chance`,`event_flags`,`event_param1`,`event_param2`,`event_param3`,`event_param4`,`action_type`,`action_param1`,`action_param2`,`action_param3`,`action_param4`,`action_param5`,`action_param6`,`target_type`,`target_param1`,`target_param2`,`target_param3`,`target_x`,`target_y`,`target_z`,`target_o`,`comment`) VALUES
(12206501,9,0,0,0,0,100,0,0,0,0,0,33,121787,0,0,0,0,0,7,0,0,0,0,0,0,0,"Npc_AI_BFA"),
(12206501,9,1,0,0,0,100,0,0,0,0,0,62,1750,0,0,0,0,0,7,0,0,0,-4295.41,-11368.2,10.64,5.764124,"Npc_AI_BFA");

REPLACE INTO `phase_area` (`AreaId`, `PhaseId`, `Comment`) VALUES 
('374', '11695', 'Bladefist Bay (intro argus)'); 

-- Actionlist SAI
DELETE FROM `smart_scripts` WHERE `entryorguid`=12175601 AND `source_type`=9;
INSERT INTO `smart_scripts` (`entryorguid`,`source_type`,`id`,`link`,`event_type`,`event_phase_mask`,`event_chance`,`event_flags`,`event_param1`,`event_param2`,`event_param3`,`event_param4`,`action_type`,`action_param1`,`action_param2`,`action_param3`,`action_param4`,`action_param5`,`action_param6`,`target_type`,`target_param1`,`target_param2`,`target_param3`,`target_x`,`target_y`,`target_z`,`target_o`,`comment`) VALUES
(12175601,9,1,0,0,0,100,0,0,0,0,0,1,1,0,0,0,0,0,1,0,0,0,0,0,0,0,"Smart_list_BFA"),
(12175601,9,2,0,0,0,100,0,4000,4500,0,0,53,1,12175602,0,0,0,0,1,0,0,0,0,0,0,0,"Smart_list_BFA"),
(12175601,9,3,0,0,0,100,0,4500,5500,0,0,11,73630,0,0,0,0,0,1,0,0,0,0,0,0,0,"Smart_list_BFA"),
(12175601,9,4,0,0,0,100,0,0,0,0,0,53,1,12175601,0,0,0,0,1,0,0,0,0,0,0,0,"Smart_list_BFA"),
(12175601,9,5,0,0,0,100,0,0,0,0,0,54,5000,0,0,0,0,0,1,0,0,0,0,0,0,0,"Smart_list_BFA"),
(12175601,9,6,0,0,0,100,0,6000,5000,0,0,1,2,0,0,0,0,0,1,0,0,0,0,0,0,0,"Smart_list_BFA"),
(12175601,9,7,0,0,0,100,0,5000,5000,0,0,206,5335,0,0,0,0,0,7,0,0,0,0,0,0,0,"Smart_list_BFA"),
(12175601,9,8,0,0,0,100,0,0,0,0,0,41,100,0,0,0,0,0,11,121756,10,0,0,0,0,0,"Smart_list_BFA");

-- Actionlist SAI
DELETE FROM `smart_scripts` WHERE `entryorguid`=12175600 AND `source_type`=9;
INSERT INTO `smart_scripts` (`entryorguid`,`source_type`,`id`,`link`,`event_type`,`event_phase_mask`,`event_chance`,`event_flags`,`event_param1`,`event_param2`,`event_param3`,`event_param4`,`action_type`,`action_param1`,`action_param2`,`action_param3`,`action_param4`,`action_param5`,`action_param6`,`target_type`,`target_param1`,`target_param2`,`target_param3`,`target_x`,`target_y`,`target_z`,`target_o`,`comment`) VALUES
(12175600,9,1,0,0,0,100,0,0,0,0,0,1,1,0,0,0,0,0,1,0,0,0,0,0,0,0,"Smart_list_BFA"),
(12175600,9,2,0,0,0,100,0,4000,4500,0,0,53,1,12175600,0,0,0,0,1,0,0,0,0,0,0,0,"Smart_list_BFA"),
(12175600,9,3,0,0,0,100,0,4500,5500,0,0,11,73630,0,0,0,0,0,1,0,0,0,0,0,0,0,"Smart_list_BFA"),
(12175600,9,4,0,0,0,100,0,0,0,0,0,53,1,12175601,0,0,0,0,1,0,0,0,0,0,0,0,"Smart_list_BFA"),
(12175600,9,5,0,0,0,100,0,0,0,0,0,54,5000,0,0,0,0,0,1,0,0,0,0,0,0,0,"Smart_list_BFA"),
(12175600,9,6,0,0,0,100,0,6000,5000,0,0,1,2,0,0,0,0,0,1,0,0,0,0,0,0,0,"Smart_list_BFA"),
(12175600,9,7,0,0,0,100,0,5000,5000,0,0,206,5335,0,0,0,0,0,7,0,0,0,0,0,0,0,"Smart_list_BFA"),
(12175600,9,8,0,0,0,100,0,0,0,0,0,41,100,0,0,0,0,0,11,121756,10,0,0,0,0,0,"Smart_list_BFA");

-- Vindicator Boros SAI
SET @GUID := -401050;
UPDATE `creature_template` SET `AIName`="SmartAI" , `scriptname` ="" WHERE `entry`= 121756;
DELETE FROM `smart_scripts` WHERE `entryorguid`=@GUID AND `source_type`=0;
INSERT INTO `smart_scripts` (`entryorguid`,`source_type`,`id`,`link`,`event_type`,`event_phase_mask`,`event_chance`,`event_flags`,`event_param1`,`event_param2`,`event_param3`,`event_param4`,`action_type`,`action_param1`,`action_param2`,`action_param3`,`action_param4`,`action_param5`,`action_param6`,`target_type`,`target_param1`,`target_param2`,`target_param3`,`target_x`,`target_y`,`target_z`,`target_o`,`comment`) VALUES
(@GUID,0,0,0,19,0,100,0,47223,0,0,0,80,12175601,2,0,0,0,0,1,0,0,0,0,0,0,0,"");

-- Vindicator Boros SAI
SET @GUID := -401102;
UPDATE `creature_template` SET `AIName`="SmartAI" , `scriptname` ="" WHERE `entry`= 121756;
DELETE FROM `smart_scripts` WHERE `entryorguid`=@GUID AND `source_type`=0;
INSERT INTO `smart_scripts` (`entryorguid`,`source_type`,`id`,`link`,`event_type`,`event_phase_mask`,`event_chance`,`event_flags`,`event_param1`,`event_param2`,`event_param3`,`event_param4`,`action_type`,`action_param1`,`action_param2`,`action_param3`,`action_param4`,`action_param5`,`action_param6`,`target_type`,`target_param1`,`target_param2`,`target_param3`,`target_x`,`target_y`,`target_z`,`target_o`,`comment`) VALUES
(@GUID,0,0,0,19,0,100,0,47223,0,0,0,80,12175600,2,0,0,0,0,1,0,0,0,0,0,0,0,"");

-- Vindicator Boros SAI
UPDATE `creature_template` SET `AIName`="SmartAI" , `scriptname` ="" WHERE `entry`= @ENTRY;
DELETE FROM `smart_scripts` WHERE `entryorguid`=121756 AND `source_type`=0;			

REPLACE INTO `gameobject_template_addon` (`entry`, `faction`, `flags`, `mingold`, `maxgold`, `WorldEffectID`) VALUES
('269834','0','1048864','0','0','0'),
('269835','0','32','0','0','0'),
('269837','0','32','0','0','0'),
('269901','0','32','0','0','0'),
('269902','0','32','0','0','0');