REPLACE INTO `quest_template` (`ID`, `QuestType`, `QuestLevel`, `ScalingFactionGroup`, `MaxScalingLevel`, `QuestPackageID`, `MinLevel`, `QuestSortID`, `QuestInfoID`, `SuggestedGroupNum`, `RewardNextQuest`, `RewardXPDifficulty`, `RewardXPMultiplier`, `RewardMoney`, `RewardMoneyDifficulty`, `RewardMoneyMultiplier`, `RewardBonusMoney`, `RewardDisplaySpell1`, `RewardDisplaySpell2`, `RewardDisplaySpell3`, `RewardSpell`, `RewardHonor`, `RewardKillHonor`, `StartItem`, `RewardArtifactXPDifficulty`, `RewardArtifactXPMultiplier`, `RewardArtifactCategoryID`, `Flags`, `FlagsEx`, `FlagsEx2`, `RewardItem1`, `RewardAmount1`, `RewardItem2`, `RewardAmount2`, `RewardItem3`, `RewardAmount3`, `RewardItem4`, `RewardAmount4`, `ItemDrop1`, `ItemDropQuantity1`, `ItemDrop2`, `ItemDropQuantity2`, `ItemDrop3`, `ItemDropQuantity3`, `ItemDrop4`, `ItemDropQuantity4`, `RewardChoiceItemID1`, `RewardChoiceItemQuantity1`, `RewardChoiceItemDisplayID1`, `RewardChoiceItemID2`, `RewardChoiceItemQuantity2`, `RewardChoiceItemDisplayID2`, `RewardChoiceItemID3`, `RewardChoiceItemQuantity3`, `RewardChoiceItemDisplayID3`, `RewardChoiceItemID4`, `RewardChoiceItemQuantity4`, `RewardChoiceItemDisplayID4`, `RewardChoiceItemID5`, `RewardChoiceItemQuantity5`, `RewardChoiceItemDisplayID5`, `RewardChoiceItemID6`, `RewardChoiceItemQuantity6`, `RewardChoiceItemDisplayID6`, `POIContinent`, `POIx`, `POIy`, `POIPriority`, `RewardTitle`, `RewardArenaPoints`, `RewardSkillLineID`, `RewardNumSkillUps`, `PortraitGiver`, `PortraitGiverMount`, `PortraitTurnIn`, `RewardFactionID1`, `RewardFactionValue1`, `RewardFactionOverride1`, `RewardFactionCapIn1`, `RewardFactionID2`, `RewardFactionValue2`, `RewardFactionOverride2`, `RewardFactionCapIn2`, `RewardFactionID3`, `RewardFactionValue3`, `RewardFactionOverride3`, `RewardFactionCapIn3`, `RewardFactionID4`, `RewardFactionValue4`, `RewardFactionOverride4`, `RewardFactionCapIn4`, `RewardFactionID5`, `RewardFactionValue5`, `RewardFactionOverride5`, `RewardFactionCapIn5`, `RewardFactionFlags`, `RewardCurrencyID1`, `RewardCurrencyQty1`, `RewardCurrencyID2`, `RewardCurrencyQty2`, `RewardCurrencyID3`, `RewardCurrencyQty3`, `RewardCurrencyID4`, `RewardCurrencyQty4`, `AcceptedSoundKitID`, `CompleteSoundKitID`, `AreaGroupID`, `TimeAllowed`, `AllowableRaces`, `TreasurePickerID`, `Expansion`, `ManagedWorldStateID`, `QuestSessionBonus`, `LogTitle`, `LogDescription`, `QuestDescription`, `AreaDescription`, `PortraitGiverText`, `PortraitGiverName`, `PortraitTurnInText`, `PortraitTurnInName`, `QuestCompletionLog`, `VerifiedBuild`) VALUES
('47221','2','-1','0','110','0','110','8574','0','0','47222','0','1','19400','1','1','0','0','0','0','0','0','0','0','0','1','0','39321856','0','0','0','0','0','0','0','0','0','0','0','0','0','0','0','0','0','0','0','0','0','0','0','0','0','0','0','0','0','0','0','0','0','0','0','0','0','0','0','0','0','0','0','0','0','0','0','0','0','0','7','0','0','0','7','0','0','0','7','0','0','0','7','0','0','0','7','0','0','0','0','0','0','0','0','0','890','878','0','0','18446744073709551615','0','6','0','0','The Hand of Fate','Meet your escort to the Exodar at Stormwind Harbor.','$p,\n\nWe have won many battles against the Burning Legion, but it is time to end this war once and for all. \n\nFinal preparations have begun to depart for Argus.\n\nMake haste to Stormwind Harbor. A ship awaits you there to grant you and your allies passage to Azuremyst.','','','','','','','28153'),
('58877','2','-1','0','120','0','55','12952','0','0','0','3','1','117000','3','1','109750','0','0','0','0','0','0','0','0','1','0','33554432','0','0','0','0','0','0','0','0','0','0','0','0','0','0','0','0','0','0','0','0','0','0','0','0','0','0','0','0','0','0','0','0','0','0','0','0','0','0','0','0','0','0','0','0','0','0','0','0','0','0','7','0','0','0','7','0','0','0','7','0','0','0','7','0','0','0','7','0','0','0','0','0','0','0','0','0','890','878','0','0','4278220800','0','7','0','0','Death\'s Power Grows','Swear fealty to the Lich King.','Listen closely, $n. A time of great destruction lies on the horizon that will challenge our very existence. Now more than ever, we must rise to the defense of Azeroth.\n\nIt is for this reason I have expanded the ranks of my champions to include the $r. Your sacrifice sets you apart from all others. Hold your head high. Forevermore, you will be a death knight of the Ebon Blade.\n\nNow swear your fealty.','','','','','','','33528'),
('58902','2','-1','0','120','0','55','12952','0','0','0','3','1','117000','3','1','109750','317464','0','0','317464','0','0','0','0','1','0','35717120','10240','0','0','0','0','0','0','0','0','0','0','0','0','0','0','0','0','0','0','0','0','0','0','0','0','0','0','0','0','0','0','0','0','0','0','0','0','0','0','0','0','0','0','0','0','0','0','0','0','0','7','0','0','0','7','0','0','0','7','0','0','0','7','0','0','0','7','0','0','0','0','0','0','0','0','0','890','878','0','0','18875469','0','7','0','0','Defender of Azeroth','Speak with Highlord Darion Mograine. Then, use the highlord\'s death gate to travel to Stormwind. Once there, make a choice from the Hero\'s Call Board.','An excellent choice.\n\nTroubling times come. As one of the chosen few, it is both your burden and privilege to defend our world. It is a great honor.\n\nBut also know you will be met with the scorn of the ignorant. Oftentimes, mortals are incapable of seeing past our fearsome appearance. Ignore these fools and do what must be done.\n\nSpeak with your commander. Then, use his death gate to travel to the land of the living and choose your destiny.','','','','','','','33528'),
('58903','2','-1','0','120','0','55','12952','0','0','0','3','1','117000','3','1','109750','317464','0','0','317464','0','0','0','0','1','0','35717120','10240','0','0','0','0','0','0','0','0','0','0','0','0','0','0','0','0','0','0','0','0','0','0','0','0','0','0','0','0','0','0','0','0','0','0','0','0','0','0','0','0','0','0','0','0','0','0','0','0','0','7','0','0','0','7','0','0','0','7','0','0','0','7','0','0','0','7','0','0','0','0','0','0','0','0','0','890','878','0','0','33555378','0','7','0','0','Defender of Azeroth','Speak with Highlord Darion Mograine. Then, use the highlord\'s death gate to travel to Orgrimmar. Once there, make a choice from the Warchief\'s Command Board.','An excellent choice.\n\nTroubling times come. As one of the chosen few, it is both your burden and privilege to defend our world. It is a great honor.\n\nBut also know you will be met with the scorn of the ignorant. Oftentimes, mortals are incapable of seeing past our fearsome appearance. Ignore these fools and do what must be done.\n\nSpeak with your commander. Then, use his death gate to travel to the land of the living and choose your destiny.','','','','','','','33528');
REPLACE INTO `quest_template_addon` (`ID`, `MaxLevel`, `AllowableClasses`, `SourceSpellID`, `PrevQuestID`, `NextQuestID`, `ExclusiveGroup`, `RewardMailTemplateID`, `RewardMailDelay`, `RequiredSkillID`, `RequiredSkillPoints`, `RequiredMinRepFaction`, `RequiredMaxRepFaction`, `RequiredMinRepValue`, `RequiredMaxRepValue`, `ProvidedItemCount`, `SpecialFlags`, `ScriptName`) VALUES
('58877','0','0','0','0','58902','0','0','0','0','0','0','0','0','0','0','0',''),
('58902','0','0','0','58877','0','0','0','0','0','0','0','0','0','0','0','0',''),
('58903','0','0','0','58877','0','0','0','0','0','0','0','0','0','0','0','0','');
REPLACE INTO `quest_objectives` (`ID`, `QuestID`, `Type`, `Order`, `StorageIndex`, `ObjectID`, `Amount`, `Flags`, `Flags2`, `ProgressBarWeight`, `Description`, `VerifiedBuild`) VALUES
('387880','58877','0','0','0','162798','1','0','0','0','Jura lealtad al Rey Exánime.','0'),
('387881','58902','2','3','0','281339','1','0','0','0','Tablero de ¡Se busca héroe!','0'),
('387882','58902','0','1','0','161709','1','0','0','0','Habla con el alto señor Darion Mograine','0'),
('387883','58902','0','0','0','163027','1','4','0','0','Escucha a tu comandante','0'),
('387884','58902','0','2','0','162881','1','0','0','0','Portón de la muerte usado','0'),
('387885','58903','2','3','0','281340','1','0','0','0','Tablón de mando del jefe de guerra','0'),
('387886','58903','0','1','0','161709','1','0','0','0','Habla con el alto señor Darion Mograine','0'),
('387887','58903','0','0','0','163027','1','4','0','0','Escucha a tu comandante','0'),
('387888','58903','0','2','0','162881','1','0','0','0','Portón de la muerte usado','0');

--  SAI
SET @ENTRY := 163016;
UPDATE `creature_template` SET `AIName`="SmartAI"  WHERE `entry`= @ENTRY;
DELETE FROM `smart_scripts` WHERE `entryorguid`=@ENTRY AND `source_type`=0;
INSERT INTO `smart_scripts` (`entryorguid`,`source_type`,`id`,`link`,`event_type`,`event_phase_mask`,`event_chance`,`event_flags`,`event_param1`,`event_param2`,`event_param3`,`event_param4`,`action_type`,`action_param1`,`action_param2`,`action_param3`,`action_param4`,`action_param5`,`action_param6`,`target_type`,`target_param1`,`target_param2`,`target_param3`,`target_x`,`target_y`,`target_z`,`target_o`,`comment`) VALUES
(@ENTRY,0,0,0,19,0,100,0,58877,0,0,0,75,316884,1,0,0,0,0,7,0,0,0,0,0,0,0,"Npc_AI_BFA");
REPLACE INTO `gossip_menu_option` (`MenuId`, `OptionIndex`, `OptionText`, `OptionType`, `OptionNpcFlag`, `VerifiedBuild`) VALUES
('161709', '0', 'Reporting for duty', '1', '1', '33062'),
('161709', '1', 'Reporting for duty', '1', '1', '33062');
--  SAI
SET @ENTRY := 161709;
UPDATE `creature_template` SET `AIName`="SmartAI", `gossip_menu_id` = 161709 WHERE `entry`= @ENTRY;
DELETE FROM `smart_scripts` WHERE `entryorguid`=@ENTRY AND `source_type`=0;
INSERT INTO `smart_scripts` (`entryorguid`,`source_type`,`id`,`link`,`event_type`,`event_phase_mask`,`event_chance`,`event_flags`,`event_param1`,`event_param2`,`event_param3`,`event_param4`,`action_type`,`action_param1`,`action_param2`,`action_param3`,`action_param4`,`action_param5`,`action_param6`,`target_type`,`target_param1`,`target_param2`,`target_param3`,`target_x`,`target_y`,`target_z`,`target_o`,`comment`) VALUES
(@ENTRY,0,0,1,62,0,100,0,161709,0,0,0,80,16170900,2,0,0,0,0,1,0,0,0,0,0,0,0,"Npc_AI_BFA"),
(@ENTRY,0,1,0,61,0,100,0,0,0,0,0,12,102959,3,15000,0,0,0,8,0,0,0,530.025,-2124.94,840.857,3.0875,"Npc_AI_BFA"),
(@ENTRY,0,2,3,62,0,100,0,161709,1,0,0,80,16170901,2,0,0,0,0,8,0,0,0,0,0,0,0,"Npc_AI_BFA"),
(@ENTRY,0,3,0,61,0,100,0,0,0,0,0,12,102958,3,15000,0,0,0,8,0,0,0,530.025,-2124.94,840.857,3.0875,"Npc_AI_BFA");
SET @ENTRY := 16170900;
DELETE FROM `smart_scripts` WHERE `entryorguid`=@ENTRY AND `source_type`=9;
INSERT INTO `smart_scripts` (`entryorguid`,`source_type`,`id`,`link`,`event_type`,`event_phase_mask`,`event_chance`,`event_flags`,`event_param1`,`event_param2`,`event_param3`,`event_param4`,`action_type`,`action_param1`,`action_param2`,`action_param3`,`action_param4`,`action_param5`,`action_param6`,`target_type`,`target_param1`,`target_param2`,`target_param3`,`target_x`,`target_y`,`target_z`,`target_o`,`comment`) VALUES
(@ENTRY,9,0,0,0,0,100,0,0,0,0,0,33,161709,0,0,0,0,0,7,0,0,0,0,0,0,0,"Npc_AI_BFA");
SET @ENTRY := 16170901;
DELETE FROM `smart_scripts` WHERE `entryorguid`=@ENTRY AND `source_type`=9;
INSERT INTO `smart_scripts` (`entryorguid`,`source_type`,`id`,`link`,`event_type`,`event_phase_mask`,`event_chance`,`event_flags`,`event_param1`,`event_param2`,`event_param3`,`event_param4`,`action_type`,`action_param1`,`action_param2`,`action_param3`,`action_param4`,`action_param5`,`action_param6`,`target_type`,`target_param1`,`target_param2`,`target_param3`,`target_x`,`target_y`,`target_z`,`target_o`,`comment`) VALUES
(@ENTRY,9,0,0,0,0,100,0,0,0,0,0,33,161709,0,0,0,0,0,7,0,0,0,0,0,0,0,"Npc_AI_BFA");
SET @ENTRY := 102959;
UPDATE `creature_template` SET `AIName`="SmartAI" WHERE `entry`= @ENTRY;
DELETE FROM `smart_scripts` WHERE `entryorguid`=@ENTRY AND `source_type`=0;
INSERT INTO `smart_scripts` (`entryorguid`,`source_type`,`id`,`link`,`event_type`,`event_phase_mask`,`event_chance`,`event_flags`,`event_param1`,`event_param2`,`event_param3`,`event_param4`,`action_type`,`action_param1`,`action_param2`,`action_param3`,`action_param4`,`action_param5`,`action_param6`,`target_type`,`target_param1`,`target_param2`,`target_param3`,`target_x`,`target_y`,`target_z`,`target_o`,`comment`) VALUES
(@ENTRY,0,0,0,73,0,100,0,0,0,0,0,85,316999,2,0,0,0,0,7,0,0,0,0,0,0,0,"Npc_AI_BFA");
SET @ENTRY := 102958;
UPDATE `creature_template` SET `AIName`="SmartAI" WHERE `entry`= @ENTRY;
DELETE FROM `smart_scripts` WHERE `entryorguid`=@ENTRY AND `source_type`=0;
INSERT INTO `smart_scripts` (`entryorguid`,`source_type`,`id`,`link`,`event_type`,`event_phase_mask`,`event_chance`,`event_flags`,`event_param1`,`event_param2`,`event_param3`,`event_param4`,`action_type`,`action_param1`,`action_param2`,`action_param3`,`action_param4`,`action_param5`,`action_param6`,`target_type`,`target_param1`,`target_param2`,`target_param3`,`target_x`,`target_y`,`target_z`,`target_o`,`comment`) VALUES
(@ENTRY,0,0,0,73,0,100,0,0,0,0,0,85,317000,2,0,0,0,0,7,0,0,0,0,0,0,0,"Npc_AI_BFA");
REPLACE INTO `creature_template_model` (`CreatureID`, `Idx`, `CreatureDisplayID`, `DisplayScale`, `Probability`, `VerifiedBuild`) VALUES 
('102958', '0', '27346', '1', '1', '28153'),
('102959', '0', '27346', '1', '1', '28153');
REPLACE INTO `npc_spellclick_spells` (`npc_entry`, `spell_id`, `cast_flags`) VALUES 
('102959', '203489', '1'),
('102958', '203489', '1');
UPDATE `creature_template` SET `name` = 'Death Gate' , `IconName` = 'questinteract' , `minlevel` = '110' , `maxlevel` = '120' , `npcflag` = '16777216' , `BaseAttackTime` = '2000' , `RangeAttackTime` = '2000' , `unit_flags` = '768' , `unit_flags2` = '526336' , `type` = '10' , `type_flags` = '1611661328' , `type_flags2` = '6' , `AIName` = 'SmartAI' WHERE `entry` = '102959'; 
UPDATE `creature_template` SET `name` = 'Death Gate' , `IconName` = 'questinteract' , `minlevel` = '110' , `maxlevel` = '120' , `npcflag` = '16777216' , `BaseAttackTime` = '2000' , `RangeAttackTime` = '2000' , `unit_flags` = '768' , `unit_flags2` = '526336' , `type` = '10' , `type_flags` = '1611661328' , `type_flags2` = '6' , `AIName` = 'SmartAI' WHERE `entry` = '102958'; 
-- Condition for source Gossip menu option condition type Team
DELETE FROM `conditions` WHERE `SourceTypeOrReferenceId`=15 AND `SourceGroup`=161709 AND `ConditionTypeOrReference`=6 AND `ConditionValue1`=67;
INSERT INTO `conditions` (`SourceTypeOrReferenceId`, `SourceGroup`, `SourceEntry`, `SourceId`, `ElseGroup`, `ConditionTypeOrReference`, `ConditionTarget`, `ConditionValue1`, `ConditionValue2`, `ConditionValue3`, `NegativeCondition`, `ErrorType`, `ErrorTextId`, `ScriptName`, `Comment`) VALUES
(15, 161709, 1, 0, 0, 6, 0, 67, 0, 0, 0, 0, 0, '', 'Show gossip menu 161709 option id 0 if player is on the Horde team.');
DELETE FROM `conditions` WHERE `SourceTypeOrReferenceId`=15 AND `SourceGroup`=161709 AND `ConditionTypeOrReference`=6 AND `ConditionValue1`=469;
INSERT INTO `conditions` (`SourceTypeOrReferenceId`, `SourceGroup`, `SourceEntry`, `SourceId`, `ElseGroup`, `ConditionTypeOrReference`, `ConditionTarget`, `ConditionValue1`, `ConditionValue2`, `ConditionValue3`, `NegativeCondition`, `ErrorType`, `ErrorTextId`, `ScriptName`, `Comment`) VALUES
(15, 161709, 0, 0, 0, 6, 0, 469, 0, 0, 0, 0, 0, '', 'Show gossip menu 161709 option id 1 if player is on the Alliance team.');
REPLACE INTO `spell_target_position` (`ID`, `MapID`, `PositionX`, `PositionY`, `PositionZ`, `VerifiedBuild`) VALUES (316999, 0, -9065.88, 432.122, 93.0252, 28153); 
REPLACE INTO `spell_target_position` (`ID`, `MapID`, `PositionX`, `PositionY`, `PositionZ`, `VerifiedBuild`) VALUES (317000, 1, 1383.46, -4370.89, 25.8229, 28153); 

SET @ENTRY := 38038;
UPDATE `creature_template` SET `AIName`="SmartAI" , `scriptname` ="" WHERE `entry`= @ENTRY;
DELETE FROM `smart_scripts` WHERE `entryorguid`=@ENTRY AND `source_type`=0;
INSERT INTO `smart_scripts` (`entryorguid`,`source_type`,`id`,`link`,`event_type`,`event_phase_mask`,`event_chance`,`event_flags`,`event_param1`,`event_param2`,`event_param3`,`event_param4`,`action_type`,`action_param1`,`action_param2`,`action_param3`,`action_param4`,`action_param5`,`action_param6`,`target_type`,`target_param1`,`target_param2`,`target_param3`,`target_x`,`target_y`,`target_z`,`target_o`,`comment`) VALUES
(@ENTRY,0,0,0,8,0,100,0,100,0,0,0,33,44175,0,0,0,0,0,7,0,0,0,0,0,0,0,"Tiki Target - On Spellhit - Charge - Give Quest Credit"),
(@ENTRY,0,1,0,8,0,100,0,56641,0,0,0,33,44175,0,0,0,0,0,7,0,0,0,0,0,0,0,"Tiki Target - On Spellhit - Steady Shot - Give Quest Credit"),
(@ENTRY,0,2,0,8,0,100,0,2098,0,0,0,33,44175,0,0,0,0,0,7,0,0,0,0,0,0,0,"Tiki Target - On Spellhit - Eviscerate - Give Quest Credit"),
(@ENTRY,0,3,0,8,0,100,0,589,0,0,0,33,44175,0,0,0,0,0,7,0,0,0,0,0,0,0,"Tiki Target - On Spellhit - Shadow Word: Pain - Give Quest Credit"),
(@ENTRY,0,4,0,8,0,100,0,73899,0,0,0,33,44175,0,0,0,0,0,7,0,0,0,0,0,0,0,"Tiki Target - On Spellhit - Primal Strike - Give Quest Credit"),
(@ENTRY,0,5,0,8,0,100,0,122,0,0,0,33,44175,0,0,0,0,0,7,0,0,0,0,0,0,0,"Tiki Target - On Spellhit - Frost Nova - Give Quest Credit"),
(@ENTRY,0,6,0,8,0,100,0,172,0,0,0,33,44175,0,0,0,0,0,7,0,0,0,0,0,0,0,"Tiki Target - On Spellhit - Corruption - Give Quest Credit"),
(@ENTRY,0,7,0,8,0,100,0,100787,0,0,0,33,44175,0,0,0,0,0,7,0,0,0,0,0,0,0,"Tiki Target - On Spellhit - Tiger Palm - Give Quest Credit"),
(@ENTRY,0,8,0,8,0,100,0,8921,0,0,0,33,44175,0,0,0,0,0,7,0,0,0,0,0,0,0,"Tiki Target - On Spellhit - Moonfire - Give Quest Credit");

DELETE FROM `creature` WHERE  `guid`=10678497;
DELETE FROM `creature` WHERE  `guid`=10678489;
DELETE FROM `creature` WHERE  `guid`=10678485;
DELETE FROM `creature` WHERE  `guid`=10678402;
DELETE FROM `creature` WHERE  `guid`=10678378;
DELETE FROM `creature` WHERE  `guid`=10678377;
DELETE FROM `creature` WHERE  `guid`=10678376;
DELETE FROM `creature` WHERE  `guid`=10678366;
DELETE FROM `creature` WHERE  `guid`=10678365;
DELETE FROM `creature` WHERE  `guid`=10678364;
DELETE FROM `creature` WHERE  `guid`=10678363;
DELETE FROM `creature` WHERE  `guid`=10678362;
DELETE FROM `creature` WHERE  `guid`=10678361;
DELETE FROM `creature` WHERE  `guid`=10678360;
DELETE FROM `creature` WHERE  `guid`=10678359;
DELETE FROM `creature` WHERE  `guid`=10678358;
DELETE FROM `creature` WHERE  `guid`=10678357;
DELETE FROM `creature` WHERE  `guid`=10678258;
DELETE FROM `creature` WHERE  `guid`=10678243;
DELETE FROM `creature` WHERE  `guid`=10678214;
DELETE FROM `creature` WHERE  `guid`=10678213;
DELETE FROM `creature` WHERE  `guid`=10678212;
DELETE FROM `creature` WHERE  `guid`=10678210;
DELETE FROM `creature` WHERE  `guid`=10678197;
DELETE FROM `creature` WHERE  `guid`=10678662;
DELETE FROM `creature` WHERE  `guid`=10678598;
DELETE FROM `creature` WHERE  `guid`=10678596;
DELETE FROM `creature` WHERE  `guid`=10678592;
DELETE FROM `creature` WHERE  `guid`=10678619;
DELETE FROM `creature` WHERE  `guid`=10678604;
DELETE FROM `creature` WHERE  `guid`=10678602;
DELETE FROM `creature` WHERE  `guid`=10678597;
DELETE FROM `creature` WHERE  `guid`=10678591;
DELETE FROM `creature` WHERE  `guid`=10678648;
DELETE FROM `creature` WHERE  `guid`=10678603;
DELETE FROM `creature` WHERE  `guid`=10678601;
DELETE FROM `creature` WHERE  `guid`=10678666;
DELETE FROM `creature` WHERE  `guid`=10678667;
DELETE FROM `creature` WHERE  `guid`=10678668;
DELETE FROM `creature` WHERE  `guid`=10678669;



SET @ENTRY := 64520;
UPDATE `creature_template` SET `AIName`="SmartAI" , `scriptname` ="" WHERE `entry`= @ENTRY;
DELETE FROM `smart_scripts` WHERE `entryorguid`=@ENTRY AND `source_type`=0;
INSERT INTO `smart_scripts` (`entryorguid`,`source_type`,`id`,`link`,`event_type`,`event_phase_mask`,`event_chance`,`event_flags`,`event_param1`,`event_param2`,`event_param3`,`event_param4`,`action_type`,`action_param1`,`action_param2`,`action_param3`,`action_param4`,`action_param5`,`action_param6`,`target_type`,`target_param1`,`target_param2`,`target_param3`,`target_x`,`target_y`,`target_z`,`target_o`,`comment`) VALUES
(@ENTRY,0,0,1,11,0,100,1,0,0,0,0,11,86603,0,0,0,0,0,1,0,0,0,0,0,0,0,"Shado-Pan Prisoner - On Respawn - Cast 'Spell'"),
(@ENTRY,0,1,0,9,0,100,1,1,10,0,0,33,64520,0,0,0,0,0,17,0,0,0,0,0,0,0,"Shado-Pan Prisoner - Within 0-0 Range - Quest Credit '' (No Repeat)");


UPDATE `playercreateinfo` SET `map`='2297' WHERE  `race`=24 AND `class`=6;
UPDATE `playercreateinfo` SET `map`='2297' WHERE  `race`=25 AND `class`=6;
UPDATE `playercreateinfo` SET `map`='2297' WHERE  `race`=26 AND `class`=6;
UPDATE `playercreateinfo` SET `zone`='12952', `position_x`='456.015', `position_y`='-2123.81', `position_z`='842.279', `orientation`='3.05334' WHERE  `race`=24 AND `class`=6;
UPDATE `playercreateinfo` SET `zone`='12952', `position_x`='456.015', `position_y`='-2123.81', `position_z`='842.279', `orientation`='3.05334' WHERE  `race`=25 AND `class`=6;
UPDATE `playercreateinfo` SET `zone`='12952', `position_x`='456.015', `position_y`='-2123.81', `position_z`='842.279', `orientation`='3.05334' WHERE  `race`=26 AND `class`=6;
