DELETE FROM creature_model_info WHERE DisplayID=91500;
INSERT INTO creature_model_info (DisplayID, BoundingRadius, CombatReach, DisplayID_Other_Gender, VerifiedBuild) VALUES (91500, 1, 1, 0, 34601);
DELETE FROM creature_template_model WHERE CreatureID=152513 AND Idx=0;
INSERT INTO creature_template_model (CreatureID, Idx, CreatureDisplayID, DisplayScale, Probability, VerifiedBuild) VALUES (152513, 0, 91500, 1, 1, 33528);


DELETE FROM creature_model_info WHERE DisplayID=95030;
INSERT INTO creature_model_info (DisplayID, BoundingRadius, CombatReach, DisplayID_Other_Gender, VerifiedBuild) VALUES (95030, 1, 1, 0, 34601);
DELETE FROM creature_template_model WHERE CreatureID=162642 AND Idx=0;
INSERT INTO creature_template_model (CreatureID, Idx, CreatureDisplayID, DisplayScale, Probability, VerifiedBuild) VALUES (162642, 0, 95030, 1, 1, 33528);

DELETE FROM creature_model_info WHERE DisplayID=91536;
INSERT INTO creature_model_info (DisplayID, BoundingRadius, CombatReach, DisplayID_Other_Gender, VerifiedBuild) VALUES (91536, 1, 1, 0, 34601);
DELETE FROM creature_template_model WHERE CreatureID=152586 AND Idx=0;
INSERT INTO creature_template_model (CreatureID, Idx, CreatureDisplayID, DisplayScale, Probability, VerifiedBuild) VALUES (152586, 0, 91536, 1, 1, 33528);

DELETE FROM creature_model_info WHERE DisplayID=91509;
INSERT INTO creature_model_info (DisplayID, BoundingRadius, CombatReach, DisplayID_Other_Gender, VerifiedBuild) VALUES (91509, 1, 1, 0, 34601);
DELETE FROM creature_template_model WHERE CreatureID=152515 AND Idx=0;
INSERT INTO creature_template_model (CreatureID, Idx, CreatureDisplayID, DisplayScale, Probability, VerifiedBuild) VALUES (152515, 0, 91509, 1, 1, 33528);

DELETE FROM creature_model_info WHERE DisplayID=91501;
INSERT INTO creature_model_info (DisplayID, BoundingRadius, CombatReach, DisplayID_Other_Gender, VerifiedBuild) VALUES (91501, 1, 1, 0, 34601);
DELETE FROM creature_template_model WHERE CreatureID=152513 AND Idx=0;
INSERT INTO creature_template_model (CreatureID, Idx, CreatureDisplayID, DisplayScale, Probability, VerifiedBuild) VALUES (152513, 0, 91501, 1, 1, 33528);

DELETE FROM creature_model_info WHERE DisplayID=91510;
INSERT INTO creature_model_info (DisplayID, BoundingRadius, CombatReach, DisplayID_Other_Gender, VerifiedBuild) VALUES (91510, 1, 1, 0, 34601);
DELETE FROM creature_template_model WHERE CreatureID=152515 AND Idx=0;
INSERT INTO creature_template_model (CreatureID, Idx, CreatureDisplayID, DisplayScale, Probability, VerifiedBuild) VALUES (152515, 0, 91510, 1, 1, 33528);

DELETE FROM creature_model_info WHERE DisplayID=91502;
INSERT INTO creature_model_info (DisplayID, BoundingRadius, CombatReach, DisplayID_Other_Gender, VerifiedBuild) VALUES (91502, 1, 1, 0, 34601);
DELETE FROM creature_template_model WHERE CreatureID=152513 AND Idx=0;
INSERT INTO creature_template_model (CreatureID, Idx, CreatureDisplayID, DisplayScale, Probability, VerifiedBuild) VALUES (152513, 0, 91502, 1, 1, 33528);

DELETE FROM creature_model_info WHERE DisplayID=91538;
INSERT INTO creature_model_info (DisplayID, BoundingRadius, CombatReach, DisplayID_Other_Gender, VerifiedBuild) VALUES (91538, 1, 1, 0, 34601);
DELETE FROM creature_template_model WHERE CreatureID=152586 AND Idx=0;
INSERT INTO creature_template_model (CreatureID, Idx, CreatureDisplayID, DisplayScale, Probability, VerifiedBuild) VALUES (152586, 0, 91538, 1, 1, 33528);

DELETE FROM creature_model_info WHERE DisplayID=91511;
INSERT INTO creature_model_info (DisplayID, BoundingRadius, CombatReach, DisplayID_Other_Gender, VerifiedBuild) VALUES (91511, 1, 1, 0, 34601);
DELETE FROM creature_template_model WHERE CreatureID=152515 AND Idx=0;
INSERT INTO creature_template_model (CreatureID, Idx, CreatureDisplayID, DisplayScale, Probability, VerifiedBuild) VALUES (152515, 0, 91511, 1, 1, 33528);

DELETE FROM creature_model_info WHERE DisplayID=91503;
INSERT INTO creature_model_info (DisplayID, BoundingRadius, CombatReach, DisplayID_Other_Gender, VerifiedBuild) VALUES (91503, 1, 1, 0, 34601);
DELETE FROM creature_template_model WHERE CreatureID=152513 AND Idx=0;
INSERT INTO creature_template_model (CreatureID, Idx, CreatureDisplayID, DisplayScale, Probability, VerifiedBuild) VALUES (152513, 0, 91503, 1, 1, 33528);

DELETE FROM creature_model_info WHERE DisplayID=91539;
INSERT INTO creature_model_info (DisplayID, BoundingRadius, CombatReach, DisplayID_Other_Gender, VerifiedBuild) VALUES (91539, 1, 1, 0, 34601);
DELETE FROM creature_template_model WHERE CreatureID=152586 AND Idx=0;
INSERT INTO creature_template_model (CreatureID, Idx, CreatureDisplayID, DisplayScale, Probability, VerifiedBuild) VALUES (152586, 0, 91539, 1, 1, 33528);

DELETE FROM creature_model_info WHERE DisplayID=91512;
INSERT INTO creature_model_info (DisplayID, BoundingRadius, CombatReach, DisplayID_Other_Gender, VerifiedBuild) VALUES (91512, 1, 1, 0, 34601);
DELETE FROM creature_template_model WHERE CreatureID=152515 AND Idx=0;
INSERT INTO creature_template_model (CreatureID, Idx, CreatureDisplayID, DisplayScale, Probability, VerifiedBuild) VALUES (152515, 0, 91512, 1, 1, 33528);

DELETE FROM creature_model_info WHERE DisplayID=91504;
INSERT INTO creature_model_info (DisplayID, BoundingRadius, CombatReach, DisplayID_Other_Gender, VerifiedBuild) VALUES (91504, 1, 1, 0, 34601);
DELETE FROM creature_template_model WHERE CreatureID=152513 AND Idx=0;
INSERT INTO creature_template_model (CreatureID, Idx, CreatureDisplayID, DisplayScale, Probability, VerifiedBuild) VALUES (152513, 0, 91504, 1, 1, 33528);

DELETE FROM creature_model_info WHERE DisplayID=91513;
INSERT INTO creature_model_info (DisplayID, BoundingRadius, CombatReach, DisplayID_Other_Gender, VerifiedBuild) VALUES (91513, 1, 1, 0, 34601);
DELETE FROM creature_template_model WHERE CreatureID=152515 AND Idx=0;
INSERT INTO creature_template_model (CreatureID, Idx, CreatureDisplayID, DisplayScale, Probability, VerifiedBuild) VALUES (152515, 0, 91513, 1, 1, 33528);

DELETE FROM creature_model_info WHERE DisplayID=91505;
INSERT INTO creature_model_info (DisplayID, BoundingRadius, CombatReach, DisplayID_Other_Gender, VerifiedBuild) VALUES (91505, 1, 1, 0, 34601);
DELETE FROM creature_template_model WHERE CreatureID=152513 AND Idx=0;
INSERT INTO creature_template_model (CreatureID, Idx, CreatureDisplayID, DisplayScale, Probability, VerifiedBuild) VALUES (152513, 0, 91505, 1, 1, 33528);

DELETE FROM creature_model_info WHERE DisplayID=91541;
INSERT INTO creature_model_info (DisplayID, BoundingRadius, CombatReach, DisplayID_Other_Gender, VerifiedBuild) VALUES (91541, 1, 1, 0, 34601);
DELETE FROM creature_template_model WHERE CreatureID=152586 AND Idx=0;
INSERT INTO creature_template_model (CreatureID, Idx, CreatureDisplayID, DisplayScale, Probability, VerifiedBuild) VALUES (152586, 0, 91541, 1, 1, 33528);

DELETE FROM creature_model_info WHERE DisplayID=91514;
INSERT INTO creature_model_info (DisplayID, BoundingRadius, CombatReach, DisplayID_Other_Gender, VerifiedBuild) VALUES (91514, 1, 1, 0, 34601);
DELETE FROM creature_template_model WHERE CreatureID=152515 AND Idx=0;
INSERT INTO creature_template_model (CreatureID, Idx, CreatureDisplayID, DisplayScale, Probability, VerifiedBuild) VALUES (152515, 0, 91514, 1, 1, 33528);

DELETE FROM creature_model_info WHERE DisplayID=91506;
INSERT INTO creature_model_info (DisplayID, BoundingRadius, CombatReach, DisplayID_Other_Gender, VerifiedBuild) VALUES (91506, 1, 1, 0, 34601);
DELETE FROM creature_template_model WHERE CreatureID=152513 AND Idx=0;
INSERT INTO creature_template_model (CreatureID, Idx, CreatureDisplayID, DisplayScale, Probability, VerifiedBuild) VALUES (152513, 0, 91506, 1, 1, 33528);


DELETE FROM creature_model_info WHERE DisplayID=91542;
INSERT INTO creature_model_info (DisplayID, BoundingRadius, CombatReach, DisplayID_Other_Gender, VerifiedBuild) VALUES (91542, 1, 1, 0, 34601);
DELETE FROM creature_template_model WHERE CreatureID=152586 AND Idx=0;
INSERT INTO creature_template_model (CreatureID, Idx, CreatureDisplayID, DisplayScale, Probability, VerifiedBuild) VALUES (152586, 0, 91542, 1, 1, 33528);

DELETE FROM creature_model_info WHERE DisplayID=91515;
INSERT INTO creature_model_info (DisplayID, BoundingRadius, CombatReach, DisplayID_Other_Gender, VerifiedBuild) VALUES (91515, 1, 1, 0, 34601);
DELETE FROM creature_template_model WHERE CreatureID=152515 AND Idx=0;
INSERT INTO creature_template_model (CreatureID, Idx, CreatureDisplayID, DisplayScale, Probability, VerifiedBuild) VALUES (152515, 0, 91515, 1, 1, 33528);

DELETE FROM creature_model_info WHERE DisplayID=91507;
INSERT INTO creature_model_info (DisplayID, BoundingRadius, CombatReach, DisplayID_Other_Gender, VerifiedBuild) VALUES (91507, 1, 1, 0, 34601);
DELETE FROM creature_template_model WHERE CreatureID=152513 AND Idx=0;
INSERT INTO creature_template_model (CreatureID, Idx, CreatureDisplayID, DisplayScale, Probability, VerifiedBuild) VALUES (152513, 0, 91507, 1, 1, 33528);


UPDATE `creature_template` SET `faction`='35' WHERE  `entry`=152515;
UPDATE `creature_template` SET `unit_class`='1' WHERE  `entry`=35374;
UPDATE `creature_template` SET `speed_walk`='1' WHERE  `entry`=35374;
UPDATE `creature_template` SET `unit_class`='1' WHERE  `entry`=1687767;

DELETE FROM `spell_loot_template` WHERE `entry` = '253135';
INSERT INTO `spell_loot_template` (`entry`, `Item`, `Reference`, `Chance`, `QuestRequired`, `LootMode`, `GroupId`, `MinCount`, `MaxCount`, `Comment`) VALUES
('253135', '152828', '0', '100', '0', '1', '0', '1', '1', '');


DELETE FROM `spell_loot_template` WHERE `entry` = '291195';
INSERT INTO `spell_loot_template` (`entry`, `Item`, `Reference`, `Chance`, `QuestRequired`, `LootMode`, `GroupId`, `MinCount`, `MaxCount`, `Comment`) VALUES
('291195', '166846', '0', '100', '0', '1', '0', '1', '3', '');

DELETE FROM `spell_loot_template` WHERE `entry` = '296750';
INSERT INTO `spell_loot_template` (`entry`, `Item`, `Reference`, `Chance`, `QuestRequired`, `LootMode`, `GroupId`, `MinCount`, `MaxCount`, `Comment`) VALUES
('296750', '166846', '0', '100', '0', '1', '0', '1', '3', '');












