ALTER TABLE `creature_template` CHANGE `mingold` `mingold` INT(11) UNSIGNED DEFAULT 0 NOT NULL,
CHANGE `maxgold` `maxgold` INT(11) UNSIGNED DEFAULT 0 NOT NULL; 

replace into `creature_template` (`entry`, `difficulty_entry_1`, `difficulty_entry_2`, `difficulty_entry_3`, `KillCredit1`, `KillCredit2`, `name`, `femaleName`, `subname`, `TitleAlt`, `IconName`, `gossip_menu_id`, `minlevel`, `maxlevel`, `HealthScalingExpansion`, `RequiredExpansion`, `VignetteID`, `faction`, `npcflag`, `speed_walk`, `speed_run`, `scale`, `rank`, `dmgschool`, `BaseAttackTime`, `RangeAttackTime`, `BaseVariance`, `RangeVariance`, `unit_class`, `unit_flags`, `unit_flags2`, `unit_flags3`, `dynamicflags`, `family`, `trainer_type`, `trainer_class`, `trainer_race`, `type`, `type_flags`, `type_flags2`, `lootid`, `pickpocketloot`, `skinloot`, `resistance1`, `resistance2`, `resistance3`, `resistance4`, `resistance5`, `resistance6`, `spell1`, `spell2`, `spell3`, `spell4`, `spell5`, `spell6`, `spell7`, `spell8`, `VehicleId`, `mingold`, `maxgold`, `AIName`, `MovementType`, `InhabitType`, `HoverHeight`, `HealthModifier`, `HealthModifierExtra`, `ManaModifier`, `ManaModifierExtra`, `ArmorModifier`, `DamageModifier`, `ExperienceModifier`, `RacialLeader`, `movementId`, `FadeRegionRadius`, `WidgetSetID`, `WidgetSetUnitConditionID`, `RegenHealth`, `mechanic_immune_mask`, `flags_extra`, `ScriptName`, `VerifiedBuild`) values('132253','0','0','0','0','0','Ji\'arak','',NULL,NULL,NULL,'0','120','120','7','0','0','14','0','1','1.14286','2','3','0','2000','2000','1','1','1','0','0','0','0','290','0','0','0','1','2097228','128','132253','0','0','0','0','0','0','0','0','0','0','0','0','0','0','0','0','0','500000','500000','','0','3','1','200','1','1','1','1','1','1','0','203','0','0','0','1','2113912831','0','boss_jiarak','28153');
replace into `creature_template` (`entry`, `difficulty_entry_1`, `difficulty_entry_2`, `difficulty_entry_3`, `KillCredit1`, `KillCredit2`, `name`, `femaleName`, `subname`, `TitleAlt`, `IconName`, `gossip_menu_id`, `minlevel`, `maxlevel`, `HealthScalingExpansion`, `RequiredExpansion`, `VignetteID`, `faction`, `npcflag`, `speed_walk`, `speed_run`, `scale`, `rank`, `dmgschool`, `BaseAttackTime`, `RangeAttackTime`, `BaseVariance`, `RangeVariance`, `unit_class`, `unit_flags`, `unit_flags2`, `unit_flags3`, `dynamicflags`, `family`, `trainer_type`, `trainer_class`, `trainer_race`, `type`, `type_flags`, `type_flags2`, `lootid`, `pickpocketloot`, `skinloot`, `resistance1`, `resistance2`, `resistance3`, `resistance4`, `resistance5`, `resistance6`, `spell1`, `spell2`, `spell3`, `spell4`, `spell5`, `spell6`, `spell7`, `spell8`, `VehicleId`, `mingold`, `maxgold`, `AIName`, `MovementType`, `InhabitType`, `HoverHeight`, `HealthModifier`, `HealthModifierExtra`, `ManaModifier`, `ManaModifierExtra`, `ArmorModifier`, `DamageModifier`, `ExperienceModifier`, `RacialLeader`, `movementId`, `FadeRegionRadius`, `WidgetSetID`, `WidgetSetUnitConditionID`, `RegenHealth`, `mechanic_immune_mask`, `flags_extra`, `ScriptName`, `VerifiedBuild`) values('132701','0','0','0','0','0','T\'zane','','The Soul Terror',NULL,NULL,'0','120','120','7','0','0','14','0','1','1.14286','2','3','0','2000','2000','1','1','4','0','0','0','0','0','0','0','0','15','2097260','65665','132701','0','0','0','0','0','0','0','0','0','0','0','0','0','0','0','0','0','500000','500000','','0','3','1','340','1','1','1','1','1','1','0','203','0','0','0','1','2113912831','0','boss_tzane','28153');
replace into `creature_template` (`entry`, `difficulty_entry_1`, `difficulty_entry_2`, `difficulty_entry_3`, `KillCredit1`, `KillCredit2`, `name`, `femaleName`, `subname`, `TitleAlt`, `IconName`, `gossip_menu_id`, `minlevel`, `maxlevel`, `HealthScalingExpansion`, `RequiredExpansion`, `VignetteID`, `faction`, `npcflag`, `speed_walk`, `speed_run`, `scale`, `rank`, `dmgschool`, `BaseAttackTime`, `RangeAttackTime`, `BaseVariance`, `RangeVariance`, `unit_class`, `unit_flags`, `unit_flags2`, `unit_flags3`, `dynamicflags`, `family`, `trainer_type`, `trainer_class`, `trainer_race`, `type`, `type_flags`, `type_flags2`, `lootid`, `pickpocketloot`, `skinloot`, `resistance1`, `resistance2`, `resistance3`, `resistance4`, `resistance5`, `resistance6`, `spell1`, `spell2`, `spell3`, `spell4`, `spell5`, `spell6`, `spell7`, `spell8`, `VehicleId`, `mingold`, `maxgold`, `AIName`, `MovementType`, `InhabitType`, `HoverHeight`, `HealthModifier`, `HealthModifierExtra`, `ManaModifier`, `ManaModifierExtra`, `ArmorModifier`, `DamageModifier`, `ExperienceModifier`, `RacialLeader`, `movementId`, `FadeRegionRadius`, `WidgetSetID`, `WidgetSetUnitConditionID`, `RegenHealth`, `mechanic_immune_mask`, `flags_extra`, `ScriptName`, `VerifiedBuild`) values('138794','0','0','0','0','0','Dunegorger Kraulok','',NULL,NULL,NULL,'0','120','120','7','0','0','14','0','1','1.14286','2','3','0','2000','2000','1','1','1','0','0','0','0','0','0','0','0','1','2097260','65536','138794','0','0','0','0','0','0','0','0','0','0','0','0','0','0','0','0','0','500000','500000','','0','3','1','150','1','1','1','1','1','1','0','196','0','0','0','1','2113912831','0','boss_dunegorger_kraulok','28153');


replace into `creature` (`guid`, `id`, `map`, `zoneId`, `areaId`, `spawnDifficulties`, `phaseUseFlags`, `PhaseId`, `PhaseGroup`, `terrainSwapMap`, `modelid`, `equipment_id`, `position_x`, `position_y`, `position_z`, `orientation`, `spawntimesecs`, `spawndist`, `currentwaypoint`, `curhealth`, `curmana`, `MovementType`, `npcflag`, `unit_flags`, `unit_flags2`, `unit_flags3`, `dynamicflags`, `ScriptName`, `VerifiedBuild`) values('280007654','132701','1642','0','0','0','0','0','0','-1','0','0','2401.01','1569.5','-0.474919','3.44865','300','0','0','452909','0','0','0','0','0','0','0','','0');
replace into `creature` (`guid`, `id`, `map`, `zoneId`, `areaId`, `spawnDifficulties`, `phaseUseFlags`, `PhaseId`, `PhaseGroup`, `terrainSwapMap`, `modelid`, `equipment_id`, `position_x`, `position_y`, `position_z`, `orientation`, `spawntimesecs`, `spawndist`, `currentwaypoint`, `curhealth`, `curmana`, `MovementType`, `npcflag`, `unit_flags`, `unit_flags2`, `unit_flags3`, `dynamicflags`, `ScriptName`, `VerifiedBuild`) values('2103360742857','132253','1642','0','0','0','0','0','0','-1','0','0','-458.907','-159.342','208.007','5.6501','300','0','0','6318','0','0','0','0','0','0','0','','0');
replace into `creature` (`guid`, `id`, `map`, `zoneId`, `areaId`, `spawnDifficulties`, `phaseUseFlags`, `PhaseId`, `PhaseGroup`, `terrainSwapMap`, `modelid`, `equipment_id`, `position_x`, `position_y`, `position_z`, `orientation`, `spawntimesecs`, `spawndist`, `currentwaypoint`, `curhealth`, `curmana`, `MovementType`, `npcflag`, `unit_flags`, `unit_flags2`, `unit_flags3`, `dynamicflags`, `ScriptName`, `VerifiedBuild`) values('2103360742858','138794','1642','0','0','0','0','0','0','-1','0','0','1801.9','3678.72','70.0947','0.03218','300','0','0','4738','0','0','0','0','0','0','0','','0');

replace into `creature_loot_template` (`Entry`, `Item`, `Reference`, `Chance`, `QuestRequired`, `LootMode`, `GroupId`, `MinCount`, `MaxCount`, `Comment`) values('138794','161399','0','10','0','1','0','1','1',NULL);
replace into `creature_loot_template` (`Entry`, `Item`, `Reference`, `Chance`, `QuestRequired`, `LootMode`, `GroupId`, `MinCount`, `MaxCount`, `Comment`) values('138794','164385','0','10','0','1','0','1','1',NULL);
replace into `creature_loot_template` (`Entry`, `Item`, `Reference`, `Chance`, `QuestRequired`, `LootMode`, `GroupId`, `MinCount`, `MaxCount`, `Comment`) values('138794','161405','0','10','0','1','0','1','1',NULL);
replace into `creature_loot_template` (`Entry`, `Item`, `Reference`, `Chance`, `QuestRequired`, `LootMode`, `GroupId`, `MinCount`, `MaxCount`, `Comment`) values('138794','161404','0','10','0','1','0','1','1',NULL);
replace into `creature_loot_template` (`Entry`, `Item`, `Reference`, `Chance`, `QuestRequired`, `LootMode`, `GroupId`, `MinCount`, `MaxCount`, `Comment`) values('138794','161402','0','10','0','1','0','1','1',NULL);
replace into `creature_loot_template` (`Entry`, `Item`, `Reference`, `Chance`, `QuestRequired`, `LootMode`, `GroupId`, `MinCount`, `MaxCount`, `Comment`) values('138794','161419','0','10','0','1','0','1','1',NULL);
replace into `creature_loot_template` (`Entry`, `Item`, `Reference`, `Chance`, `QuestRequired`, `LootMode`, `GroupId`, `MinCount`, `MaxCount`, `Comment`) values('138794','161400','0','10','0','1','0','1','1',NULL);
replace into `creature_loot_template` (`Entry`, `Item`, `Reference`, `Chance`, `QuestRequired`, `LootMode`, `GroupId`, `MinCount`, `MaxCount`, `Comment`) values('138794','161408','0','10','0','1','0','1','1',NULL);
replace into `creature_loot_template` (`Entry`, `Item`, `Reference`, `Chance`, `QuestRequired`, `LootMode`, `GroupId`, `MinCount`, `MaxCount`, `Comment`) values('138794','161406','0','10','0','1','0','1','1',NULL);

replace into `creature_loot_template` (`Entry`, `Item`, `Reference`, `Chance`, `QuestRequired`, `LootMode`, `GroupId`, `MinCount`, `MaxCount`, `Comment`) values('132253','161403','0','10','0','1','0','1','1',NULL);
replace into `creature_loot_template` (`Entry`, `Item`, `Reference`, `Chance`, `QuestRequired`, `LootMode`, `GroupId`, `MinCount`, `MaxCount`, `Comment`) values('132253','161371','0','10','0','1','0','1','1',NULL);
replace into `creature_loot_template` (`Entry`, `Item`, `Reference`, `Chance`, `QuestRequired`, `LootMode`, `GroupId`, `MinCount`, `MaxCount`, `Comment`) values('132253','161388','0','10','0','1','0','1','1',NULL);
replace into `creature_loot_template` (`Entry`, `Item`, `Reference`, `Chance`, `QuestRequired`, `LootMode`, `GroupId`, `MinCount`, `MaxCount`, `Comment`) values('132253','161394','0','10','0','1','0','1','1',NULL);
replace into `creature_loot_template` (`Entry`, `Item`, `Reference`, `Chance`, `QuestRequired`, `LootMode`, `GroupId`, `MinCount`, `MaxCount`, `Comment`) values('132253','161401','0','10','0','1','0','1','1',NULL);
replace into `creature_loot_template` (`Entry`, `Item`, `Reference`, `Chance`, `QuestRequired`, `LootMode`, `GroupId`, `MinCount`, `MaxCount`, `Comment`) values('132253','161390','0','10','0','1','0','1','1',NULL);
replace into `creature_loot_template` (`Entry`, `Item`, `Reference`, `Chance`, `QuestRequired`, `LootMode`, `GroupId`, `MinCount`, `MaxCount`, `Comment`) values('132253','161409','0','10','0','1','0','1','1',NULL);
replace into `creature_loot_template` (`Entry`, `Item`, `Reference`, `Chance`, `QuestRequired`, `LootMode`, `GroupId`, `MinCount`, `MaxCount`, `Comment`) values('132253','161407','0','10','0','1','0','1','1',NULL);
replace into `creature_loot_template` (`Entry`, `Item`, `Reference`, `Chance`, `QuestRequired`, `LootMode`, `GroupId`, `MinCount`, `MaxCount`, `Comment`) values('132253','164384','0','10','0','1','0','1','1',NULL);
