replace  into `creature`(`guid`,`id`,`map`,`zoneId`,`areaId`,`spawnDifficulties`,`phaseUseFlags`,`PhaseId`,`PhaseGroup`,`terrainSwapMap`,`modelid`,`equipment_id`,`position_x`,`position_y`,`position_z`,`orientation`,`spawntimesecs`,`spawndist`,`currentwaypoint`,`curhealth`,`curmana`,`MovementType`,`npcflag`,`unit_flags`,`unit_flags2`,`unit_flags3`,`dynamicflags`,`ScriptName`,`VerifiedBuild`) values 
(2103360743389908,131566,1642,0,0,'0',0,0,0,-1,0,0,-1091.92,814.61,435.333,2.78806,7200,0,0,0,0,0,0,0,0,0,0,'',31478),
(2103360743389909,145970,1718,10052,10333,'0',0,64938,0,-1,0,0,1016.45,-383.635,-282.913,5.44465,7200,0,0,0,0,0,0,0,0,0,0,'',31478),
(2103360743389910,151354,1718,10052,10333,'0',0,64938,0,-1,0,0,1023.1,-423.267,-281.867,5.35848,7200,0,0,0,0,0,0,0,0,0,0,'',31478),
(2103360743389911,153772,1718,10052,10333,'0',0,64938,0,-1,0,0,988.865,-427.059,-278.956,5.56927,7200,0,0,0,0,0,0,0,0,0,0,'',31478),
(2103360743389912,155300,1718,10052,10333,'0',0,64938,0,-1,0,0,986.096,-435.054,-279.022,0.364943,7200,0,0,0,0,0,0,0,0,0,0,'',31478),
(2103360743389913,155297,1718,10052,10333,'0',0,64938,0,-1,0,0,1054.69,-421.92,-284.907,0.742498,7200,0,0,0,0,0,0,0,0,0,0,'',31478),
(2103360743389914,154450,1718,10052,10333,'0',0,64938,0,-1,0,0,1042.94,-451.441,-280.744,3.54425,7200,0,0,0,0,0,0,0,0,0,0,'',31478),
(2103360743389915,145970,1718,10052,10333,'0',0,64938,0,-1,0,0,1030.32,-411.264,-282.993,5.10511,7200,0,0,0,0,0,0,0,0,0,0,'',31478),
(2103360743389916,155822,1718,10052,10333,'0',0,64938,0,-1,0,0,989.373,-469.727,-237.112,0.591771,7200,0,0,0,0,0,0,0,0,0,0,'',31478),
(2103360743389917,155297,1718,10052,10333,'0',0,64938,0,-1,0,0,1048.78,-411.601,-283.407,0.278862,7200,0,0,0,0,0,0,0,0,0,0,'',31478),
(2103360743389918,72654,1718,10052,10333,'0',0,64938,0,-1,0,0,1002.41,-417.936,-281.195,5.33216,7200,0,0,0,0,0,0,0,0,0,0,'',31478),
(2103360743389919,151952,1718,10052,10333,'0',0,64938,0,-1,0,0,1007.83,-401.863,-285.088,1.00475,7200,10,0,0,0,1,0,0,0,0,0,'',31478),
(2103360743389920,155304,1718,10052,10333,'0',0,64938,0,-1,0,0,1027.42,-416.754,-281.321,2.10745,7200,0,0,0,0,0,0,0,0,0,0,'',31478),
(2103360743389921,152529,1718,10052,10333,'0',0,64938,0,-1,0,0,1020.12,-464.059,-282.106,4.01717,7200,0,0,0,0,0,0,0,0,0,0,'',31478),
(2103360743389922,155297,1718,10052,10333,'0',0,64938,0,-1,0,0,1019.4,-451.913,-281.211,1.27328,7200,0,0,0,0,0,0,0,0,0,0,'',31478),
(2103360743389923,151951,1718,10052,10333,'0',0,64938,0,-1,0,0,1040.64,-437.359,-280.612,2.18299,7200,0,0,0,0,0,0,0,0,0,0,'',31478),
(2103360743389924,155294,1718,10052,10333,'0',0,64938,0,-1,0,0,1042.8,-442.069,-279.437,5.27844,7200,0,0,0,0,0,0,0,0,0,0,'',31478),
(2103360743389925,152084,1718,10052,10333,'0',0,64938,0,-1,0,0,1040.12,-404.352,-282.34,3.53033,7200,0,0,0,0,0,0,0,0,0,0,'',31478),
(2103360743389926,151950,1718,10052,10333,'0',0,64938,0,-1,0,0,1005.44,-467.161,-282.181,1.45031,7200,10,0,0,0,1,0,0,0,0,0,'',31478),
(2103360743389927,151352,1718,10052,10333,'0',0,64938,0,-1,0,0,1025.15,-423.233,-281.416,4.88423,7200,0,0,0,0,0,0,0,0,0,0,'',31478),
(2103360743389928,145337,1718,10052,10333,'0',0,64938,0,-1,0,0,983.257,-437.172,-195.774,3.32902,7200,10,0,0,0,1,0,0,0,0,0,'',31478),
(2103360743389929,154717,1718,10052,10333,'0',0,64938,0,-1,0,0,1061.93,-390.417,-281.139,1.01599,7200,10,0,0,0,1,0,0,0,0,0,'',31478),
(2103360743389930,153839,1718,10052,10333,'0',0,64938,0,-1,0,0,991.962,-424.028,-277.986,5.87929,7200,0,0,0,0,0,0,0,0,0,0,'',31478),
(2103360743389931,151953,1718,10052,10333,'0',0,64938,0,-1,0,0,992.328,-439.646,-278.958,5.77175,7200,0,0,0,0,0,0,0,0,0,0,'',31478),
(2103360743389932,145970,1718,10052,10333,'0',0,64938,0,-1,0,0,1016.9,-387.811,-282.924,1.03489,7200,0,0,0,0,0,0,0,0,0,0,'',31478),
(2103360743389933,152793,1718,10052,10333,'0',0,64938,0,-1,0,0,1027.4,-366.267,-215.733,3.3018,7200,10,0,0,0,1,0,0,0,0,0,'',31478),
(2103360743389934,155302,1718,10052,10333,'0',0,64938,0,-1,0,0,987.734,-434.594,-278.998,3.23891,7200,0,0,0,0,0,0,0,0,0,0,'',31478),
(2103360743389935,156051,1718,10052,10333,'0',0,64938,0,-1,0,0,1052.21,-421.908,-221.162,0,7200,0,0,0,0,0,0,0,0,0,0,'',31478),
(2103360743389936,155295,1718,10052,10333,'0',0,64938,0,-1,0,0,1043.95,-443.328,-279.548,2.40447,7200,0,0,0,0,0,0,0,0,0,0,'',31478),
(2103360743389937,153839,1718,10052,10333,'0',0,33840,0,-1,0,0,991.962,-424.028,-277.986,5.87929,7200,0,0,0,0,0,0,0,0,0,0,'',31478),
(2103360743389938,154459,1718,10052,10333,'0',0,33840,0,-1,0,0,985.802,-464.181,-237.802,5.21432,7200,0,0,0,0,0,0,0,0,0,0,'',31478),
(2103360743389939,151953,1718,10052,10333,'0',0,33840,0,-1,0,0,992.328,-439.646,-278.958,5.77175,7200,0,0,0,0,0,0,0,0,0,0,'',31478),
(2103360743389940,145970,1718,10052,10333,'0',0,33840,0,-1,0,0,1016.9,-387.811,-282.924,1.03489,7200,0,0,0,0,0,0,0,0,0,0,'',31478),
(2103360743389941,152793,1718,10052,10333,'0',0,33840,0,-1,0,0,1039.41,-370.991,-218.022,5.48148,7200,0,0,0,0,0,0,0,0,0,0,'',31478),
(2103360743389942,155302,1718,10052,10333,'0',0,33840,0,-1,0,0,987.734,-434.594,-278.998,3.23891,7200,0,0,0,0,0,0,0,0,0,0,'',31478),
(2103360743389943,156051,1718,10052,10333,'0',0,33840,0,-1,0,0,1052.21,-421.908,-221.162,0,7200,0,0,0,0,0,0,0,0,0,0,'',31478),
(2103360743389944,155295,1718,10052,10333,'0',0,33840,0,-1,0,0,1043.95,-443.328,-279.548,2.40447,7200,0,0,0,0,0,0,0,0,0,0,'',31478),
(2103360743389945,145970,1718,10052,10333,'0',0,33840,0,-1,0,0,1016.45,-383.635,-282.998,5.44465,7200,0,0,0,0,0,0,0,0,0,0,'',31478),
(2103360743389946,151354,1718,10052,10333,'0',0,33840,0,-1,0,0,1023.1,-423.267,-281.867,5.35848,7200,0,0,0,0,0,0,0,0,0,0,'',31478),
(2103360743389947,154459,1718,10052,10333,'0',0,33840,0,-1,0,0,1015.6,-369.936,-282.286,0.541506,7200,0,0,0,0,0,0,0,0,0,0,'',31478),
(2103360743389948,153772,1718,10052,10333,'0',0,33840,0,-1,0,0,988.865,-427.059,-278.956,5.56927,7200,0,0,0,0,0,0,0,0,0,0,'',31478),
(2103360743389949,151851,1718,10052,10333,'0',0,33840,0,-1,0,0,1013.8,-470.373,-282.106,0.870139,7200,0,0,0,0,0,0,0,0,0,0,'',31478),
(2103360743389950,155300,1718,10052,10333,'0',0,33840,0,-1,0,0,986.096,-435.054,-279.022,0.364943,7200,0,0,0,0,0,0,0,0,0,0,'',31478),
(2103360743389951,155297,1718,10052,10333,'0',0,33840,0,-1,0,0,1054.69,-421.92,-284.725,0.742498,7200,0,0,0,0,0,0,0,0,0,0,'',31478),
(2103360743389952,154450,1718,10052,10333,'0',0,33840,0,-1,0,0,1042.94,-451.441,-280.744,3.54425,7200,0,0,0,0,0,0,0,0,0,0,'',31478),
(2103360743389953,154459,1718,10052,10333,'0',0,33840,0,-1,0,0,997.592,-414.186,-282.75,0.541506,7200,0,0,0,0,0,0,0,0,0,0,'',31478),
(2103360743389954,145970,1718,10052,10333,'0',0,33840,0,-1,0,0,1030.32,-411.264,-282.993,5.10511,7200,0,0,0,0,0,0,0,0,0,0,'',31478),
(2103360743389955,151849,1718,10052,10333,'0',0,33840,0,-1,0,0,1015.97,-472.328,-282.106,1.81228,7200,0,0,0,0,0,0,0,0,0,0,'',31478),
(2103360743389956,155822,1718,10052,10333,'0',0,33840,0,-1,0,0,989.373,-469.727,-237.112,0.591771,7200,0,0,0,0,0,0,0,0,0,0,'',31478),
(2103360743389957,155297,1718,10052,10333,'0',0,33840,0,-1,0,0,1048.49,-411.639,-283.281,0.278862,7200,0,0,0,0,0,0,0,0,0,0,'',31478),
(2103360743389958,154459,1718,10052,10333,'0',0,33840,0,-1,0,0,995.303,-442.525,-280.092,0.527732,7200,0,0,0,0,0,0,0,0,0,0,'',31478),
(2103360743389959,72654,1718,10052,10333,'0',0,33840,0,-1,0,0,1002.41,-417.936,-281.195,5.33216,7200,0,0,0,0,0,0,0,0,0,0,'',31478),
(2103360743389960,151952,1718,10052,10333,'0',0,33840,0,-1,0,0,1008.78,-401.02,-285.053,5.147,7200,0,0,0,0,0,0,0,0,0,0,'',31478),
(2103360743389961,155304,1718,10052,10333,'0',0,33840,0,-1,0,0,1027.42,-416.754,-281.321,2.10745,7200,0,0,0,0,0,0,0,0,0,0,'',31478),
(2103360743389962,152529,1718,10052,10333,'0',0,33840,0,-1,0,0,1020.12,-464.059,-282.106,4.01717,7200,0,0,0,0,0,0,0,0,0,0,'',31478),
(2103360743389963,154459,1718,10052,10333,'0',0,33840,0,-1,0,0,1042.01,-425.102,-281.97,0.556328,7200,0,0,0,0,0,0,0,0,0,0,'',31478),
(2103360743389964,155297,1718,10052,10333,'0',0,33840,0,-1,0,0,1019.4,-451.913,-281.211,1.27328,7200,0,0,0,0,0,0,0,0,0,0,'',31478),
(2103360743389965,151848,1718,10052,10333,'0',0,33840,0,-1,0,0,1019.28,-470.729,-282.106,2.40938,7200,0,0,0,0,0,0,0,0,0,0,'',31478),
(2103360743389966,151951,1718,10052,10333,'0',0,33840,0,-1,0,0,1040.64,-437.359,-280.612,2.18299,7200,0,0,0,0,0,0,0,0,0,0,'',31478),
(2103360743389967,155294,1718,10052,10333,'0',0,33840,0,-1,0,0,1042.8,-442.069,-279.437,5.27844,7200,0,0,0,0,0,0,0,0,0,0,'',31478),
(2103360743389968,152084,1718,10052,10333,'0',0,33840,0,-1,0,0,1040.12,-404.352,-282.34,3.53033,7200,0,0,0,0,0,0,0,0,0,0,'',31478),
(2103360743389969,151950,1718,10052,10333,'0',0,33840,0,-1,0,0,1009.51,-459.121,-282.121,0.665152,7200,0,0,0,0,0,0,0,0,0,0,'',31478),
(2103360743389970,151352,1718,10052,10333,'0',0,33840,0,-1,0,0,1025.15,-423.233,-281.498,4.88423,7200,0,0,0,0,0,0,0,0,0,0,'',31478),
(2103360743389971,154459,1718,10052,10333,'0',0,33840,0,-1,0,0,1024.81,-375.819,-282.408,0.954423,7200,0,0,0,0,0,0,0,0,0,0,'',31478),
(2103360743389972,145337,1718,10052,10333,'0',0,33840,0,-1,0,0,983.268,-426.344,-195.936,1.98745,7200,0,0,0,0,0,0,0,0,0,0,'',31478),
(2103360743389973,154459,1718,10052,10333,'0',0,33840,0,-1,0,0,1040.43,-413.345,-282.97,5.73625,7200,0,0,0,0,0,0,0,0,0,0,'',31478),
(2103360743389974,154459,1718,10052,10333,'0',0,33840,0,-1,0,0,1015.6,-369.936,-282.286,0.541506,7200,0,0,0,0,0,0,0,0,0,0,'',31478),
(2103360743389975,151851,1718,10052,10333,'0',0,33840,0,-1,0,0,1013.8,-470.373,-282.106,0.870139,7200,0,0,0,0,0,0,0,0,0,0,'',31478),
(2103360743389976,154459,1718,10052,10333,'0',0,33840,0,-1,0,0,997.592,-414.186,-282.75,0.541506,7200,0,0,0,0,0,0,0,0,0,0,'',31478),
(2103360743389977,151849,1718,10052,10333,'0',0,33840,0,-1,0,0,1015.97,-472.328,-282.106,1.81228,7200,0,0,0,0,0,0,0,0,0,0,'',31478),
(2103360743389978,154459,1718,10052,10333,'0',0,33840,0,-1,0,0,995.303,-442.525,-280.092,0.527732,7200,0,0,0,0,0,0,0,0,0,0,'',31478),
(2103360743389979,154459,1718,10052,10333,'0',0,33840,0,-1,0,0,1042.01,-425.102,-281.97,0.556328,7200,0,0,0,0,0,0,0,0,0,0,'',31478),
(2103360743389980,151848,1718,10052,10333,'0',0,33840,0,-1,0,0,1019.28,-470.729,-282.106,2.40938,7200,0,0,0,0,0,0,0,0,0,0,'',31478),
(2103360743389981,154459,1718,10052,10333,'0',0,33840,0,-1,0,0,1024.81,-375.819,-282.408,0.954423,7200,0,0,0,0,0,0,0,0,0,0,'',31478),
(2103360743389982,154459,1718,10052,10333,'0',0,33840,0,-1,0,0,1040.43,-413.345,-282.97,5.73625,7200,0,0,0,0,0,0,0,0,0,0,'',31478),
(2103360743389983,154459,1718,10052,10333,'0',0,33840,0,-1,0,0,985.802,-464.181,-237.802,5.21432,7200,0,0,0,0,0,0,0,0,0,0,'',31478),
(2103360743389984,151327,1718,10052,10333,'0',0,33840,0,-1,0,0,1053.82,-380.166,-223.786,2.90134,7200,10,0,0,0,1,0,0,0,0,0,'',31478),
(2103360743389985,154459,1718,10052,10333,'0',0,33840,0,-1,0,0,1061.42,-464.339,-282.217,3.49952,7200,0,0,0,0,0,0,0,0,0,0,'',31478),
(2103360743389986,156187,1718,10052,10333,'0',0,33840,0,-1,0,0,1063.14,-467.944,-281.855,2.94036,7200,0,0,0,0,0,0,0,0,0,0,'',31478),
(2103360743389987,155297,1718,10052,10333,'0',0,33840,0,-1,0,0,999.13,-478.417,-276.633,0.259204,7200,0,0,0,0,0,0,0,0,0,0,'',31478),
(2103360743389988,155297,1718,10052,10333,'0',0,33840,0,-1,0,0,1060.9,-468.057,-282.198,3.50929,7200,0,0,0,0,0,0,0,0,0,0,'',31478),
(2103360743389989,155297,1718,10052,10333,'0',0,33840,0,-1,0,0,1059.39,-464.278,-281.988,3.50929,7200,0,0,0,0,0,0,0,0,0,0,'',31478),
(2103360743389990,156051,1718,10052,10333,'0',0,33840,0,-1,0,0,1065.65,-469.398,-219.706,0,7200,0,0,0,0,0,0,0,0,0,0,'',31478),
(2103360743389991,152790,1718,10052,10333,'0',0,33840,0,-1,0,0,1069.47,-373.967,-280.844,5.07869,7200,10,0,0,0,1,0,0,0,0,0,'',31478),
(2103360743389992,145970,1718,10052,10333,'0',0,33840,0,-1,0,0,1037.52,-352.436,-285.113,1.68815,7200,10,0,0,0,1,0,0,0,0,0,'',31478),
(2103360743389993,145970,1718,10052,10333,'0',0,33840,0,-1,0,0,1046.03,-353.505,-282.984,3.3433,7200,0,0,0,0,0,0,0,0,0,0,'',31478),
(2103360743389994,150710,1718,10052,10333,'0',0,33840,0,-1,0,0,1049.81,-356.361,-282.245,1.98362,7200,0,0,0,0,0,0,0,0,0,0,'',31478),
(2103360743389995,145970,1718,10052,10333,'0',0,33840,0,-1,0,0,1043.45,-351.509,-283.325,4.30428,7200,0,0,0,0,0,0,0,0,0,0,'',31478),
(2103360743389996,150376,1718,10052,10333,'0',0,33840,0,-1,0,0,1041.06,-482.723,-188.871,6.1411,7200,10,0,0,0,1,0,0,0,0,0,'',31478),
(2103360743389997,145837,1718,10052,10333,'0',0,33840,0,-1,0,0,1060.15,-476.91,-283.211,3.58685,7200,0,0,0,0,0,0,0,0,0,0,'',31478),
(2103360743389998,145337,1718,10052,10333,'0',0,33840,0,-1,0,0,1084.49,-443.197,-294.293,3.50113,7200,10,0,0,0,1,0,0,0,0,0,'',31478),
(2103360743389999,151915,1718,10052,10333,'0',0,33840,0,-1,0,0,984.99,-473.385,-278.314,4.41446,7200,0,0,0,0,0,0,0,0,0,0,'',31478),
(2103360743390000,121541,1718,10052,10333,'0',0,33840,0,-1,0,0,1011.65,-490.415,-280.985,4.87209,7200,0,0,0,0,0,0,0,0,0,0,'',31478),
(2103360743390001,155297,1718,10052,10333,'0',0,33840,0,-1,0,0,1024.53,-488.116,-282.22,6.24483,7200,0,0,0,0,0,0,0,0,0,0,'',31478),
(2103360743390002,155307,1718,10052,10333,'0',0,33840,0,-1,0,0,1017.27,-492.174,-280.665,6.19899,7200,0,0,0,0,0,0,0,0,0,0,'',31478),
(2103360743390003,154459,1718,10052,10333,'0',0,33840,0,-1,0,0,1016.52,-486.55,-282.182,1.18502,7200,0,0,0,0,0,0,0,0,0,0,'',31478),
(2103360743390004,155305,1718,10052,10333,'0',0,33840,0,-1,0,0,1018.97,-492.021,-280.77,3.32502,7200,0,0,0,0,0,0,0,0,0,0,'',31478),
(2103360743390005,154459,1718,10052,10333,'0',0,33840,0,-1,0,0,956.872,-467.844,-281.247,4.77004,7200,0,0,0,0,0,0,0,0,0,0,'',31478),
(2103360743390006,154815,1718,10052,10333,'0',0,33840,0,-1,0,0,933.777,-412.055,-182.973,4.53425,7200,0,0,0,0,0,0,0,0,0,0,'',31478),
(2103360743390007,154815,1718,10052,10333,'0',0,33840,0,-1,0,0,944.051,-411.923,-181.754,4.21572,7200,0,0,0,0,0,0,0,0,0,0,'',31478),
(2103360743390008,145967,1718,10052,10333,'0',0,33840,0,-1,0,0,938.605,-458.573,-96.3205,1.24806,7200,10,0,0,0,1,0,0,0,0,0,'',31478),
(2103360743390009,151909,1718,10052,10333,'0',0,33840,0,-1,0,0,996.326,-501.96,-281.606,1.00036,7200,0,0,0,0,0,0,0,0,0,0,'',31478),
(2103360743390010,153514,1718,10052,10333,'0',0,33840,0,-1,0,0,1021.96,-501.535,-280.923,2.05417,7200,0,0,0,0,0,0,0,0,0,0,'',31478),
(2103360743390011,150376,1718,10052,10333,'0',0,33840,0,-1,0,0,1029.05,-496.829,-188.598,6.23752,7200,10,0,0,0,1,0,0,0,0,0,'',31478),
(2103360743390012,154321,1718,10052,10333,'0',0,33840,0,-1,0,0,1038.24,-495.734,-282.412,4.01489,7200,0,0,0,0,0,0,0,0,0,0,'',31478),
(2103360743390013,154641,1718,10052,10333,'0',0,33840,0,-1,0,0,1062.76,-480.782,-283.689,2.92045,7200,0,0,0,0,0,0,0,0,0,0,'',31478),
(2103360743390014,154652,1718,10052,10333,'0',0,33840,0,-1,0,0,1061.39,-483.486,-283.964,2.45223,7200,0,0,0,0,0,0,0,0,0,0,'',31478),
(2103360743390015,151633,1718,10052,10333,'0',0,33840,0,-1,0,0,1036.77,-507.858,-282.398,2.01434,7200,0,0,0,0,0,0,0,0,0,0,'',31478),
(2103360743390016,154393,1718,10052,10333,'0',0,33840,0,-1,0,0,1039.95,-498.431,-282.535,3.38744,7200,0,0,0,0,0,0,0,0,0,0,'',31478),
(2103360743390017,156151,1718,10052,10333,'0',0,33840,0,-1,0,0,1025.36,-496.012,-280.981,1.2965,7200,0,0,0,0,0,0,0,0,0,0,'',31478),
(2103360743390018,153512,1718,10052,10333,'0',0,33840,0,-1,0,0,1015.51,-499.762,-281.03,3.20294,7200,10,0,0,0,1,0,0,0,0,0,'',31478),
(2103360743390019,154459,1718,10052,10333,'0',0,33840,0,-1,0,0,1041.08,-491.326,-282.347,2.3745,7200,0,0,0,0,0,0,0,0,0,0,'',31478),
(2103360743390020,154408,1718,10052,10333,'0',0,33840,0,-1,0,0,1027.59,-504.677,-281.303,0.782585,7200,0,0,0,0,0,0,0,0,0,0,'',31478),
(2103360743390021,149913,1718,10052,10333,'0',0,33840,0,-1,0,0,968.32,-503.898,-285.112,2.47195,7200,0,0,0,0,0,0,0,0,0,0,'',31478),
(2103360743390022,155297,1718,10052,10333,'0',0,33840,0,-1,0,0,1060.5,-493.643,-285.184,2.2869,7200,0,0,0,0,0,0,0,0,0,0,'',31478),
(2103360743390023,154459,1718,10052,10333,'0',0,33840,0,-1,0,0,983.123,-508.708,-283.536,2.49835,7200,0,0,0,0,0,0,0,0,0,0,'',31478),
(2103360743390024,152878,1718,10052,10333,'0',0,33840,0,-1,0,0,1051.36,-516.02,-277.769,1.68303,7200,10,0,0,0,1,0,0,0,0,0,'',31478),
(2103360743390025,150696,1718,10052,10333,'0',0,33840,0,-1,0,0,1006.57,-529.005,-188.988,2.45741,7200,10,0,0,0,1,0,0,0,0,0,'',31478),
(2103360743390026,149913,1718,10052,10333,'0',0,33840,0,-1,0,0,973.016,-516.526,-285.075,1.71273,7200,0,0,0,0,0,0,0,0,0,0,'',31478),
(2103360743390027,151332,1718,10052,10333,'0',0,33840,0,-1,0,0,1056.72,-514.469,-279.99,1.60214,7200,0,0,0,0,0,0,0,0,0,0,'',31478),
(2103360743390028,152878,1718,10052,10333,'0',0,33840,0,-1,0,0,1058.71,-513.005,-281.01,3.1282,7200,0,0,0,0,0,0,0,0,0,0,'',31478),
(2103360743390029,155297,1718,10052,10333,'0',0,33840,0,-1,0,0,1065.89,-499.539,-287.06,2.32781,7200,0,0,0,0,0,0,0,0,0,0,'',31478),
(2103360743390030,155297,1718,10052,10333,'0',0,33840,0,-1,0,0,1075.24,-529.79,-277.923,4.54986,7200,0,0,0,0,0,0,0,0,0,0,'',31478),
(2103360743390031,155297,1718,10052,10333,'0',0,33840,0,-1,0,0,1080.8,-514.108,-292.602,6.05559,7200,0,0,0,0,0,0,0,0,0,0,'',31478),
(2103360743390032,154459,1718,10052,10333,'0',0,33840,0,-1,0,0,1078.5,-512.967,-291.542,0.376028,7200,0,0,0,0,0,0,0,0,0,0,'',31478),
(2103360743390033,154459,1718,10052,10333,'0',0,33840,0,-1,0,0,1085.58,-501.158,-290.756,4.67407,7200,0,0,0,0,0,0,0,0,0,0,'',31478),
(2103360743390034,155297,1718,10052,10333,'0',0,33840,0,-1,0,0,1084.98,-502.927,-290.847,5.68414,7200,0,0,0,0,0,0,0,0,0,0,'',31478),
(2103360743390035,149913,1718,10052,10333,'0',0,33840,0,-1,0,0,967.302,-532.066,-284.955,2.47464,7200,0,0,0,0,0,0,0,0,0,0,'',31478),
(2103360743390036,145967,1718,10052,10333,'0',0,33840,0,-1,0,0,1102.43,-489.142,-279.69,0.32069,7200,0,0,0,0,0,0,0,0,0,0,'',31478),
(2103360743390037,145337,1718,10052,10333,'0',0,33840,0,-1,0,0,1105.96,-487.782,-298.96,0.608955,7200,10,0,0,0,1,0,0,0,0,0,'',31478),
(2103360743390038,152790,1718,10052,10333,'0',0,33840,0,-1,0,0,1097.4,-445.492,-295.234,1.88454,7200,10,0,0,0,1,0,0,0,0,0,'',31478),
(2103360743390039,145337,1718,10052,10333,'0',0,33840,0,-1,0,0,1120.6,-533.177,-303.469,0.918315,7200,0,0,0,0,0,0,0,0,0,0,'',31478),
(2103360743390040,145337,1718,10052,10333,'0',0,33840,0,-1,0,0,1118.71,-534.019,-303.031,0.311563,7200,0,0,0,0,0,0,0,0,0,0,'',31478),
(2103360743390041,154725,1718,10052,10333,'0',0,33840,0,-1,0,0,1128.36,-528.027,-304.942,4.79425,7200,10,0,0,0,1,0,0,0,0,0,'',31478),
(2103360743390042,156051,1718,10052,10333,'0',0,33840,0,-1,0,0,1116.03,-555.58,-241.072,0,7200,0,0,0,0,0,0,0,0,0,0,'',31478),
(2103360743390043,145337,1718,10052,10333,'0',0,33840,0,-1,0,0,1145.09,-525.421,-237.25,2.265,7200,0,0,0,0,0,0,0,0,0,0,'',31478),
(2103360743390044,151327,1718,10052,10333,'0',0,33840,0,-1,0,0,1146.9,-510.915,-238.992,0.41771,7200,0,0,0,0,0,0,0,0,0,0,'',31478),
(2103360743390045,150710,1718,10052,10333,'0',0,33840,0,-1,0,0,1149.47,-506.856,-300.458,3.46877,7200,0,0,0,0,0,0,0,0,0,0,'',31478),
(2103360743390046,145967,1718,10052,10333,'0',0,33840,0,-1,0,0,1151.42,-476.81,-283.315,2.25527,7200,10,0,0,0,1,0,0,0,0,0,'',31478),
(2103360743390047,152790,1718,10052,10333,'0',0,33840,0,-1,0,0,1152.29,-550.26,-309.549,5.06408,7200,0,0,0,0,0,0,0,0,0,0,'',31478),
(2103360743390048,145967,1718,10052,10333,'0',0,33840,0,-1,0,0,1155.34,-483.373,-267.867,6.12031,7200,0,0,0,0,0,0,0,0,0,0,'',31478),
(2103360743390049,150696,1718,10052,10333,'0',0,33840,0,-1,0,0,1152.3,-467.829,-283.626,2.3423,7200,0,0,0,0,0,0,0,0,0,0,'',31478),
(2103360743390050,150696,1718,10052,10333,'0',0,33840,0,-1,0,0,1155.34,-483.373,-267.867,6.12031,7200,0,0,0,0,0,0,0,0,0,0,'',31478),
(2103360743390051,150376,1718,10052,10333,'0',0,33840,0,-1,0,0,1164.72,-486.368,-206.574,3.58791,7200,10,0,0,0,1,0,0,0,0,0,'',31478),
(2103360743390052,145967,1718,10052,10333,'0',0,33840,0,-1,0,0,1162.48,-484.806,-283.626,2.55812,7200,0,0,0,0,0,0,0,0,0,0,'',31478),
(2103360743390053,152792,1718,10052,10333,'0',0,33840,0,-1,0,0,1153.94,-551.083,-309.845,4.70533,7200,0,0,0,0,0,0,0,0,0,0,'',31478),
(2103360743390054,150376,1718,10052,10333,'0',0,33840,0,-1,0,0,1162.86,-481.881,-206.256,4.76699,7200,10,0,0,0,1,0,0,0,0,0,'',31478),
(2103360743390055,150376,1718,10052,10333,'0',0,33840,0,-1,0,0,1146.28,-466.775,-282.626,2.00661,7200,0,0,0,0,0,0,0,0,0,0,'',31478),
(2103360743390056,150696,1718,10052,10333,'0',0,33840,0,-1,0,0,1166.22,-489.954,-206.76,3.77603,7200,10,0,0,0,1,0,0,0,0,0,'',31478),
(2103360743390057,150376,1718,10052,10333,'0',0,33840,0,-1,0,0,1166,-485.797,-282.03,4.6333,7200,10,0,0,0,1,0,0,0,0,0,'',31478),
(2103360743390058,145337,1718,10052,10333,'0',0,33840,0,-1,0,0,1182.45,-589.839,-323.932,2.18443,7200,0,0,0,0,0,0,0,0,0,0,'',31478),
(2103360743390059,150376,1718,10052,10333,'0',0,33840,0,-1,0,0,1205.7,-594.623,-316.591,5.30201,7200,0,0,0,0,0,0,0,0,0,0,'',31478),
(2103360743390060,150696,1718,10052,10333,'0',0,33840,0,-1,0,0,1184.17,-651.384,-314.37,3.85722,7200,0,0,0,0,0,0,0,0,0,0,'',31478),
(2103360743390061,145337,1718,10052,10333,'0',0,33840,0,-1,0,0,1220.23,-621.269,-338.293,2.28551,7200,0,0,0,0,0,0,0,0,0,0,'',31478),
(2103360743390062,150710,1718,10052,10333,'0',0,33840,0,-1,0,0,1213.3,-652.59,-335.513,0.897071,7200,0,0,0,0,0,0,0,0,0,0,'',31478),
(2103360743390063,145337,1718,10052,10333,'0',0,33840,0,-1,0,0,1219.3,-620.736,-337.874,3.94802,7200,0,0,0,0,0,0,0,0,0,0,'',31478),
(2103360743390064,145337,1718,10052,10333,'0',0,33840,0,-1,0,0,1217.8,-621.77,-337.614,1.2252,7200,0,0,0,0,0,0,0,0,0,0,'',31478),
(2103360743390065,152297,1718,10052,10333,'0',0,33840,0,-1,0,0,1180.4,-651.309,-327.645,5.77899,7200,0,0,0,0,0,0,0,0,0,0,'',31478),
(2103360743390066,145337,1718,10052,10333,'0',0,33840,0,-1,0,0,1246.92,-649.219,-346.172,3.88138,7200,0,0,0,0,0,0,0,0,0,0,'',31478),
(2103360743390067,145337,1718,10052,10333,'0',0,33840,0,-1,0,0,1242.91,-648.573,-345.358,3.78625,7200,0,0,0,0,0,0,0,0,0,0,'',31478),
(2103360743390068,150710,1718,10052,10333,'0',0,33840,0,-1,0,0,1265.63,-658.641,-343.865,4.69458,7200,0,0,0,0,0,0,0,0,0,0,'',31478),
(2103360743390069,150710,1718,10052,10333,'0',0,33840,0,-1,0,0,1215.84,-718.918,-350.46,0.610378,7200,0,0,0,0,0,0,0,0,0,0,'',31478),
(2103360743390070,152297,1718,10052,10333,'0',0,33840,0,-1,0,0,1226.79,-709.014,-328.294,1.09437,7200,0,0,0,0,0,0,0,0,0,0,'',31478),
(2103360743390071,150696,1718,10052,10333,'0',0,33840,0,-1,0,0,1225.7,-706.91,-331.392,4.51801,7200,0,0,0,0,0,0,0,0,0,0,'',31478),
(2103360743390072,154725,1718,10052,10333,'0',0,33840,0,-1,0,0,1246.5,-711.46,-349.36,5.28476,7200,10,0,0,0,1,0,0,0,0,0,'',31478),
(2103360743390073,150373,1718,10052,10333,'0',0,33840,0,-1,0,0,1220.71,-754.472,-310.074,6.26712,7200,10,0,0,0,1,0,0,0,0,0,'',31478),
(2103360743390074,152297,1718,10052,10333,'0',0,33840,0,-1,0,0,1226.82,-743.411,-337.972,5.92036,7200,0,0,0,0,0,0,0,0,0,0,'',31478),
(2103360743390075,150696,1718,10052,10333,'0',0,33840,0,-1,0,0,1262.34,-712.868,-317.776,3.17759,7200,10,0,0,0,1,0,0,0,0,0,'',31478),
(2103360743390076,152549,1718,10052,10333,'0',0,33840,0,-1,0,0,1233.43,-761.671,-344.199,4.34797,7200,0,0,0,0,0,0,0,0,0,0,'',31478),
(2103360743390077,152565,1718,10052,10333,'0',0,33840,0,-1,0,0,1292.48,-715.646,-349.764,4.4158,7200,0,0,0,0,0,0,0,0,0,0,'',31478),
(2103360743390078,151166,1718,10052,10333,'0',0,33840,0,-1,0,0,1242.75,-758.088,-346.57,3.45345,7200,0,0,0,0,0,0,0,0,0,0,'',31478),
(2103360743390079,150373,1718,10052,10333,'0',0,33840,0,-1,0,0,1247.32,-760.423,-310.033,1.22769,7200,10,0,0,0,1,0,0,0,0,0,'',31478),
(2103360743390080,152297,1718,10052,10333,'0',0,33840,0,-1,0,0,1295.57,-699.667,-342.933,4.00931,7200,0,0,0,0,0,0,0,0,0,0,'',31478),
(2103360743390081,152297,1718,10052,10333,'0',0,33840,0,-1,0,0,1308.52,-702.389,-338.377,5.08286,7200,0,0,0,0,0,0,0,0,0,0,'',31478),
(2103360743390082,153321,1718,10052,10333,'0',0,33840,0,-1,0,0,1284.7,-651.698,-345.043,0.761681,7200,0,0,0,0,0,0,0,0,0,0,'',31478),
(2103360743390083,152297,1718,10052,10333,'0',0,33840,0,-1,0,0,1308.52,-702.389,-348.325,5.08286,7200,0,0,0,0,0,0,0,0,0,0,'',31478),
(2103360743390084,145337,1718,10052,10333,'0',0,33840,0,-1,0,0,1295.18,-733.51,-353.681,1.34144,7200,0,0,0,0,0,0,0,0,0,0,'',31478),
(2103360743390085,150373,1718,10052,10333,'0',0,33840,0,-1,0,0,1251.27,-779.298,-310.107,2.90171,7200,10,0,0,0,1,0,0,0,0,0,'',31478),
(2103360743390086,150376,1718,10052,10333,'0',0,33840,0,-1,0,0,1236.2,-775.1,-326.088,4.15364,7200,10,0,0,0,1,0,0,0,0,0,'',31478),
(2103360743390087,145967,1718,10052,10333,'0',0,33840,0,-1,0,0,1320.96,-716.79,-344.085,2.03473,7200,10,0,0,0,1,0,0,0,0,0,'',31478),
(2103360743390088,152560,1718,10052,10333,'0',0,33840,0,-1,0,0,1271.77,-783.302,-351.509,5.50124,7200,0,0,0,0,0,0,0,0,0,0,'',31478),
(2103360743390089,150376,1718,10052,10333,'0',0,33840,0,-1,0,0,1250.99,-791.749,-343.984,5.92668,7200,0,0,0,0,0,0,0,0,0,0,'',31478),
(2103360743390090,150710,1718,10052,10333,'0',0,33840,0,-1,0,0,1305.32,-771.351,-356.745,2.22415,7200,0,0,0,0,0,0,0,0,0,0,'',31478),
(2103360743390091,150696,1718,10052,10333,'0',0,33840,0,-1,0,0,1251.29,-789.428,-344.073,6.10263,7200,10,0,0,0,1,0,0,0,0,0,'',31478),
(2103360743390092,150376,1718,10052,10333,'0',0,33840,0,-1,0,0,1241.39,-788.681,-327.062,2.71789,7200,0,0,0,0,0,0,0,0,0,0,'',31478),
(2103360743390093,150376,1718,10052,10333,'0',0,33840,0,-1,0,0,1249.48,-791.162,-343.638,0.84618,7200,0,0,0,0,0,0,0,0,0,0,'',31478),
(2103360743390094,145967,1718,10052,10333,'0',0,33840,0,-1,0,0,1259.69,-793.042,-317.509,2.25294,7200,10,0,0,0,1,0,0,0,0,0,'',31478),
(2103360743390095,145967,1718,10052,10333,'0',0,33840,0,-1,0,0,1338.93,-731.107,-336.786,6.15292,7200,0,0,0,0,0,0,0,0,0,0,'',31478),
(2103360743390096,152549,1718,10052,10333,'0',0,33840,0,-1,0,0,1317.39,-800.078,-356.093,2.66238,7200,0,0,0,0,0,0,0,0,0,0,'',31478),
(2103360743390097,152297,1718,10052,10333,'0',0,33840,0,-1,0,0,1340.67,-737.358,-343.096,2.89477,7200,0,0,0,0,0,0,0,0,0,0,'',31478),
(2103360743390098,145967,1718,10052,10333,'0',0,33840,0,-1,0,0,1279.14,-822.265,-315.075,5.1874,7200,10,0,0,0,1,0,0,0,0,0,'',31478),
(2103360743390099,145967,1718,10052,10333,'0',0,33840,0,-1,0,0,1237.23,-803.318,-339.638,3.6076,7200,0,0,0,0,0,0,0,0,0,0,'',31478),
(2103360743390100,150696,1718,10052,10333,'0',0,33840,0,-1,0,0,1235.95,-801.122,-330.648,3.95967,7200,0,0,0,0,0,0,0,0,0,0,'',31478),
(2103360743390101,145967,1718,10052,10333,'0',0,33840,0,-1,0,0,1235.95,-801.122,-330.648,3.95967,7200,0,0,0,0,0,0,0,0,0,0,'',31478),
(2103360743390102,152790,1718,10052,10333,'0',0,33840,0,-1,0,0,1290.12,-816.995,-348.688,4.7483,7200,0,0,0,0,0,0,0,0,0,0,'',31478),
(2103360743390103,150376,1718,10052,10333,'0',0,33840,0,-1,0,0,1228.81,-797.825,-324.077,3.95902,7200,0,0,0,0,0,0,0,0,0,0,'',31478),
(2103360743390104,152297,1718,10052,10333,'0',0,33840,0,-1,0,0,1233.94,-803.403,-327.216,0.94037,7200,0,0,0,0,0,0,0,0,0,0,'',31478),
(2103360743390105,150373,1718,10052,10333,'0',0,33840,0,-1,0,0,1294.33,-827.81,-252.095,3.99384,7200,10,0,0,0,1,0,0,0,0,0,'',31478),
(2103360743390106,145967,1718,10052,10333,'0',0,33840,0,-1,0,0,1287.82,-834,-345.406,1.4005,7200,0,0,0,0,0,0,0,0,0,0,'',31478),
(2103360743390107,150373,1718,10052,10333,'0',0,33840,0,-1,0,0,1317.34,-821.136,-252.911,5.75742,7200,10,0,0,0,1,0,0,0,0,0,'',31478),
(2103360743390108,152549,1718,10052,10333,'0',0,33840,0,-1,0,0,1328.8,-812.856,-357.573,5.57583,7200,0,0,0,0,0,0,0,0,0,0,'',31478),
(2103360743390109,150696,1718,10052,10333,'0',0,33840,0,-1,0,0,1260.32,-837.196,-325.375,5.0816,7200,0,0,0,0,0,0,0,0,0,0,'',31478),
(2103360743390110,145967,1718,10052,10333,'0',0,33840,0,-1,0,0,1272.04,-839.733,-331.151,4.29302,7200,0,0,0,0,0,0,0,0,0,0,'',31478),
(2103360743390111,150373,1718,10052,10333,'0',0,33840,0,-1,0,0,1279.14,-840.38,-252.503,5.51978,7200,0,0,0,0,0,0,0,0,0,0,'',31478),
(2103360743390112,145967,1718,10052,10333,'0',0,33840,0,-1,0,0,1260.32,-837.196,-325.375,5.0816,7200,0,0,0,0,0,0,0,0,0,0,'',31478),
(2103360743390113,145967,1718,10052,10333,'0',0,33840,0,-1,0,0,1278.3,-837.241,-343.719,0.164961,7200,0,0,0,0,0,0,0,0,0,0,'',31478),
(2103360743390114,145967,1718,10052,10333,'0',0,33840,0,-1,0,0,1256.05,-827.652,-343.125,1.09252,7200,0,0,0,0,0,0,0,0,0,0,'',31478),
(2103360743390115,152297,1718,10052,10333,'0',0,33840,0,-1,0,0,1219.76,-823.965,-328.783,5.04492,7200,0,0,0,0,0,0,0,0,0,0,'',31478),
(2103360743390116,152297,1718,10052,10333,'0',0,33840,0,-1,0,0,1267.49,-848.596,-338.163,2.47308,7200,0,0,0,0,0,0,0,0,0,0,'',31478),
(2103360743390117,145967,1718,10052,10333,'0',0,33840,0,-1,0,0,1311.73,-851.298,-337.203,6.21995,7200,0,0,0,0,0,0,0,0,0,0,'',31478),
(2103360743390118,152297,1718,10052,10333,'0',0,33840,0,-1,0,0,1240.45,-846.726,-325.407,1.84489,7200,0,0,0,0,0,0,0,0,0,0,'',31478),
(2103360743390119,150376,1718,10052,10333,'0',0,33840,0,-1,0,0,1319.78,-843.629,-335.698,2.45617,7200,0,0,0,0,0,0,0,0,0,0,'',31478),
(2103360743390120,152297,1718,10052,10333,'0',0,33840,0,-1,0,0,1249.98,-848.773,-322.953,2.11194,7200,0,0,0,0,0,0,0,0,0,0,'',31478),
(2103360743390121,150696,1718,10052,10333,'0',0,33840,0,-1,0,0,1305.83,-845.248,-336.509,1.24355,7200,0,0,0,0,0,0,0,0,0,0,'',31478),
(2103360743390122,150373,1718,10052,10333,'0',0,33840,0,-1,0,0,1302.9,-846.106,-319.415,5.87138,7200,0,0,0,0,0,0,0,0,0,0,'',31478),
(2103360743390123,152297,1718,10052,10333,'0',0,33840,0,-1,0,0,1267.49,-848.596,-334.611,2.47308,7200,0,0,0,0,0,0,0,0,0,0,'',31478),
(2103360743390124,150376,1718,10052,10333,'0',0,33840,0,-1,0,0,1305.06,-845.408,-333.351,3.86846,7200,0,0,0,0,0,0,0,0,0,0,'',31478),
(2103360743390125,145967,1718,10052,10333,'0',0,33840,0,-1,0,0,1297.16,-846.354,-339.696,1.18616,7200,0,0,0,0,0,0,0,0,0,0,'',31478),
(2103360743390126,150376,1718,10052,10333,'0',0,33840,0,-1,0,0,1309.54,-840.959,-338.788,0.848799,7200,0,0,0,0,0,0,0,0,0,0,'',31478),
(2103360743390127,145967,1718,10052,10333,'0',0,33840,0,-1,0,0,1344.28,-733.993,-335.839,0.106037,7200,0,0,0,0,0,0,0,0,0,0,'',31478),
(2103360743390128,150376,1718,10052,10333,'0',0,33840,0,-1,0,0,1354.09,-805.255,-350.695,4.01118,7200,10,0,0,0,1,0,0,0,0,0,'',31478),
(2103360743390129,150696,1718,10052,10333,'0',0,33840,0,-1,0,0,1360.48,-738.399,-345.476,2.74236,7200,0,0,0,0,0,0,0,0,0,0,'',31478),
(2103360743390130,145967,1718,10052,10333,'0',0,33840,0,-1,0,0,1362.51,-755.286,-353.004,2.49094,7200,0,0,0,0,0,0,0,0,0,0,'',31478),
(2103360743390131,152560,1718,10052,10333,'0',0,33840,0,-1,0,0,1369.46,-772.218,-373.645,0.0565195,7200,10,0,0,0,1,0,0,0,0,0,'',31478),
(2103360743390132,150376,1718,10052,10333,'0',0,33840,0,-1,0,0,1355.48,-731.129,-353.666,0.397025,7200,10,0,0,0,1,0,0,0,0,0,'',31478),
(2103360743390133,150376,1718,10052,10333,'0',0,33840,0,-1,0,0,1350.87,-806.789,-349.936,4.56402,7200,0,0,0,0,0,0,0,0,0,0,'',31478),
(2103360743390134,150373,1718,10052,10333,'0',0,33840,0,-1,0,0,1372.51,-774.889,-374.019,2.47705,7200,10,0,0,0,1,0,0,0,0,0,'',31478),
(2103360743390135,145967,1718,10052,10333,'0',0,33840,0,-1,0,0,1364.38,-749.828,-352.601,0.1315,7200,0,0,0,0,0,0,0,0,0,0,'',31478),
(2103360743390136,150376,1718,10052,10333,'0',0,33840,0,-1,0,0,1377.6,-746.185,-353.996,0.57461,7200,10,0,0,0,1,0,0,0,0,0,'',31478),
(2103360743390137,150373,1718,10052,10333,'0',0,33840,0,-1,0,0,1376.94,-733.854,-304.928,3.71113,7200,10,0,0,0,1,0,0,0,0,0,'',31478),
(2103360743390138,150376,1718,10052,10333,'0',0,33840,0,-1,0,0,1378.69,-815.435,-345.225,1.75798,7200,0,0,0,0,0,0,0,0,0,0,'',31478),
(2103360743390139,145967,1718,10052,10333,'0',0,33840,0,-1,0,0,1375.61,-802.913,-343.255,5.32613,7200,0,0,0,0,0,0,0,0,0,0,'',31478),
(2103360743390140,150696,1718,10052,10333,'0',0,33840,0,-1,0,0,1375.61,-802.913,-343.255,5.32613,7200,0,0,0,0,0,0,0,0,0,0,'',31478),
(2103360743390141,150373,1718,10052,10333,'0',0,33840,0,-1,0,0,1398.17,-808.184,-349.581,3.43096,7200,0,0,0,0,0,0,0,0,0,0,'',31478),
(2103360743390142,152297,1718,10052,10333,'0',0,33840,0,-1,0,0,1390.19,-810.372,-348.823,0.646319,7200,0,0,0,0,0,0,0,0,0,0,'',31478),
(2103360743390143,150710,1718,10052,10333,'0',0,33840,0,-1,0,0,1373.26,-827.715,-360.262,3.44606,7200,0,0,0,0,0,0,0,0,0,0,'',31478),
(2103360743390144,150376,1718,10052,10333,'0',0,33840,0,-1,0,0,1359.66,-839.196,-350.008,5.12481,7200,10,0,0,0,1,0,0,0,0,0,'',31478),
(2103360743390145,150710,1718,10052,10333,'0',0,33840,0,-1,0,0,1389.19,-738.115,-373.286,5.18901,7200,0,0,0,0,0,0,0,0,0,0,'',31478),
(2103360743390146,145967,1718,10052,10333,'0',0,33840,0,-1,0,0,1429.09,-750.33,-364.808,0.779756,7200,0,0,0,0,0,0,0,0,0,0,'',31478),
(2103360743390147,152297,1718,10052,10333,'0',0,33840,0,-1,0,0,1415.61,-732.92,-368.356,3.58312,7200,0,0,0,0,0,0,0,0,0,0,'',31478),
(2103360743390148,150373,1718,10052,10333,'0',0,33840,0,-1,0,0,1413.14,-725.755,-306.097,5.26472,7200,10,0,0,0,1,0,0,0,0,0,'',31478),
(2103360743390149,152549,1718,10052,10333,'0',0,33840,0,-1,0,0,1448.45,-828.472,-396.208,4.21117,7200,0,0,0,0,0,0,0,0,0,0,'',31478),
(2103360743390150,150373,1718,10052,10333,'0',0,33840,0,-1,0,0,1431.94,-843.491,-350.098,2.96826,7200,0,0,0,0,0,0,0,0,0,0,'',31478),
(2103360743390151,152549,1718,10052,10333,'0',0,33840,0,-1,0,0,1448.43,-808.867,-399.271,1.90654,7200,0,0,0,0,0,0,0,0,0,0,'',31478),
(2103360743390152,150696,1718,10052,10333,'0',0,33840,0,-1,0,0,1453.38,-832.067,-373.929,1.55756,7200,10,0,0,0,1,0,0,0,0,0,'',31478),
(2103360743390153,151166,1718,10052,10333,'0',0,33840,0,-1,0,0,1473.13,-781.916,-401.078,6.08866,7200,0,0,0,0,0,0,0,0,0,0,'',31478),
(2103360743390154,152549,1718,10052,10333,'0',0,33840,0,-1,0,0,1451.04,-829.483,-397.065,4.71239,7200,0,0,0,0,0,0,0,0,0,0,'',31478),
(2103360743390155,152549,1718,10052,10333,'0',0,33840,0,-1,0,0,1479.68,-782.137,-402.221,5.93208,7200,0,0,0,0,0,0,0,0,0,0,'',31478),
(2103360743390156,150376,1718,10052,10333,'0',0,33840,0,-1,0,0,1446.46,-852.482,-377.543,2.71683,7200,10,0,0,0,1,0,0,0,0,0,'',31478),
(2103360743390157,151166,1718,10052,10333,'0',0,33840,0,-1,0,0,1481.82,-779.71,-402.764,2.97275,7200,0,0,0,0,0,0,0,0,0,0,'',31478),
(2103360743390158,150376,1718,10052,10333,'0',0,33840,0,-1,0,0,1446.97,-853.544,-376.179,3.45925,7200,10,0,0,0,1,0,0,0,0,0,'',31478),
(2103360743390159,150710,1718,10052,10333,'0',0,33840,0,-1,0,0,1492.6,-800.335,-409.835,5.86974,7200,0,0,0,0,0,0,0,0,0,0,'',31478),
(2103360743390160,145967,1718,10052,10333,'0',0,33840,0,-1,0,0,1459.34,-859.047,-376.647,4.75291,7200,10,0,0,0,1,0,0,0,0,0,'',31478),
(2103360743390161,145967,1718,10052,10333,'0',0,33840,0,-1,0,0,1461.09,-855.689,-379.531,1.37211,7200,10,0,0,0,1,0,0,0,0,0,'',31478),
(2103360743390162,150376,1718,10052,10333,'0',0,33840,0,-1,0,0,1449.53,-860.727,-390.911,3.61392,7200,0,0,0,0,0,0,0,0,0,0,'',31478),
(2103360743390163,145967,1718,10052,10333,'0',0,33840,0,-1,0,0,1450.19,-865.591,-377.058,4.35635,7200,10,0,0,0,1,0,0,0,0,0,'',31478),
(2103360743390164,152297,1718,10052,10333,'0',0,33840,0,-1,0,0,1504.72,-772.238,-411.738,5.58805,7200,0,0,0,0,0,0,0,0,0,0,'',31478),
(2103360743390165,152297,1718,10052,10333,'0',0,33840,0,-1,0,0,1480.51,-752.661,-384.611,3.7227,7200,0,0,0,0,0,0,0,0,0,0,'',31478),
(2103360743390166,150376,1718,10052,10333,'0',0,33840,0,-1,0,0,1450.57,-863.712,-391.466,2.32816,7200,0,0,0,0,0,0,0,0,0,0,'',31478),
(2103360743390167,150376,1718,10052,10333,'0',0,33840,0,-1,0,0,1450.87,-863.484,-377.741,2.65683,7200,10,0,0,0,1,0,0,0,0,0,'',31478),
(2103360743390168,150696,1718,10052,10333,'0',0,33840,0,-1,0,0,1450.3,-862.824,-391.29,2.99426,7200,0,0,0,0,0,0,0,0,0,0,'',31478),
(2103360743390169,150376,1718,10052,10333,'0',0,33840,0,-1,0,0,1448.16,-858.998,-390.727,4.24681,7200,0,0,0,0,0,0,0,0,0,0,'',31478),
(2103360743390170,150373,1718,10052,10333,'0',0,33840,0,-1,0,0,1455.8,-871.472,-300.119,4.23246,7200,10,0,0,0,1,0,0,0,0,0,'',31478),
(2103360743390171,150376,1718,10052,10333,'0',0,33840,0,-1,0,0,1516.21,-770.827,-415.177,1.65612,7200,0,0,0,0,0,0,0,0,0,0,'',31478),
(2103360743390172,150376,1718,10052,10333,'0',0,33840,0,-1,0,0,1517.17,-771.759,-417.097,1.65576,7200,0,0,0,0,0,0,0,0,0,0,'',31478),
(2103360743390173,152297,1718,10052,10333,'0',0,33840,0,-1,0,0,1495.91,-862.578,-395.454,0.238746,7200,0,0,0,0,0,0,0,0,0,0,'',31478),
(2103360743390174,152560,1718,10052,10333,'0',0,33840,0,-1,0,0,1475.04,-873.938,-397.684,1.11144,7200,0,0,0,0,0,0,0,0,0,0,'',31478),
(2103360743390175,152786,1718,10052,10333,'0',0,33840,0,-1,0,0,1492.63,-852.68,-400.354,4.61323,7200,0,0,0,0,0,0,0,0,0,0,'',31478),
(2103360743390176,150710,1718,10052,10333,'0',0,33840,0,-1,0,0,1491.57,-869.524,-398.004,3.21798,7200,0,0,0,0,0,0,0,0,0,0,'',31478),
(2103360743390177,145967,1718,10052,10333,'0',0,33840,0,-1,0,0,1515.93,-862.385,-399.407,4.1205,7200,0,0,0,0,0,0,0,0,0,0,'',31478),
(2103360743390178,150376,1718,10052,10333,'0',0,33840,0,-1,0,0,1523.07,-771.292,-417.097,1.65576,7200,0,0,0,0,0,0,0,0,0,0,'',31478),
(2103360743390179,150376,1718,10052,10333,'0',0,33840,0,-1,0,0,1519.73,-767.795,-417.097,1.65576,7200,0,0,0,0,0,0,0,0,0,0,'',31478),
(2103360743390180,150376,1718,10052,10333,'0',0,33840,0,-1,0,0,1522.21,-768.545,-414.974,1.77912,7200,0,0,0,0,0,0,0,0,0,0,'',31478),
(2103360743390181,150376,1718,10052,10333,'0',0,33840,0,-1,0,0,1518.25,-768.638,-415.177,1.63249,7200,0,0,0,0,0,0,0,0,0,0,'',31478),
(2103360743390182,150376,1718,10052,10333,'0',0,33840,0,-1,0,0,1521.74,-768.955,-417.097,1.65576,7200,0,0,0,0,0,0,0,0,0,0,'',31478),
(2103360743390183,150376,1718,10052,10333,'0',0,33840,0,-1,0,0,1524.02,-770.963,-414.91,2.08562,7200,0,0,0,0,0,0,0,0,0,0,'',31478),
(2103360743390184,150376,1718,10052,10333,'0',0,33840,0,-1,0,0,1518.08,-769.224,-417.097,1.65576,7200,0,0,0,0,0,0,0,0,0,0,'',31478),
(2103360743390185,150376,1718,10052,10333,'0',0,33840,0,-1,0,0,1520.24,-766.341,-416.203,1.58887,7200,0,0,0,0,0,0,0,0,0,0,'',31478),
(2103360743390186,150373,1718,10052,10333,'0',0,33840,0,-1,0,0,1551.12,-790.127,-357.258,5.83039,7200,10,0,0,0,1,0,0,0,0,0,'',31478),
(2103360743390187,145967,1718,10052,10333,'0',0,33840,0,-1,0,0,1541.31,-780.156,-413.787,2.07001,7200,0,0,0,0,0,0,0,0,0,0,'',31478),
(2103360743390188,152297,1718,10052,10333,'0',0,33840,0,-1,0,0,1560.44,-833.472,-398.645,4.19447,7200,0,0,0,0,0,0,0,0,0,0,'',31478),
(2103360743390189,152297,1718,10052,10333,'0',0,33840,0,-1,0,0,1519.21,-882.616,-400.605,0.580824,7200,0,0,0,0,0,0,0,0,0,0,'',31478),
(2103360743390190,150376,1718,10052,10333,'0',0,33840,0,-1,0,0,1549.68,-835.414,-385.738,2.72776,7200,10,0,0,0,1,0,0,0,0,0,'',31478),
(2103360743390191,150373,1718,10052,10333,'0',0,33840,0,-1,0,0,1494.52,-891.476,-299.737,2.22506,7200,0,0,0,0,0,0,0,0,0,0,'',31478),
(2103360743390192,150373,1718,10052,10333,'0',0,33840,0,-1,0,0,1520.35,-895.993,-356.438,4.25856,7200,0,0,0,0,0,0,0,0,0,0,'',31478),
(2103360743390193,150376,1718,10052,10333,'0',0,33840,0,-1,0,0,1566.22,-837.26,-385.473,0.904296,7200,10,0,0,0,1,0,0,0,0,0,'',31478),
(2103360743390194,150376,1718,10052,10333,'0',0,33840,0,-1,0,0,1568.88,-839.672,-397.757,4.73205,7200,10,0,0,0,1,0,0,0,0,0,'',31478),
(2103360743390195,150710,1718,10052,10333,'0',0,33840,0,-1,0,0,1526.17,-881.566,-414.494,0.456793,7200,0,0,0,0,0,0,0,0,0,0,'',31478),
(2103360743390196,152297,1718,10052,10333,'0',0,33840,0,-1,0,0,1568.16,-853.519,-399.845,5.15593,7200,0,0,0,0,0,0,0,0,0,0,'',31478),
(2103360743390197,150373,1718,10052,10333,'0',0,33840,0,-1,0,0,1571.22,-883.097,-356.438,1.00516,7200,0,0,0,0,0,0,0,0,0,0,'',31478),
(2103360743390198,150373,1718,10052,10333,'0',0,33840,0,-1,0,0,1551.81,-901.672,-353.952,1.10021,7200,10,0,0,0,1,0,0,0,0,0,'',31478),
(2103360743390199,150376,1718,10052,10333,'0',0,33840,0,-1,0,0,1582.83,-827.399,-397.862,1.84411,7200,10,0,0,0,1,0,0,0,0,0,'',31478),
(2103360743390200,145337,1718,10052,10333,'0',0,33840,0,-1,0,0,1484.89,-899.007,-396.761,5.60247,7200,0,0,0,0,0,0,0,0,0,0,'',31478),
(2103360743390201,150710,1718,10052,10333,'0',0,33840,0,-1,0,0,1589.99,-896.833,-411.344,4.83059,7200,0,0,0,0,0,0,0,0,0,0,'',31478),
(2103360743390202,150373,1718,10052,10333,'0',0,33840,0,-1,0,0,1576.1,-924.354,-356.438,5.47226,7200,0,0,0,0,0,0,0,0,0,0,'',31478),
(2103360743390203,152549,1718,10052,10333,'0',0,33840,0,-1,0,0,1515.8,-946.734,-411.309,1.40116,7200,0,0,0,0,0,0,0,0,0,0,'',31478),
(2103360743390204,151166,1718,10052,10333,'0',0,33840,0,-1,0,0,1516.86,-940.999,-411.689,1.51801,7200,0,0,0,0,0,0,0,0,0,0,'',31478),
(2103360743390205,145337,1718,10052,10333,'0',0,33840,0,-1,0,0,1537.64,-953.37,-411.998,0.0118347,7200,10,0,0,0,1,0,0,0,0,0,'',31478),
(2103360743390206,152297,1718,10052,10333,'0',0,33840,0,-1,0,0,1603.96,-891.09,-397.637,0.100703,7200,0,0,0,0,0,0,0,0,0,0,'',31478),
(2103360743390207,145337,1718,10052,10333,'0',0,33840,0,-1,0,0,1558.28,-941.173,-415.012,3.77602,7200,0,0,0,0,0,0,0,0,0,0,'',31478),
(2103360743390208,152549,1718,10052,10333,'0',0,33840,0,-1,0,0,1520.81,-945.428,-411.304,1.55615,7200,0,0,0,0,0,0,0,0,0,0,'',31478),
(2103360743390209,152549,1718,10052,10333,'0',0,33840,0,-1,0,0,1509.01,-952.953,-409.988,3.11738,7200,0,0,0,0,0,0,0,0,0,0,'',31478),
(2103360743390210,150710,1718,10052,10333,'0',0,33840,0,-1,0,0,1603.41,-964.25,-413.526,2.56423,7200,0,0,0,0,0,0,0,0,0,0,'',31478),
(2103360743390211,150710,1718,10052,10333,'0',0,33840,0,-1,0,0,1501.11,-964.422,-409.825,5.07771,7200,0,0,0,0,0,0,0,0,0,0,'',31478),
(2103360743390212,152426,1718,10052,10333,'0',0,33840,0,-1,0,0,1589,-1034.4,-416.885,3.35864,7200,0,0,0,0,0,0,0,0,0,0,'',31478),
(2103360743390213,145967,1718,10052,10333,'0',0,33840,0,-1,0,0,1525.04,-1024.99,-397.162,4.56845,7200,0,0,0,0,0,0,0,0,0,0,'',31478),
(2103360743390214,150710,1718,10052,10333,'0',0,33840,0,-1,0,0,1525.8,-1043.99,-411.291,5.26742,7200,0,0,0,0,0,0,0,0,0,0,'',31478),
(2103360743390215,154725,1718,10052,10333,'0',0,33840,0,-1,0,0,1494.23,-1100.19,-411.233,2.63401,7200,10,0,0,0,1,0,0,0,0,0,'',31478),
(2103360743390216,150710,1718,10052,10333,'0',0,33840,0,-1,0,0,1473.27,-1068.16,-402.618,0.716231,7200,0,0,0,0,0,0,0,0,0,0,'',31478),
(2103360743390217,152549,1718,10052,10333,'0',0,33840,0,-1,0,0,1480.52,-1130.01,-412.034,5.41688,7200,0,0,0,0,0,0,0,0,0,0,'',31478),
(2103360743390218,151166,1718,10052,10333,'0',0,33840,0,-1,0,0,1477.25,-1125.89,-411.408,5.67698,7200,0,0,0,0,0,0,0,0,0,0,'',31478),
(2103360743390219,154182,1718,10052,10333,'0',0,33840,0,-1,0,0,1468.86,-1104.28,-409.737,1.84511,7200,0,0,0,0,0,0,0,0,0,0,'',31478),
(2103360743390220,151166,1718,10052,10333,'0',0,33840,0,-1,0,0,1472.88,-1127.33,-411.277,4.82604,7200,0,0,0,0,0,0,0,0,0,0,'',31478),
(2103360743390221,150710,1718,10052,10333,'0',0,33840,0,-1,0,0,1469.21,-1111.89,-407.074,1.60349,7200,0,0,0,0,0,0,0,0,0,0,'',31478),
(2103360743390222,154182,1718,10052,10333,'0',0,33840,0,-1,0,0,1478.32,-1121.01,-411.244,5.92988,7200,0,0,0,0,0,0,0,0,0,0,'',31478),
(2103360743390223,150710,1718,10052,10333,'0',0,33840,0,-1,0,0,1528.57,-1143.23,-416.304,0.22797,7200,0,0,0,0,0,0,0,0,0,0,'',31478),
(2103360743390224,152549,1718,10052,10333,'0',0,33840,0,-1,0,0,1484.04,-1127.07,-412.033,1.8019,7200,0,0,0,0,0,0,0,0,0,0,'',31478),
(2103360743390225,150710,1718,10052,10333,'0',0,33840,0,-1,0,0,1467.67,-1167.17,-405.923,1.79141,7200,0,0,0,0,0,0,0,0,0,0,'',31478),
(2103360743390226,150710,1718,10052,10333,'0',0,33840,0,-1,0,0,1541.85,-1268.8,-414.552,4.22145,7200,0,0,0,0,0,0,0,0,0,0,'',31478),
(2103360743390227,154725,1718,10052,10333,'0',0,33840,0,-1,0,0,1450.04,-1216.47,-390.468,0.766016,7200,0,0,0,0,0,0,0,0,0,0,'',31478),
(2103360743390228,152363,1718,10052,10333,'0',0,33840,0,-1,0,0,1474,-1274.05,-409.77,1.62556,7200,0,0,0,0,0,0,0,0,0,0,'',31478),
(2103360743390229,152363,1718,10052,10333,'0',0,33840,0,-1,0,0,1474.01,-1274.23,-409.815,1.47614,7200,0,0,0,0,0,0,0,0,0,0,'',31478),
(2103360743390230,152363,1718,10052,10333,'0',0,33840,0,-1,0,0,1470,-1274.28,-409.277,1.62866,7200,0,0,0,0,0,0,0,0,0,0,'',31478),
(2103360743390231,150710,1718,10052,10333,'0',0,33840,0,-1,0,0,1440.66,-1255.68,-384.528,0.272796,7200,0,0,0,0,0,0,0,0,0,0,'',31478),
(2103360743390232,152363,1718,10052,10333,'0',0,33840,0,-1,0,0,1387.21,-1191.31,-382.171,0.897066,7200,0,0,0,0,0,0,0,0,0,0,'',31478),
(2103360743390233,153777,1718,10052,10333,'0',0,33840,0,-1,0,0,1405.71,-1154.39,-380.05,5.02962,7200,0,0,0,0,0,0,0,0,0,0,'',31478),
(2103360743390234,154725,1718,10052,10333,'0',0,33840,0,-1,0,0,1381.14,-1167.76,-382.433,4.01139,7200,0,0,0,0,0,0,0,0,0,0,'',31478),
(2103360743390235,150710,1718,10052,10333,'0',0,33840,0,-1,0,0,1374.25,-1214.27,-358.123,1.84227,7200,0,0,0,0,0,0,0,0,0,0,'',31478),
(2103360743390236,138694,1718,10052,10333,'0',0,33840,0,-1,0,0,1950.67,-1979.4,185.997,1.76005,7200,0,0,0,0,0,0,0,0,0,0,'',31478),
(2103360743390237,154725,1718,10052,10333,'0',0,33840,0,-1,0,0,1405.08,-1270.61,-387.056,0.752929,7200,0,0,0,0,0,0,0,0,0,0,'',31478),
(2103360743390238,152363,1718,10052,10333,'0',0,33840,0,-1,0,0,1461.46,-1292.07,-412.33,4.47134,7200,0,0,0,0,0,0,0,0,0,0,'',31478),
(2103360743390239,152357,1718,10052,10333,'0',0,33840,0,-1,0,0,1461.46,-1292.07,-412.33,4.47134,7200,0,0,0,0,0,0,0,0,0,0,'',31478),
(2103360743390240,154725,1718,10052,10333,'0',0,33840,0,-1,0,0,1463.87,-1307.82,-416.634,2.92513,7200,0,0,0,0,0,0,0,0,0,0,'',31478),
(2103360743390241,152549,1718,10052,10333,'0',0,33840,0,-1,0,0,1509.87,-1303.34,-418.877,1.27785,7200,0,0,0,0,0,0,0,0,0,0,'',31478),
(2103360743390242,154725,1718,10052,10333,'0',0,33840,0,-1,0,0,1541.99,-1289.26,-417.731,5.43061,7200,0,0,0,0,0,0,0,0,0,0,'',31478),
(2103360743390243,135238,1718,10052,10333,'0',0,33840,0,-1,0,0,1612.09,-211.782,175.771,0,7200,0,0,0,0,0,0,0,0,0,0,'',31478),
(2103360743390244,145967,1718,10052,10333,'0',0,33840,0,-1,0,0,1578.66,-806.035,-393.911,1.72372,7200,0,0,0,0,0,0,0,0,0,0,'',31478),
(2103360743390245,152297,1718,10052,10333,'0',0,33840,0,-1,0,0,1578.28,-790.045,-407.045,3.0491,7200,0,0,0,0,0,0,0,0,0,0,'',31478),
(2103360743390246,150373,1718,10052,10333,'0',0,33840,0,-1,0,0,1516.52,-752.188,-358.245,3.67926,7200,0,0,0,0,0,0,0,0,0,0,'',31478),
(2103360743390247,150376,1718,10052,10333,'0',0,33840,0,-1,0,0,1512.52,-755.971,-423.031,3.96233,7200,0,0,0,0,0,0,0,0,0,0,'',31478),
(2103360743390248,150376,1718,10052,10333,'0',0,33840,0,-1,0,0,1169.05,-481.768,-207.78,4.80972,7200,0,0,0,0,0,0,0,0,0,0,'',31478),
(2103360743390249,152878,1718,10052,10333,'0',0,33840,0,-1,0,0,952.688,-478.961,-283.854,3.03836,7200,10,0,0,0,1,0,0,0,0,0,'',31478),
(2103360743390250,151671,1718,10052,10333,'0',0,33840,0,-1,0,0,952.722,-496.679,-284.632,0.742224,7200,0,0,0,0,0,0,0,0,0,0,'',31478),
(2103360743390251,151294,1718,10052,10333,'0',0,33840,0,-1,0,0,950.089,-484.735,-284.096,0.61017,7200,10,0,0,0,1,0,0,0,0,0,'',31478),
(2103360743390252,149913,1718,10052,10333,'0',0,33840,0,-1,0,0,963.024,-538.377,-285.379,2.47464,7200,0,0,0,0,0,0,0,0,0,0,'',31478),
(2103360743390253,153024,1718,10052,10333,'0',0,33840,0,-1,0,0,968.705,-545.472,-284.18,2.00637,7200,0,0,0,0,0,0,0,0,0,0,'',31478),
(2103360743390254,152878,1718,10052,10333,'0',0,33840,0,-1,0,0,930.551,-489.501,-281.76,2.67811,7200,10,0,0,0,1,0,0,0,0,0,'',31478),
(2103360743390255,150710,1718,10052,10333,'0',0,33840,0,-1,0,0,922.965,-484.826,-176.7,4.71125,7200,0,0,0,0,0,0,0,0,0,0,'',31478),
(2103360743390256,152519,1718,10052,10333,'0',0,33840,0,-1,0,0,921.443,-499.519,-180.641,0,7200,0,0,0,0,0,0,0,0,0,0,'',31478),
(2103360743390257,154459,1718,10052,10333,'0',0,33840,0,-1,0,0,927.869,-519.503,-283.713,2.63317,7200,10,0,0,0,1,0,0,0,0,0,'',31478),
(2103360743390258,149911,1718,10052,10333,'0',0,33840,0,-1,0,0,931.09,-505.312,-283.031,3.35336,7200,0,0,0,0,0,0,0,0,0,0,'',31478),
(2103360743390259,149906,1718,10052,10333,'0',0,33840,0,-1,0,0,930.167,-511.778,-282.7,2.22497,7200,0,0,0,0,0,0,0,0,0,0,'',31478),
(2103360743390260,149904,1718,10052,10333,'0',0,33840,0,-1,0,0,940.09,-543.009,-283.349,1.68078,7200,0,0,0,0,0,0,0,0,0,0,'',31478),
(2103360743390261,153042,1718,10052,10333,'0',0,33840,0,-1,0,0,919.333,-508.069,-276.021,0.25031,7200,0,0,0,0,0,0,0,0,0,0,'',31478),
(2103360743390262,149912,1718,10052,10333,'0',0,33840,0,-1,0,0,934.182,-542.17,-282.953,2.05927,7200,0,0,0,0,0,0,0,0,0,0,'',31478),
(2103360743390263,156107,1718,10052,10333,'0',0,33840,0,-1,0,0,917.325,-501.483,-263.211,3.59816,7200,0,0,0,0,0,0,0,0,0,0,'',31478),
(2103360743390264,154459,1718,10052,10333,'0',0,33840,0,-1,0,0,941.915,-550.561,-283.892,0.414754,7200,0,0,0,0,0,0,0,0,0,0,'',31478),
(2103360743390265,154459,1718,10052,10333,'0',0,33840,0,-1,0,0,912.552,-532.908,-282.64,1.08737,7200,0,0,0,0,0,0,0,0,0,0,'',31478),
(2103360743390266,152790,1718,10052,10333,'0',0,33840,0,-1,0,0,0,0,1,0,7200,0,0,0,0,0,0,0,0,0,0,'',31478),
(2103360743390267,150363,1718,10052,10333,'0',0,33840,0,-1,0,0,898.17,-520.884,-283.445,5.42292,7200,0,0,0,0,0,0,0,0,0,0,'',31478),
(2103360743390268,149913,1718,10052,10333,'0',0,33840,0,-1,0,0,913.096,-546.995,-285.913,2.47195,7200,0,0,0,0,0,0,0,0,0,0,'',31478),
(2103360743390269,149913,1718,10052,10333,'0',0,33840,0,-1,0,0,922.418,-554.863,-285.85,2.47464,7200,0,0,0,0,0,0,0,0,0,0,'',31478),
(2103360743390270,151635,1718,10052,10333,'0',0,33840,0,-1,0,0,945.035,-570.722,-283.826,2.2863,7200,0,0,0,0,0,0,0,0,0,0,'',31478),
(2103360743390271,150361,1718,10052,10333,'0',0,33840,0,-1,0,0,896.073,-540.003,-283.058,0.424688,7200,0,0,0,0,0,0,0,0,0,0,'',31478),
(2103360743390272,151614,1718,10052,10333,'0',0,33840,0,-1,0,0,904.648,-552.615,-284.15,3.64774,7200,0,0,0,0,0,0,0,0,0,0,'',31478),
(2103360743390273,150362,1718,10052,10333,'0',0,33840,0,-1,0,0,894.102,-536.729,-283.518,5.45767,7200,0,0,0,0,0,0,0,0,0,0,'',31478),
(2103360743390274,150369,1718,10052,10333,'0',0,33840,0,-1,0,0,900.592,-547.66,-283.025,2.98887,7200,0,0,0,0,0,0,0,0,0,0,'',31478),
(2103360743390275,150369,1718,10052,10333,'0',0,33840,0,-1,0,0,901.859,-554.684,-283.539,0.651961,7200,0,0,0,0,0,0,0,0,0,0,'',31478),
(2103360743390276,151618,1718,10052,10333,'0',0,33840,0,-1,0,0,929.75,-575.986,-284.769,1.21884,7200,0,0,0,0,0,0,0,0,0,0,'',31478),
(2103360743390277,154002,1718,10052,10333,'0',0,33840,0,-1,0,0,931.767,-576.101,-284.663,1.77198,7200,0,0,0,0,0,0,0,0,0,0,'',31478),
(2103360743390278,156107,1718,10052,10333,'0',0,33840,0,-1,0,0,952.797,-592.071,-272.87,5.43866,7200,0,0,0,0,0,0,0,0,0,0,'',31478),
(2103360743390279,152790,1718,10052,10333,'0',0,33840,0,-1,0,0,0,0,1,0,7200,0,0,0,0,0,0,0,0,0,0,'',31478),
(2103360743390280,153769,1718,10052,10333,'0',0,33840,0,-1,0,0,917.958,-585.253,-283.749,1.02818,7200,0,0,0,0,0,0,0,0,0,0,'',31478),
(2103360743390281,154208,1718,10052,10333,'0',0,33840,0,-1,0,0,903.035,-558.453,-283.649,2.09188,7200,0,0,0,0,0,0,0,0,0,0,'',31478),
(2103360743390282,153768,1718,10052,10333,'0',0,33840,0,-1,0,0,919.17,-583.083,-283.529,3.95078,7200,0,0,0,0,0,0,0,0,0,0,'',31478),
(2103360743390283,153766,1718,10052,10333,'0',0,33840,0,-1,0,0,919.804,-584.507,-283.494,3.25335,7200,0,0,0,0,0,0,0,0,0,0,'',31478),
(2103360743390284,156107,1718,10052,10333,'0',0,33840,0,-1,0,0,922.526,-596.667,-263.571,4.33736,7200,0,0,0,0,0,0,0,0,0,0,'',31478),
(2103360743390285,153767,1718,10052,10333,'0',0,33840,0,-1,0,0,905.46,-577.378,-283.586,5.00619,7200,0,0,0,0,0,0,0,0,0,0,'',31478),
(2103360743390286,152790,1718,10052,10333,'0',0,33840,0,-1,0,0,0,0,1,0,7200,0,0,0,0,0,0,0,0,0,0,'',31478),
(2103360743390287,154459,1718,10052,10333,'0',0,33840,0,-1,0,0,897.847,-586.863,-283.062,1.32605,7200,0,0,0,0,0,0,0,0,0,0,'',31478),
(2103360743390288,145740,1718,10052,10333,'0',0,33840,0,-1,0,0,887.432,-553.464,-278.616,4.3573,7200,0,0,0,0,0,0,0,0,0,0,'',31478),
(2103360743390289,154459,1718,10052,10333,'0',0,33840,0,-1,0,0,891.615,-569.233,-283.69,4.89807,7200,0,0,0,0,0,0,0,0,0,0,'',31478),
(2103360743390290,152878,1718,10052,10333,'0',0,33840,0,-1,0,0,887.063,-584.381,-285.008,3.04376,7200,0,0,0,0,0,0,0,0,0,0,'',31478),
(2103360743390291,152878,1718,10052,10333,'0',0,33840,0,-1,0,0,883.377,-589.476,-284.801,3.75674,7200,0,0,0,0,0,0,0,0,0,0,'',31478),
(2103360743390292,152878,1718,10052,10333,'0',0,33840,0,-1,0,0,882.09,-596.003,-284.361,2.13758,7200,0,0,0,0,0,0,0,0,0,0,'',31478),
(2103360743390293,151294,1718,10052,10333,'0',0,33840,0,-1,0,0,881.748,-590.203,-284.991,0.627745,7200,0,0,0,0,0,0,0,0,0,0,'',31478),
(2103360743390294,151332,1718,10052,10333,'0',0,33840,0,-1,0,0,877.908,-599.611,-284.868,1.44649,7200,0,0,0,0,0,0,0,0,0,0,'',31478),
(2103360743390295,151294,1718,10052,10333,'0',0,33840,0,-1,0,0,876.677,-594.698,-285.614,3.87481,7200,0,0,0,0,0,0,0,0,0,0,'',31478),
(2103360743390296,152878,1718,10052,10333,'0',0,33840,0,-1,0,0,878.38,-585.656,-286.174,4.67139,7200,0,0,0,0,0,0,0,0,0,0,'',31478),
(2103360743390297,156107,1718,10052,10333,'0',0,33840,0,-1,0,0,876.936,-559.073,-273.068,2.32659,7200,0,0,0,0,0,0,0,0,0,0,'',31478),
(2103360743390298,151294,1718,10052,10333,'0',0,33840,0,-1,0,0,876.555,-595.634,-285.512,4.23559,7200,0,0,0,0,0,0,0,0,0,0,'',31478),
(2103360743390299,151294,1718,10052,10333,'0',0,33840,0,-1,0,0,877.619,-595.098,-285.402,5.63605,7200,0,0,0,0,0,0,0,0,0,0,'',31478),
(2103360743390300,151294,1718,10052,10333,'0',0,33840,0,-1,0,0,877.953,-587.441,-285.99,1.51385,7200,0,0,0,0,0,0,0,0,0,0,'',31478),
(2103360743390301,152878,1718,10052,10333,'0',0,33840,0,-1,0,0,875.774,-597.305,-285.594,1.01305,7200,0,0,0,0,0,0,0,0,0,0,'',31478),
(2103360743390302,152790,1718,10052,10333,'0',0,33840,0,-1,0,0,0,0,1,0,7200,0,0,0,0,0,0,0,0,0,0,'',31478),
(2103360743390303,152878,1718,10052,10333,'0',0,33840,0,-1,0,0,871.281,-589.323,-286.807,6.24898,7200,0,0,0,0,0,0,0,0,0,0,'',31478),
(2103360743390304,156107,1718,10052,10333,'0',0,33840,0,-1,0,0,862.91,-592.179,-244.507,2.05876,7200,0,0,0,0,0,0,0,0,0,0,'',31478),
(2103360743390305,151381,1718,10052,10333,'0',0,33840,0,-1,0,0,856.257,-580.266,-287.049,6.28283,7200,0,0,0,0,0,0,0,0,0,0,'',31478),
(2103360743390306,152878,1718,10052,10333,'0',0,33840,0,-1,0,0,858.564,-596.887,-285.878,2.80473,7200,0,0,0,0,0,0,0,0,0,0,'',31478),
(2103360743390307,151332,1718,10052,10333,'0',0,33840,0,-1,0,0,861.818,-595.285,-286.661,0.536067,7200,0,0,0,0,0,0,0,0,0,0,'',31478),
(2103360743390308,152790,1718,10052,10333,'0',0,33840,0,-1,0,0,0,0,1,0,7200,0,0,0,0,0,0,0,0,0,0,'',31478),
(2103360743390309,152878,1718,10052,10333,'0',0,33840,0,-1,0,0,853.901,-597.054,-285.732,0.645205,7200,0,0,0,0,0,0,0,0,0,0,'',31478),
(2103360743390310,156107,1718,10052,10333,'0',0,33840,0,-1,0,0,854.144,-604.587,-278.946,4.04336,7200,0,0,0,0,0,0,0,0,0,0,'',31478),
(2103360743390311,152790,1718,10052,10333,'0',0,33840,0,-1,0,0,0,0,1,0,7200,0,0,0,0,0,0,0,0,0,0,'',31478),
(2103360743390312,47319,1718,10052,10333,'0',0,33840,0,-1,0,0,949.115,-543.256,-283.795,4.37026,7200,0,0,0,0,0,0,0,0,0,0,'',31478),
(2103360743390313,151909,1718,10052,10333,'0',0,33840,0,-1,0,0,996.326,-501.96,-281.606,1.00036,7200,0,0,0,0,0,0,0,0,0,0,'',31478),
(2103360743390314,154697,1718,10052,10333,'0',0,33840,0,-1,0,0,1098.53,-370.34,-288.877,2.07726,7200,0,0,0,0,0,0,0,0,0,0,'',31478),
(2103360743390315,145337,1718,10052,10333,'0',0,33840,0,-1,0,0,1100.06,-346.76,-289.516,1.77221,7200,0,0,0,0,0,0,0,0,0,0,'',31478),
(2103360743390316,154697,1718,10052,10333,'0',0,33840,0,-1,0,0,1100.3,-343.847,-290.317,4.35764,7200,0,0,0,0,0,0,0,0,0,0,'',31478),
(2103360743390317,153364,1718,10052,10333,'0',0,33840,0,-1,0,0,1123.56,-347.819,-289.135,2.01678,7200,0,0,0,0,0,0,0,0,0,0,'',31478),
(2103360743390318,154711,1718,10052,10333,'0',0,33840,0,-1,0,0,1125.48,-339.094,-289.891,0.307246,7200,0,0,0,0,0,0,0,0,0,0,'',31478),
(2103360743390319,152790,1718,10052,10333,'0',0,33840,0,-1,0,0,1083.76,-321.095,-290.707,5.15332,7200,0,0,0,0,0,0,0,0,0,0,'',31478),
(2103360743390320,152793,1718,10052,10333,'0',0,33840,0,-1,0,0,1046.41,-329.03,-285.814,5.53415,7200,0,0,0,0,0,0,0,0,0,0,'',31478),
(2103360743390321,155794,1718,10052,10333,'0',0,33840,0,-1,0,0,1055.79,-319.701,-200.402,5.51679,7200,0,0,0,0,0,0,0,0,0,0,'',31478),
(2103360743390322,155885,1718,10052,10333,'0',0,33840,0,-1,0,0,1055.63,-319.694,-206.334,6.02191,7200,0,0,0,0,0,0,0,0,0,0,'',31478),
(2103360743390323,150710,1718,10052,10333,'0',0,33840,0,-1,0,0,1102.18,-301.976,-293.374,4.81923,7200,0,0,0,0,0,0,0,0,0,0,'',31478),
(2103360743390324,145337,1718,10052,10333,'0',0,33840,0,-1,0,0,1094.58,-295.012,-292.911,1.27584,7200,0,0,0,0,0,0,0,0,0,0,'',31478),
(2103360743390325,152519,1718,10052,10333,'0',0,33840,0,-1,0,0,1094.98,-294.816,-292.928,0,7200,0,0,0,0,0,0,0,0,0,0,'',31478),
(2103360743390326,145337,1718,10052,10333,'0',0,33840,0,-1,0,0,1073.52,-293.879,-289.061,3.41619,7200,0,0,0,0,0,0,0,0,0,0,'',31478),
(2103360743390327,145337,1718,10052,10333,'0',0,33840,0,-1,0,0,1067.97,-295.261,-287.923,3.45535,7200,0,0,0,0,0,0,0,0,0,0,'',31478),
(2103360743390328,154814,1718,10052,10333,'0',0,33840,0,-1,0,0,1080.45,-272.109,-289.52,3.54495,7200,0,0,0,0,0,0,0,0,0,0,'',31478),
(2103360743390329,145337,1718,10052,10333,'0',0,33840,0,-1,0,0,1027.37,-312.129,-198.611,3.99397,7200,0,0,0,0,0,0,0,0,0,0,'',31478),
(2103360743390330,152883,1718,10052,10333,'0',0,33840,0,-1,0,0,1035.71,-287.292,-280.735,4.72081,7200,0,0,0,0,0,0,0,0,0,0,'',31478),
(2103360743390331,152790,1718,10052,10333,'0',0,33840,0,-1,0,0,1050.56,-262.358,-284.118,5.88625,7200,0,0,0,0,0,0,0,0,0,0,'',31478),
(2103360743390332,152883,1718,10052,10333,'0',0,33840,0,-1,0,0,1021.54,-276.13,-277.808,5.18737,7200,0,0,0,0,0,0,0,0,0,0,'',31478),
(2103360743390333,150376,1718,10052,10333,'0',0,33840,0,-1,0,0,1023.45,-329.666,-172.859,2.93785,7200,0,0,0,0,0,0,0,0,0,0,'',31478),
(2103360743390334,154698,1718,10052,10333,'0',0,33840,0,-1,0,0,1031.05,-265.124,-280.361,2.30028,7200,0,0,0,0,0,0,0,0,0,0,'',31478),
(2103360743390335,145337,1718,10052,10333,'0',0,33840,0,-1,0,0,1027.36,-253.581,-280.261,2.88003,7200,0,0,0,0,0,0,0,0,0,0,'',31478),
(2103360743390336,145337,1718,10052,10333,'0',0,33840,0,-1,0,0,1032.14,-249.858,-281.976,1.55849,7200,0,0,0,0,0,0,0,0,0,0,'',31478),
(2103360743390337,145337,1718,10052,10333,'0',0,33840,0,-1,0,0,1057.82,-229.255,-291.561,0.883556,7200,0,0,0,0,0,0,0,0,0,0,'',31478),
(2103360743390338,150710,1718,10052,10333,'0',0,33840,0,-1,0,0,1079.2,-220.049,-296.696,1.98362,7200,0,0,0,0,0,0,0,0,0,0,'',31478),
(2103360743390339,145337,1718,10052,10333,'0',0,33840,0,-1,0,0,1086.7,-214.975,-296.733,5.17986,7200,0,0,0,0,0,0,0,0,0,0,'',31478),
(2103360743390340,145337,1718,10052,10333,'0',0,33840,0,-1,0,0,1050.87,-193.446,-298.802,0.969515,7200,0,0,0,0,0,0,0,0,0,0,'',31478),
(2103360743390341,152790,1718,10052,10333,'0',0,33840,0,-1,0,0,1073.55,-191.219,-302.245,6.07317,7200,0,0,0,0,0,0,0,0,0,0,'',31478),
(2103360743390342,152884,1718,10052,10333,'0',0,33840,0,-1,0,0,996.76,-220.205,-274.634,2.39147,7200,0,0,0,0,0,0,0,0,0,0,'',31478),
(2103360743390343,145337,1718,10052,10333,'0',0,33840,0,-1,0,0,1047.05,-191.259,-297.953,3.00439,7200,0,0,0,0,0,0,0,0,0,0,'',31478),
(2103360743390344,152883,1718,10052,10333,'0',0,33840,0,-1,0,0,993.743,-218.045,-273.873,5.38484,7200,0,0,0,0,0,0,0,0,0,0,'',31478),
(2103360743390345,152790,1718,10052,10333,'0',0,33840,0,-1,0,0,1043.75,-181.783,-297.701,4.24227,7200,0,0,0,0,0,0,0,0,0,0,'',31478),
(2103360743390346,154717,1718,10052,10333,'0',0,33840,0,-1,0,0,1037.89,-185.83,-295.703,2.57202,7200,0,0,0,0,0,0,0,0,0,0,'',31478),
(2103360743390347,152883,1718,10052,10333,'0',0,33840,0,-1,0,0,993.743,-218.045,-273.873,5.38484,7200,0,0,0,0,0,0,0,0,0,0,'',31478),
(2103360743390348,152790,1718,10052,10333,'0',0,33840,0,-1,0,0,1045,-180.887,-298.09,1.18322,7200,0,0,0,0,0,0,0,0,0,0,'',31478),
(2103360743390349,154717,1718,10052,10333,'0',0,33840,0,-1,0,0,1067.25,-175.703,-303.514,4.79111,7200,0,0,0,0,0,0,0,0,0,0,'',31478),
(2103360743390350,144647,1718,10052,10333,'0',0,33840,0,-1,0,0,1083.22,-174.378,-346.96,3.6031,7200,0,0,0,0,0,0,0,0,0,0,'',31478),
(2103360743390351,154338,1718,10052,10333,'0',0,33840,0,-1,0,0,998.446,-199.49,-275.84,2.22775,7200,0,0,0,0,0,0,0,0,0,0,'',31478),
(2103360743390352,145337,1718,10052,10333,'0',0,33840,0,-1,0,0,1095.57,-166.214,-344.5,5.61938,7200,0,0,0,0,0,0,0,0,0,0,'',31478),
(2103360743390353,154317,1718,10052,10333,'0',0,33840,0,-1,0,0,992.804,-205.524,-274.437,2.26422,7200,0,0,0,0,0,0,0,0,0,0,'',31478),
(2103360743390354,144647,1718,10052,10333,'0',0,33840,0,-1,0,0,1091.06,-142.536,-346.463,1.49147,7200,0,0,0,0,0,0,0,0,0,0,'',31478),
(2103360743390355,156107,1718,10052,10333,'0',0,33840,0,-1,0,0,1046.41,-125.927,-283.997,5.07971,7200,0,0,0,0,0,0,0,0,0,0,'',31478),
(2103360743390356,145337,1718,10052,10333,'0',0,33840,0,-1,0,0,1130.33,-161.48,-321.06,2.85424,7200,0,0,0,0,0,0,0,0,0,0,'',31478),
(2103360743390357,154241,1718,10052,10333,'0',0,33840,0,-1,0,0,1127.93,-163.123,-321.159,3.57279,7200,0,0,0,0,0,0,0,0,0,0,'',31478),
(2103360743390358,145337,1718,10052,10333,'0',0,33840,0,-1,0,0,1126.65,-135.97,-326.743,3.56982,7200,0,0,0,0,0,0,0,0,0,0,'',31478),
(2103360743390359,152731,1718,10052,10333,'0',0,33840,0,-1,0,0,1123.42,-130.34,-326.817,0,7200,0,0,0,0,0,0,0,0,0,0,'',31478),
(2103360743390360,145337,1718,10052,10333,'0',0,33840,0,-1,0,0,1130.28,-131.599,-327.906,1.00909,7200,0,0,0,0,0,0,0,0,0,0,'',31478),
(2103360743390361,152790,1718,10052,10333,'0',0,33840,0,-1,0,0,1129.59,-104.18,-332.333,2.78247,7200,0,0,0,0,0,0,0,0,0,0,'',31478),
(2103360743390362,152791,1718,10052,10333,'0',0,33840,0,-1,0,0,1130.67,-113.657,-331.889,4.94076,7200,0,0,0,0,0,0,0,0,0,0,'',31478),
(2103360743390363,145337,1718,10052,10333,'0',0,33840,0,-1,0,0,1141.65,-108.633,-202.623,2.73537,7200,0,0,0,0,0,0,0,0,0,0,'',31478),
(2103360743390364,156107,1718,10052,10333,'0',0,33840,0,-1,0,0,1175.13,-133.87,-314.138,3.75164,7200,0,0,0,0,0,0,0,0,0,0,'',31478),
(2103360743390365,152731,1718,10052,10333,'0',0,33840,0,-1,0,0,1163.06,-111.701,-330.018,0,7200,0,0,0,0,0,0,0,0,0,0,'',31478),
(2103360743390366,152790,1718,10052,10333,'0',0,33840,0,-1,0,0,1147.89,-98.6093,-336.453,5.73667,7200,0,0,0,0,0,0,0,0,0,0,'',31478),
(2103360743390367,152790,1718,10052,10333,'0',0,33840,0,-1,0,0,0,0,1,0,7200,0,0,0,0,0,0,0,0,0,0,'',31478),
(2103360743390368,145337,1718,10052,10333,'0',0,33840,0,-1,0,0,1145.72,-72.4531,-343.619,1.63041,7200,0,0,0,0,0,0,0,0,0,0,'',31478),
(2103360743390369,151166,1718,10052,10333,'0',0,33840,0,-1,0,0,1117.87,-78.0722,-346.614,5.05964,7200,0,0,0,0,0,0,0,0,0,0,'',31478),
(2103360743390370,145337,1718,10052,10333,'0',0,33840,0,-1,0,0,1172.95,-89.091,-337.557,5.69735,7200,0,0,0,0,0,0,0,0,0,0,'',31478),
(2103360743390371,151166,1718,10052,10333,'0',0,33840,0,-1,0,0,1112.96,-73.3196,-347.886,2.1526,7200,0,0,0,0,0,0,0,0,0,0,'',31478),
(2103360743390372,144647,1718,10052,10333,'0',0,33840,0,-1,0,0,1110.97,-70.4183,-349.238,0.565088,7200,0,0,0,0,0,0,0,0,0,0,'',31478),
(2103360743390373,145337,1718,10052,10333,'0',0,33840,0,-1,0,0,1171.05,-83.5489,-338.087,2.24079,7200,0,0,0,0,0,0,0,0,0,0,'',31478),
(2103360743390374,145337,1718,10052,10333,'0',0,33840,0,-1,0,0,1144.84,-74.9924,-342.81,1.34905,7200,0,0,0,0,0,0,0,0,0,0,'',31478),
(2103360743390375,151166,1718,10052,10333,'0',0,33840,0,-1,0,0,1121.37,-78.2915,-347.886,5.72551,7200,0,0,0,0,0,0,0,0,0,0,'',31478),
(2103360743390376,154809,1718,10052,10333,'0',0,33840,0,-1,0,0,1199.83,-132.48,-326.883,3.44912,7200,0,0,0,0,0,0,0,0,0,0,'',31478),
(2103360743390377,153591,1718,10052,10333,'0',0,33840,0,-1,0,0,1203.76,-111.295,-325.276,6.03315,7200,0,0,0,0,0,0,0,0,0,0,'',31478),
(2103360743390378,154809,1718,10052,10333,'0',0,33840,0,-1,0,0,1182.86,-72.3247,-337.396,3.97309,7200,0,0,0,0,0,0,0,0,0,0,'',31478),
(2103360743390379,154809,1718,10052,10333,'0',0,33840,0,-1,0,0,1185.08,-76.8455,-337.396,3.01247,7200,0,0,0,0,0,0,0,0,0,0,'',31478),
(2103360743390380,154370,1718,10052,10333,'0',0,33840,0,-1,0,0,1204.59,-123.745,-325.097,4.7326,7200,0,0,0,0,0,0,0,0,0,0,'',31478),
(2103360743390381,152942,1718,10052,10333,'0',0,33840,0,-1,0,0,1208.25,-109.415,-325.276,5.12021,7200,0,0,0,0,0,0,0,0,0,0,'',31478),
(2103360743390382,155941,1718,10052,10333,'0',0,33840,0,-1,0,0,1208.18,-91.3455,-324.981,0.41194,7200,0,0,0,0,0,0,0,0,0,0,'',31478),
(2103360743390383,153578,1718,10052,10333,'0',0,33840,0,-1,0,0,1210.4,-100.698,-325.142,2.36854,7200,0,0,0,0,0,0,0,0,0,0,'',31478),
(2103360743390384,155943,1718,10052,10333,'0',0,33840,0,-1,0,0,1207.83,-86.3202,-326.311,0.331487,7200,0,0,0,0,0,0,0,0,0,0,'',31478),
(2103360743390385,155943,1718,10052,10333,'0',0,33840,0,-1,0,0,1211.31,-96.0029,-325.362,4.5691,7200,0,0,0,0,0,0,0,0,0,0,'',31478),
(2103360743390386,154370,1718,10052,10333,'0',0,33840,0,-1,0,0,1219.56,-99.8403,-325.051,0.611022,7200,0,0,0,0,0,0,0,0,0,0,'',31478),
(2103360743390387,155943,1718,10052,10333,'0',0,33840,0,-1,0,0,1208.37,-88.3762,-325.738,2.91932,7200,0,0,0,0,0,0,0,0,0,0,'',31478),
(2103360743390388,152790,1718,10052,10333,'0',0,33840,0,-1,0,0,1149.44,-38.4473,-343.267,3.49671,7200,0,0,0,0,0,0,0,0,0,0,'',31478),
(2103360743390389,145337,1718,10052,10333,'0',0,33840,0,-1,0,0,1164.61,-18.6042,-347.902,5.47775,7200,0,0,0,0,0,0,0,0,0,0,'',31478),
(2103360743390390,154370,1718,10052,10333,'0',0,33840,0,-1,0,0,1207.43,-39.368,-328.046,5.47145,7200,0,0,0,0,0,0,0,0,0,0,'',31478),
(2103360743390391,145337,1718,10052,10333,'0',0,33840,0,-1,0,0,1166.95,-20.8435,-347.783,4.75143,7200,0,0,0,0,0,0,0,0,0,0,'',31478),
(2103360743390392,154140,1718,10052,10333,'0',0,33840,0,-1,0,0,1203.47,-23.3646,-328.539,0.242114,7200,0,0,0,0,0,0,0,0,0,0,'',31478),
(2103360743390393,153509,1718,10052,10333,'0',0,33840,0,-1,0,0,1199.6,-18.1094,-328.345,5.93849,7200,0,0,0,0,0,0,0,0,0,0,'',31478),
(2103360743390394,154811,1718,10052,10333,'0',0,33840,0,-1,0,0,1204.72,-26.5191,-328.345,5.89835,7200,0,0,0,0,0,0,0,0,0,0,'',31478),
(2103360743390395,154640,1718,10052,10333,'0',0,33840,0,-1,0,0,1214.62,-25.592,-328.185,2.93622,7200,0,0,0,0,0,0,0,0,0,0,'',31478),
(2103360743390396,145838,1718,10052,10333,'0',0,33840,0,-1,0,0,1213.5,-23.842,-328.206,3.05545,7200,0,0,0,0,0,0,0,0,0,0,'',31478),
(2103360743390397,153510,1718,10052,10333,'0',0,33840,0,-1,0,0,1203.17,-16.151,-328.539,5.25335,7200,0,0,0,0,0,0,0,0,0,0,'',31478),
(2103360743390398,155940,1718,10052,10333,'0',0,33840,0,-1,0,0,1209.93,-13.9627,-328.297,4.22657,7200,0,0,0,0,0,0,0,0,0,0,'',31478),
(2103360743390399,154653,1718,10052,10333,'0',0,33840,0,-1,0,0,1213.01,-27.4601,-328.345,2.8135,7200,0,0,0,0,0,0,0,0,0,0,'',31478),
(2103360743390400,155521,1718,10052,10333,'0',0,33840,0,-1,0,0,1210.93,-11.2361,-313.753,0.796641,7200,0,0,0,0,0,0,0,0,0,0,'',31478),
(2103360743390401,155519,1718,10052,10333,'0',0,33840,0,-1,0,0,1215.47,-14.7882,-313.346,3.15945,7200,0,0,0,0,0,0,0,0,0,0,'',31478),
(2103360743390402,154810,1718,10052,10333,'0',0,33840,0,-1,0,0,1209.7,-11.5903,-328.142,0.581749,7200,0,0,0,0,0,0,0,0,0,0,'',31478),
(2103360743390403,156107,1718,10052,10333,'0',0,33840,0,-1,0,0,1175.57,6.82812,-334.191,2.00707,7200,0,0,0,0,0,0,0,0,0,0,'',31478),
(2103360743390404,154180,1718,10052,10333,'0',0,33840,0,-1,0,0,1103.06,-21.8542,-365.939,6.20304,7200,0,0,0,0,0,0,0,0,0,0,'',31478),
(2103360743390405,150710,1718,10052,10333,'0',0,33840,0,-1,0,0,1193.32,5.21354,-353.447,1.97931,7200,0,0,0,0,0,0,0,0,0,0,'',31478),
(2103360743390406,155518,1718,10052,10333,'0',0,33840,0,-1,0,0,1217.07,-18.7483,-313.753,1.86964,7200,0,0,0,0,0,0,0,0,0,0,'',31478),
(2103360743390407,152790,1718,10052,10333,'0',0,33840,0,-1,0,0,0,0,1,0,7200,0,0,0,0,0,0,0,0,0,0,'',31478),
(2103360743390408,151763,1718,10052,10333,'0',0,33840,0,-1,0,0,1214.38,-12.1927,-328.227,4.13717,7200,0,0,0,0,0,0,0,0,0,0,'',31478),
(2103360743390409,155520,1718,10052,10333,'0',0,33840,0,-1,0,0,1212.59,-9.89062,-313.753,3.88028,7200,0,0,0,0,0,0,0,0,0,0,'',31478),
(2103360743390410,156107,1718,10052,10333,'0',0,33840,0,-1,0,0,1238.98,4.06424,-319.563,3.31128,7200,0,0,0,0,0,0,0,0,0,0,'',31478),
(2103360743390411,154809,1718,10052,10333,'0',0,33840,0,-1,0,0,1241.91,0.185753,-340.926,0.757753,7200,0,0,0,0,0,0,0,0,0,0,'',31478),
(2103360743390412,145337,1718,10052,10333,'0',0,33840,0,-1,0,0,1221.16,59.9749,-350.976,6.0042,7200,0,0,0,0,0,0,0,0,0,0,'',31478),
(2103360743390413,145337,1718,10052,10333,'0',0,33840,0,-1,0,0,1221.89,63.6488,-350.023,0.450548,7200,0,0,0,0,0,0,0,0,0,0,'',31478),
(2103360743390414,144644,1718,10052,10333,'0',0,33840,0,-1,0,0,0,0,1,0,7200,0,0,0,0,0,0,0,0,0,0,'',31478),
(2103360743390415,154809,1718,10052,10333,'0',0,33840,0,-1,0,0,1250.7,2.55382,-342.278,1.68957,7200,0,0,0,0,0,0,0,0,0,0,'',31478),
(2103360743390416,152560,1718,10052,10333,'0',0,33840,0,-1,0,0,1248.74,69.3297,-353.628,6.11606,7200,0,0,0,0,0,0,0,0,0,0,'',31478),
(2103360743390417,145337,1718,10052,10333,'0',0,33840,0,-1,0,0,1276.48,61.7157,-352.508,4.22513,7200,0,0,0,0,0,0,0,0,0,0,'',31478),
(2103360743390418,150710,1718,10052,10333,'0',0,33840,0,-1,0,0,1259.44,95.6441,-350.361,4.23618,7200,0,0,0,0,0,0,0,0,0,0,'',31478),
(2103360743390419,145337,1718,10052,10333,'0',0,33840,0,-1,0,0,1276.8,60.128,-352.002,3.92215,7200,0,0,0,0,0,0,0,0,0,0,'',31478),
(2103360743390420,152790,1718,10052,10333,'0',0,33840,0,-1,0,0,1228.38,94.1562,-342.815,4.7483,7200,0,0,0,0,0,0,0,0,0,0,'',31478),
(2103360743390421,152790,1718,10052,10333,'0',0,33840,0,-1,0,0,1232.74,91.7014,-344.003,5.62715,7200,0,0,0,0,0,0,0,0,0,0,'',31478),
(2103360743390422,154809,1718,10052,10333,'0',0,33840,0,-1,0,0,1272.33,-0.805553,-335.755,4.14286,7200,0,0,0,0,0,0,0,0,0,0,'',31478),
(2103360743390423,145337,1718,10052,10333,'0',0,33840,0,-1,0,0,1284.64,93.0989,-237.365,3.40427,7200,0,0,0,0,0,0,0,0,0,0,'',31478),
(2103360743390424,145337,1718,10052,10333,'0',0,33840,0,-1,0,0,1293.27,98.5377,-242.208,0.879345,7200,0,0,0,0,0,0,0,0,0,0,'',31478),
(2103360743390425,145337,1718,10052,10333,'0',0,33840,0,-1,0,0,1351.13,100.668,-364.474,3.95581,7200,0,0,0,0,0,0,0,0,0,0,'',31478),
(2103360743390426,145337,1718,10052,10333,'0',0,33840,0,-1,0,0,1354.78,110.746,-365.011,0.168193,7200,0,0,0,0,0,0,0,0,0,0,'',31478),
(2103360743390427,145337,1718,10052,10333,'0',0,33840,0,-1,0,0,1352.07,110.116,-364.263,0.0899527,7200,0,0,0,0,0,0,0,0,0,0,'',31478),
(2103360743390428,145337,1718,10052,10333,'0',0,33840,0,-1,0,0,1350.95,104.456,-363.949,3.47342,7200,0,0,0,0,0,0,0,0,0,0,'',31478),
(2103360743390429,145337,1718,10052,10333,'0',0,33840,0,-1,0,0,1354.17,103.674,-365.175,0.688334,7200,0,0,0,0,0,0,0,0,0,0,'',31478),
(2103360743390430,145337,1718,10052,10333,'0',0,33840,0,-1,0,0,1369.34,98.6045,-372.341,5.38713,7200,0,0,0,0,0,0,0,0,0,0,'',31478),
(2103360743390431,145337,1718,10052,10333,'0',0,33840,0,-1,0,0,1369.32,107.024,-370.505,3.78159,7200,0,0,0,0,0,0,0,0,0,0,'',31478),
(2103360743390432,145337,1718,10052,10333,'0',0,33840,0,-1,0,0,1368.28,100.49,-371.462,5.31015,7200,0,0,0,0,0,0,0,0,0,0,'',31478),
(2103360743390433,152790,1718,10052,10333,'0',0,33840,0,-1,0,0,1412.79,77.3559,-382.857,4.12215,7200,0,0,0,0,0,0,0,0,0,0,'',31478),
(2103360743390434,152383,1718,10052,10333,'0',0,33840,0,-1,0,0,1396.19,106.67,-375.237,2.92448,7200,0,0,0,0,0,0,0,0,0,0,'',31478),
(2103360743390435,150123,1718,10052,10333,'0',0,33840,0,-1,0,0,1395.03,104.026,-375.234,2.69547,7200,0,0,0,0,0,0,0,0,0,0,'',31478),
(2103360743390436,152790,1718,10052,10333,'0',0,33840,0,-1,0,0,1404.4,75.2259,-383.302,4.16304,7200,0,0,0,0,0,0,0,0,0,0,'',31478),
(2103360743390437,150696,1718,10052,10333,'0',0,33840,0,-1,0,0,1362.84,22.7144,-186.501,6.10749,7200,0,0,0,0,0,0,0,0,0,0,'',31478),
(2103360743390438,152383,1718,10052,10333,'0',0,33840,0,-1,0,0,1392.92,101.833,-375.151,2.5963,7200,0,0,0,0,0,0,0,0,0,0,'',31478),
(2103360743390439,152791,1718,10052,10333,'0',0,33840,0,-1,0,0,1432.67,92.9071,-375.812,4.62586,7200,0,0,0,0,0,0,0,0,0,0,'',31478),
(2103360743390440,150710,1718,10052,10333,'0',0,33840,0,-1,0,0,1376.83,148.517,-367.429,4.75155,7200,0,0,0,0,0,0,0,0,0,0,'',31478),
(2103360743390441,154725,1718,10052,10333,'0',0,33840,0,-1,0,0,1435.92,92.3483,-376.331,2.4841,7200,0,0,0,0,0,0,0,0,0,0,'',31478),
(2103360743390442,152790,1718,10052,10333,'0',0,33840,0,-1,0,0,1427.25,87.5567,-376.504,4.07123,7200,0,0,0,0,0,0,0,0,0,0,'',31478),
(2103360743390443,154725,1718,10052,10333,'0',0,33840,0,-1,0,0,1416.8,135.055,-371.568,3.33632,7200,0,0,0,0,0,0,0,0,0,0,'',31478),
(2103360743390444,150376,1718,10052,10333,'0',0,33840,0,-1,0,0,1432.21,90.5669,-336.406,3.30212,7200,0,0,0,0,0,0,0,0,0,0,'',31478),
(2103360743390445,150376,1718,10052,10333,'0',0,33840,0,-1,0,0,1444.38,94.1485,-339.481,5.16009,7200,0,0,0,0,0,0,0,0,0,0,'',31478),
(2103360743390446,151166,1718,10052,10333,'0',0,33840,0,-1,0,0,1437.93,143.113,-368.502,0.133433,7200,0,0,0,0,0,0,0,0,0,0,'',31478),
(2103360743390447,152549,1718,10052,10333,'0',0,33840,0,-1,0,0,1436.97,143.645,-368.245,0.581864,7200,0,0,0,0,0,0,0,0,0,0,'',31478),
(2103360743390448,145967,1718,10052,10333,'0',0,33840,0,-1,0,0,1450.36,139.255,-357.181,1.43011,7200,0,0,0,0,0,0,0,0,0,0,'',31478),
(2103360743390449,151166,1718,10052,10333,'0',0,33840,0,-1,0,0,1441.93,147.905,-367.381,4.46575,7200,0,0,0,0,0,0,0,0,0,0,'',31478),
(2103360743390450,145967,1718,10052,10333,'0',0,33840,0,-1,0,0,1448.94,144.311,-355.157,0.170033,7200,0,0,0,0,0,0,0,0,0,0,'',31478),
(2103360743390451,152549,1718,10052,10333,'0',0,33840,0,-1,0,0,1448.21,160.61,-364.409,0.941986,7200,0,0,0,0,0,0,0,0,0,0,'',31478),
(2103360743390452,151166,1718,10052,10333,'0',0,33840,0,-1,0,0,1443.93,154.324,-365.516,1.07917,7200,0,0,0,0,0,0,0,0,0,0,'',31478),
(2103360743390453,152383,1718,10052,10333,'0',0,33840,0,-1,0,0,1477.88,99.1474,-383.557,2.51196,7200,0,0,0,0,0,0,0,0,0,0,'',31478),
(2103360743390454,150373,1718,10052,10333,'0',0,33840,0,-1,0,0,1455.43,65.781,-304.271,3.73395,7200,0,0,0,0,0,0,0,0,0,0,'',31478),
(2103360743390455,152549,1718,10052,10333,'0',0,33840,0,-1,0,0,1466.34,160.21,-366.276,0.592302,7200,0,0,0,0,0,0,0,0,0,0,'',31478),
(2103360743390456,145967,1718,10052,10333,'0',0,33840,0,-1,0,0,1469.38,69.3229,-364.058,4.82857,7200,0,0,0,0,0,0,0,0,0,0,'',31478),
(2103360743390457,152383,1718,10052,10333,'0',0,33840,0,-1,0,0,1490.6,98.1389,-385.182,3.44946,7200,0,0,0,0,0,0,0,0,0,0,'',31478),
(2103360743390458,151166,1718,10052,10333,'0',0,33840,0,-1,0,0,1469.54,170.145,-363.449,2.07719,7200,0,0,0,0,0,0,0,0,0,0,'',31478),
(2103360743390459,152549,1718,10052,10333,'0',0,33840,0,-1,0,0,1471.97,163.575,-367.113,4.79845,7200,0,0,0,0,0,0,0,0,0,0,'',31478),
(2103360743390460,150373,1718,10052,10333,'0',0,33840,0,-1,0,0,1432.51,49.9411,-304.676,1.9481,7200,0,0,0,0,0,0,0,0,0,0,'',31478),
(2103360743390461,150373,1718,10052,10333,'0',0,33840,0,-1,0,0,1497.54,73.2544,-323.057,3.63599,7200,0,0,0,0,0,0,0,0,0,0,'',31478),
(2103360743390462,152547,1718,10052,10333,'0',0,33840,0,-1,0,0,1524.4,96.5885,-388.161,5.20036,7200,0,0,0,0,0,0,0,0,0,0,'',31478),
(2103360743390463,152731,1718,10052,10333,'0',0,33840,0,-1,0,0,1513.25,80.1181,-389.99,0,7200,0,0,0,0,0,0,0,0,0,0,'',31478),
(2103360743390464,152383,1718,10052,10333,'0',0,33840,0,-1,0,0,1511.33,76.6476,-390.232,4.07722,7200,0,0,0,0,0,0,0,0,0,0,'',31478),
(2103360743390465,152384,1718,10052,10333,'0',0,33840,0,-1,0,0,1511.39,75.2993,-390.212,0.737143,7200,0,0,0,0,0,0,0,0,0,0,'',31478),
(2103360743390466,152547,1718,10052,10333,'0',0,33840,0,-1,0,0,1524.06,96.6405,-388.255,1.60433,7200,0,0,0,0,0,0,0,0,0,0,'',31478),
(2103360743390467,154725,1718,10052,10333,'0',0,33840,0,-1,0,0,1526.02,106.674,-387.833,4.02563,7200,0,0,0,0,0,0,0,0,0,0,'',31478),
(2103360743390468,152383,1718,10052,10333,'0',0,33840,0,-1,0,0,1514.8,76.3091,-389.803,5.98976,7200,0,0,0,0,0,0,0,0,0,0,'',31478),
(2103360743390469,152383,1718,10052,10333,'0',0,33840,0,-1,0,0,1513.36,76.9061,-390.1,4.5306,7200,0,0,0,0,0,0,0,0,0,0,'',31478),
(2103360743390470,152903,1718,10052,10333,'0',0,33840,0,-1,0,0,1527.49,92.8385,-388.398,0.486035,7200,0,0,0,0,0,0,0,0,0,0,'',31478),
(2103360743390471,154710,1718,10052,10333,'0',0,33840,0,-1,0,0,1557.19,125.375,-381.312,6.14908,7200,0,0,0,0,0,0,0,0,0,0,'',31478),
(2103360743390472,152791,1718,10052,10333,'0',0,33840,0,-1,0,0,1546.48,121.582,-381.667,4.7483,7200,0,0,0,0,0,0,0,0,0,0,'',31478),
(2103360743390473,150710,1718,10052,10333,'0',0,33840,0,-1,0,0,1522.62,68.4358,-389.859,2.91946,7200,0,0,0,0,0,0,0,0,0,0,'',31478),
(2103360743390474,156107,1718,10052,10333,'0',0,33840,0,-1,0,0,1554.21,131.384,-444.277,1.66636,7200,0,0,0,0,0,0,0,0,0,0,'',31478),
(2103360743390475,150373,1718,10052,10333,'0',0,33840,0,-1,0,0,1575.55,155.712,-329.39,3.85114,7200,0,0,0,0,0,0,0,0,0,0,'',31478),
(2103360743390476,152790,1718,10052,10333,'0',0,33840,0,-1,0,0,0,0,1,0,7200,0,0,0,0,0,0,0,0,0,0,'',31478),
(2103360743390477,145340,1718,10052,10333,'0',0,33840,0,-1,0,0,1504.67,194.767,-366.32,5.42393,7200,0,0,0,0,0,0,0,0,0,0,'',31478),
(2103360743390478,152065,1718,10052,10333,'0',0,33840,0,-1,0,0,1552.16,82.474,-453.729,5.94842,7200,0,0,0,0,0,0,0,0,0,0,'',31478),
(2103360743390479,150373,1718,10052,10333,'0',0,33840,0,-1,0,0,1557.74,82.2366,-317.213,3.58452,7200,10,0,0,0,1,0,0,0,0,0,'',31478),
(2103360743390480,145340,1718,10052,10333,'0',0,33840,0,-1,0,0,1501.39,195.955,-366.323,4.77377,7200,0,0,0,0,0,0,0,0,0,0,'',31478),
(2103360743390481,145967,1718,10052,10333,'0',0,33840,0,-1,0,0,1563.95,192.65,-241.492,0.872629,7200,0,0,0,0,0,0,0,0,0,0,'',31478),
(2103360743390482,145967,1718,10052,10333,'0',0,33840,0,-1,0,0,1554.14,200.036,-369.297,0,7200,0,0,0,0,0,0,0,0,0,0,'',31478),
(2103360743390483,154950,1718,10052,10333,'0',0,33840,0,-1,0,0,1565.7,79.9809,-454.441,2.90283,7200,0,0,0,0,0,0,0,0,0,0,'',31478),
(2103360743390484,152546,1718,10052,10333,'0',0,33840,0,-1,0,0,1589.5,96.8698,-384.171,2.88894,7200,0,0,0,0,0,0,0,0,0,0,'',31478),
(2103360743390485,152547,1718,10052,10333,'0',0,33840,0,-1,0,0,1606.75,103.497,-383.043,1.64689,7200,0,0,0,0,0,0,0,0,0,0,'',31478),
(2103360743390486,154725,1718,10052,10333,'0',0,33840,0,-1,0,0,1603.11,104.447,-383.301,4.40625,7200,0,0,0,0,0,0,0,0,0,0,'',31478),
(2103360743390487,145967,1718,10052,10333,'0',0,33840,0,-1,0,0,1597.1,181.34,-241.329,0.306859,7200,0,0,0,0,0,0,0,0,0,0,'',31478),
(2103360743390488,154725,1718,10052,10333,'0',0,33840,0,-1,0,0,1559.58,70.4156,-393.482,4.24835,7200,0,0,0,0,0,0,0,0,0,0,'',31478),
(2103360743390489,145967,1718,10052,10333,'0',0,33840,0,-1,0,0,1607.46,184.482,-333.563,1.71676,7200,0,0,0,0,0,0,0,0,0,0,'',31478),
(2103360743390490,152547,1718,10052,10333,'0',0,33840,0,-1,0,0,1651.15,145,-379.758,5.60801,7200,0,0,0,0,0,0,0,0,0,0,'',31478),
(2103360743390491,152547,1718,10052,10333,'0',0,33840,0,-1,0,0,1653.04,142.3,-380.751,1.69335,7200,0,0,0,0,0,0,0,0,0,0,'',31478),
(2103360743390492,152547,1718,10052,10333,'0',0,33840,0,-1,0,0,1654.82,132.327,-383.171,4.94714,7200,0,0,0,0,0,0,0,0,0,0,'',31478),
(2103360743390493,152563,1718,10052,10333,'0',0,33840,0,-1,0,0,1657.55,112.233,-382.256,2.81853,7200,0,0,0,0,0,0,0,0,0,0,'',31478),
(2103360743390494,152383,1718,10052,10333,'0',0,33840,0,-1,0,0,1660.6,143.2,-378.551,1.3943,7200,10,0,0,0,1,0,0,0,0,0,'',31478),
(2103360743390495,145967,1718,10052,10333,'0',0,33840,0,-1,0,0,1630.02,231.006,-332.657,5.01358,7200,0,0,0,0,0,0,0,0,0,0,'',31478),
(2103360743390496,153543,1718,10052,10333,'0',0,33840,0,-1,0,0,1709.08,126.488,-370.821,5.77704,7200,0,0,0,0,0,0,0,0,0,0,'',31478),
(2103360743390497,154725,1718,10052,10333,'0',0,33840,0,-1,0,0,1657.12,92.7345,-384.701,2.37949,7200,0,0,0,0,0,0,0,0,0,0,'',31478),
(2103360743390498,153762,1718,10052,10333,'0',0,33840,0,-1,0,0,1708.99,140.344,-371.191,2.38675,7200,10,0,0,0,1,0,0,0,0,0,'',31478),
(2103360743390499,153764,1718,10052,10333,'0',0,33840,0,-1,0,0,1709.13,136.406,-371.047,2.37544,7200,10,0,0,0,1,0,0,0,0,0,'',31478),
(2103360743390500,152383,1718,10052,10333,'0',0,33840,0,-1,0,0,1651.46,126.682,-382.815,5.9673,7200,0,0,0,0,0,0,0,0,0,0,'',31478),
(2103360743390501,47319,1718,10052,10333,'0',0,33840,0,-1,0,0,1653.53,196.83,-378.184,1.56818,7200,0,0,0,0,0,0,0,0,0,0,'',31478),
(2103360743390502,153778,1718,10052,10333,'0',0,33840,0,-1,0,0,1704.25,239.896,-363.242,4.99672,7200,0,0,0,0,0,0,0,0,0,0,'',31478),
(2103360743390503,154725,1718,10052,10333,'0',0,33840,0,-1,0,0,1612.92,294.409,-372.427,3.98207,7200,0,0,0,0,0,0,0,0,0,0,'',31478),
(2103360743390504,151166,1718,10052,10333,'0',0,33840,0,-1,0,0,1706.07,282.481,-363.946,5.90281,7200,0,0,0,0,0,0,0,0,0,0,'',31478),
(2103360743390505,154725,1718,10052,10333,'0',0,33840,0,-1,0,0,1615.99,299.109,-373.094,3.59518,7200,0,0,0,0,0,0,0,0,0,0,'',31478),
(2103360743390506,152549,1718,10052,10333,'0',0,33840,0,-1,0,0,1706.08,282.251,-364.107,5.73265,7200,0,0,0,0,0,0,0,0,0,0,'',31478),
(2103360743390507,152549,1718,10052,10333,'0',0,33840,0,-1,0,0,1660.41,307.808,-366.995,5.73116,7200,0,0,0,0,0,0,0,0,0,0,'',31478),
(2103360743390508,152543,1718,10052,10333,'0',0,33840,0,-1,0,0,1626.3,294.129,-371.291,2.663,7200,0,0,0,0,0,0,0,0,0,0,'',31478),
(2103360743390509,154246,1718,10052,10333,'0',0,33840,0,-1,0,0,1713.04,273.398,-363.45,4.79659,7200,0,0,0,0,0,0,0,0,0,0,'',31478),
(2103360743390510,152543,1718,10052,10333,'0',0,33840,0,-1,0,0,1659.15,312.812,-366.995,5.09578,7200,0,0,0,0,0,0,0,0,0,0,'',31478),
(2103360743390511,151166,1718,10052,10333,'0',0,33840,0,-1,0,0,1712.44,282.278,-363.249,5.67186,7200,0,0,0,0,0,0,0,0,0,0,'',31478),
(2103360743390512,154238,1718,10052,10333,'0',0,33840,0,-1,0,0,1719.75,263.962,-363.137,2.43352,7200,0,0,0,0,0,0,0,0,0,0,'',31478),
(2103360743390513,150376,1718,10052,10333,'0',0,33840,0,-1,0,0,1722.83,286.128,-194.971,4.91688,7200,10,0,0,0,1,0,0,0,0,0,'',31478),
(2103360743390514,150696,1718,10052,10333,'0',0,33840,0,-1,0,0,1735.91,305.413,-195.836,5.18145,7200,10,0,0,0,1,0,0,0,0,0,'',31478),
(2103360743390515,152731,1718,10052,10333,'0',0,33840,0,-1,0,0,1646.82,324.526,-367.086,0,7200,0,0,0,0,0,0,0,0,0,0,'',31478),
(2103360743390516,154725,1718,10052,10333,'0',0,33840,0,-1,0,0,1644.98,326.88,-367.882,4.83617,7200,0,0,0,0,0,0,0,0,0,0,'',31478),
(2103360743390517,150376,1718,10052,10333,'0',0,33840,0,-1,0,0,1734.56,318.182,-194.793,2.04238,7200,10,0,0,0,1,0,0,0,0,0,'',31478),
(2103360743390518,152731,1718,10052,10333,'0',0,33840,0,-1,0,0,1748.36,298.87,-368.259,0,7200,0,0,0,0,0,0,0,0,0,0,'',31478),
(2103360743390519,145967,1718,10052,10333,'0',0,33840,0,-1,0,0,1740.06,298.928,-196.139,4.26431,7200,0,0,0,0,0,0,0,0,0,0,'',31478),
(2103360743390520,150710,1718,10052,10333,'0',0,33840,0,-1,0,0,1750.56,254.33,-399.614,4.99965,7200,0,0,0,0,0,0,0,0,0,0,'',31478),
(2103360743390521,150710,1718,10052,10333,'0',0,33840,0,-1,0,0,1763.23,322.712,-370.973,5.16928,7200,0,0,0,0,0,0,0,0,0,0,'',31478),
(2103360743390522,152563,1718,10052,10333,'0',0,33840,0,-1,0,0,1765.22,307.328,-370.87,4.58818,7200,0,0,0,0,0,0,0,0,0,0,'',31478),
(2103360743390523,152560,1718,10052,10333,'0',0,33840,0,-1,0,0,1792.99,230.441,-398.69,2.7405,7200,10,0,0,0,1,0,0,0,0,0,'',31478),
(2103360743390524,152275,1718,10052,10333,'0',0,33840,0,-1,0,0,1812.62,310.106,-348.976,1.68401,7200,10,0,0,0,1,0,0,0,0,0,'',31478),
(2103360743390525,152275,1718,10052,10333,'0',0,33840,0,-1,0,0,1821.75,314.43,-348.956,0.114886,7200,10,0,0,0,1,0,0,0,0,0,'',31478),
(2103360743390526,153149,1718,10052,10333,'0',0,33840,0,-1,0,0,1823.16,317.728,-349.317,0.393493,7200,10,0,0,0,1,0,0,0,0,0,'',31478),
(2103360743390527,152275,1718,10052,10333,'0',0,33840,0,-1,0,0,1823.28,309.696,-348.8,0,7200,0,0,0,0,0,0,0,0,0,0,'',31478),
(2103360743390528,145967,1718,10052,10333,'0',0,33840,0,-1,0,0,1791.79,225.787,-341.244,6.16296,7200,10,0,0,0,1,0,0,0,0,0,'',31478),
(2103360743390529,152275,1718,10052,10333,'0',0,33840,0,-1,0,0,1811.47,320.137,-349.232,3.70879,7200,0,0,0,0,0,0,0,0,0,0,'',31478),
(2103360743390530,152367,1718,10052,10333,'0',0,33840,0,-1,0,0,1819.11,272.686,-363.617,1.73879,7200,10,0,0,0,1,0,0,0,0,0,'',31478),
(2103360743390531,152367,1718,10052,10333,'0',0,33840,0,-1,0,0,1824.42,259.448,-363.795,3.34068,7200,10,0,0,0,1,0,0,0,0,0,'',31478),
(2103360743390532,152275,1718,10052,10333,'0',0,33840,0,-1,0,0,1808.26,322.859,-349.224,3.64393,7200,0,0,0,0,0,0,0,0,0,0,'',31478),
(2103360743390533,152367,1718,10052,10333,'0',0,33840,0,-1,0,0,1821.87,257.369,-363.72,4.4901,7200,10,0,0,0,1,0,0,0,0,0,'',31478),
(2103360743390534,153149,1718,10052,10333,'0',0,33840,0,-1,0,0,1823.41,317.112,-349.236,2.77905,7200,10,0,0,0,1,0,0,0,0,0,'',31478),
(2103360743390535,152275,1718,10052,10333,'0',0,33840,0,-1,0,0,1817.95,330.798,-348.705,1.6564,7200,10,0,0,0,1,0,0,0,0,0,'',31478),
(2103360743390536,153818,1718,10052,10333,'0',0,33840,0,-1,0,0,1825.93,319.709,-349.317,5.77151,7200,10,0,0,0,1,0,0,0,0,0,'',31478),
(2103360743390537,152275,1718,10052,10333,'0',0,33840,0,-1,0,0,1812.03,331.795,-348.276,2.48088,7200,0,0,0,0,0,0,0,0,0,0,'',31478),
(2103360743390538,152731,1718,10052,10333,'0',0,33840,0,-1,0,0,1810.36,231.663,-363.073,0,7200,0,0,0,0,0,0,0,0,0,0,'',31478),
(2103360743390539,152731,1718,10052,10333,'0',0,33840,0,-1,0,0,1788.24,218.372,-397.605,0,7200,0,0,0,0,0,0,0,0,0,0,'',31478),
(2103360743390540,152274,1718,10052,10333,'0',0,33840,0,-1,0,0,1843.62,228.547,-398.675,4.85829,7200,0,0,0,0,0,0,0,0,0,0,'',31478),
(2103360743390541,152274,1718,10052,10333,'0',0,33840,0,-1,0,0,1824.05,328.289,-349.316,4.56272,7200,0,0,0,0,0,0,0,0,0,0,'',31478),
(2103360743390542,154725,1718,10052,10333,'0',0,33840,0,-1,0,0,1866.46,270.095,-355.118,3.35709,7200,10,0,0,0,1,0,0,0,0,0,'',31478),
(2103360743390543,153818,1718,10052,10333,'0',0,33840,0,-1,0,0,1828.18,339.978,-349.312,4.51508,7200,10,0,0,0,1,0,0,0,0,0,'',31478),
(2103360743390544,152274,1718,10052,10333,'0',0,33840,0,-1,0,0,1863.14,309.836,-351.476,4.60572,7200,10,0,0,0,1,0,0,0,0,0,'',31478),
(2103360743390545,153149,1718,10052,10333,'0',0,33840,0,-1,0,0,1843.8,335.262,-347.108,0.0516135,7200,10,0,0,0,1,0,0,0,0,0,'',31478),
(2103360743390546,152985,1718,10052,10333,'0',0,33840,0,-1,0,0,1875.38,266.538,-355.882,2.91594,7200,0,0,0,0,0,0,0,0,0,0,'',31478),
(2103360743390547,152274,1718,10052,10333,'0',0,33840,0,-1,0,0,1829.51,335.895,-349.231,1.98952,7200,0,0,0,0,0,0,0,0,0,0,'',31478),
(2103360743390548,153149,1718,10052,10333,'0',0,33840,0,-1,0,0,1826.44,333.957,-349.28,5.00073,7200,10,0,0,0,1,0,0,0,0,0,'',31478),
(2103360743390549,153818,1718,10052,10333,'0',0,33840,0,-1,0,0,1873.52,320.363,-350.814,3.95356,7200,0,0,0,0,0,0,0,0,0,0,'',31478),
(2103360743390550,152275,1718,10052,10333,'0',0,33840,0,-1,0,0,1813.19,345.589,-346.743,5.47845,7200,10,0,0,0,1,0,0,0,0,0,'',31478),
(2103360743390551,153149,1718,10052,10333,'0',0,33840,0,-1,0,0,1847.51,341.172,-346.632,4.70816,7200,10,0,0,0,1,0,0,0,0,0,'',31478),
(2103360743390552,153818,1718,10052,10333,'0',0,33840,0,-1,0,0,1860.55,342.035,-343.097,1.31689,7200,10,0,0,0,1,0,0,0,0,0,'',31478),
(2103360743390553,152274,1718,10052,10333,'0',0,33840,0,-1,0,0,1886.75,312.703,-349.257,1.54388,7200,0,0,0,0,0,0,0,0,0,0,'',31478),
(2103360743390554,150710,1718,10052,10333,'0',0,33840,0,-1,0,0,1856.6,230.286,-399.313,4.19605,7200,0,0,0,0,0,0,0,0,0,0,'',31478),
(2103360743390555,152275,1718,10052,10333,'0',0,33840,0,-1,0,0,1859.62,349.01,-343.115,5.60351,7200,10,0,0,0,1,0,0,0,0,0,'',31478),
(2103360743390556,153149,1718,10052,10333,'0',0,33840,0,-1,0,0,1905.67,313.181,-350.825,5.17957,7200,10,0,0,0,1,0,0,0,0,0,'',31478),
(2103360743390557,150710,1718,10052,10333,'0',0,33840,0,-1,0,0,1893.48,322.047,-349.832,1.04981,7200,0,0,0,0,0,0,0,0,0,0,'',31478),
(2103360743390558,152273,1718,10052,10333,'0',0,33840,0,-1,0,0,1892.26,332.196,-349.118,2.71623,7200,0,0,0,0,0,0,0,0,0,0,'',31478),
(2103360743390559,153149,1718,10052,10333,'0',0,33840,0,-1,0,0,1888.51,323.739,-350.251,6.04368,7200,10,0,0,0,1,0,0,0,0,0,'',31478),
(2103360743390560,152274,1718,10052,10333,'0',0,33840,0,-1,0,0,1888.34,332.974,-352.119,5.64042,7200,0,0,0,0,0,0,0,0,0,0,'',31478),
(2103360743390561,153818,1718,10052,10333,'0',0,33840,0,-1,0,0,1900.18,321.723,-350.654,6.00685,7200,10,0,0,0,1,0,0,0,0,0,'',31478),
(2103360743390562,152275,1718,10052,10333,'0',0,33840,0,-1,0,0,1915.42,298.784,-349.503,0.769985,7200,10,0,0,0,1,0,0,0,0,0,'',31478),
(2103360743390563,153149,1718,10052,10333,'0',0,33840,0,-1,0,0,1902.37,331.834,-351.617,5.95817,7200,10,0,0,0,1,0,0,0,0,0,'',31478),
(2103360743390564,152275,1718,10052,10333,'0',0,33840,0,-1,0,0,1916.43,307.028,-351.2,1.99262,7200,10,0,0,0,1,0,0,0,0,0,'',31478),
(2103360743390565,153149,1718,10052,10333,'0',0,33840,0,-1,0,0,1914.62,312.946,-351.518,5.16652,7200,10,0,0,0,1,0,0,0,0,0,'',31478),
(2103360743390566,150710,1718,10052,10333,'0',0,33840,0,-1,0,0,1926.59,233.26,-363.82,3.36112,7200,0,0,0,0,0,0,0,0,0,0,'',31478),
(2103360743390567,150710,1718,10052,10333,'0',0,33840,0,-1,0,0,1926.6,233.26,-363.82,3.36112,7200,0,0,0,0,0,0,0,0,0,0,'',31478),
(2103360743390568,152568,1718,10052,10333,'0',0,33840,0,-1,0,0,1951.49,264.523,-364.123,3.63105,7200,0,0,0,0,0,0,0,0,0,0,'',31478),
(2103360743390569,150710,1718,10052,10333,'0',0,33840,0,-1,0,0,1880.96,175.934,-362.763,0.125745,7200,0,0,0,0,0,0,0,0,0,0,'',31478),
(2103360743390570,150710,1718,10052,10333,'0',0,33840,0,-1,0,0,1936.24,161.785,-357.751,1.64503,7200,0,0,0,0,0,0,0,0,0,0,'',31478),
(2103360743390571,154724,1718,10052,10333,'0',0,33840,0,-1,0,0,1837.17,179.975,-397.07,0.837144,7200,0,0,0,0,0,0,0,0,0,0,'',31478),
(2103360743390572,150376,1718,10052,10333,'0',0,33840,0,-1,0,0,1848.26,136.094,-369.067,4.06577,7200,0,0,0,0,0,0,0,0,0,0,'',31478),
(2103360743390573,150376,1718,10052,10333,'0',0,33840,0,-1,0,0,1844.19,139.345,-373.699,3.78643,7200,0,0,0,0,0,0,0,0,0,0,'',31478),
(2103360743390574,150696,1718,10052,10333,'0',0,33840,0,-1,0,0,1848.52,131.656,-378.742,5.7631,7200,0,0,0,0,0,0,0,0,0,0,'',31478),
(2103360743390575,145967,1718,10052,10333,'0',0,33840,0,-1,0,0,1910.29,103.646,-337.92,1.18211,7200,0,0,0,0,0,0,0,0,0,0,'',31478),
(2103360743390576,154725,1718,10052,10333,'0',0,33840,0,-1,0,0,1908.14,111.126,-410.385,2.5507,7200,0,0,0,0,0,0,0,0,0,0,'',31478),
(2103360743390577,150710,1718,10052,10333,'0',0,33840,0,-1,0,0,1951.83,148.806,-387.911,4.75181,7200,0,0,0,0,0,0,0,0,0,0,'',31478),
(2103360743390578,145967,1718,10052,10333,'0',0,33840,0,-1,0,0,1927.42,96.7156,-338.871,5.73783,7200,0,0,0,0,0,0,0,0,0,0,'',31478),
(2103360743390579,145967,1718,10052,10333,'0',0,33840,0,-1,0,0,1919.36,96.9259,-337.92,3.91454,7200,0,0,0,0,0,0,0,0,0,0,'',31478),
(2103360743390580,150710,1718,10052,10333,'0',0,33840,0,-1,0,0,1946.75,290.776,-364.602,4.62645,7200,0,0,0,0,0,0,0,0,0,0,'',31478),
(2103360743390581,153818,1718,10052,10333,'0',0,33840,0,-1,0,0,1921.52,311.234,-352.12,5.43035,7200,10,0,0,0,1,0,0,0,0,0,'',31478),
(2103360743390582,153818,1718,10052,10333,'0',0,33840,0,-1,0,0,1932.07,308.66,-352.872,0,7200,0,0,0,0,0,0,0,0,0,0,'',31478),
(2103360743390583,152275,1718,10052,10333,'0',0,33840,0,-1,0,0,1921.64,320.424,-352.784,0.101899,7200,0,0,0,0,0,0,0,0,0,0,'',31478),
(2103360743390584,152275,1718,10052,10333,'0',0,33840,0,-1,0,0,1888.05,347.908,-351.811,6.05111,7200,0,0,0,0,0,0,0,0,0,0,'',31478),
(2103360743390585,153149,1718,10052,10333,'0',0,33840,0,-1,0,0,1919.04,324.473,-352.131,2.86678,7200,0,0,0,0,0,0,0,0,0,0,'',31478),
(2103360743390586,153149,1718,10052,10333,'0',0,33840,0,-1,0,0,1906.47,352.721,-352.409,2.62548,7200,0,0,0,0,0,0,0,0,0,0,'',31478),
(2103360743390587,153149,1718,10052,10333,'0',0,33840,0,-1,0,0,1926.1,329.593,-353.007,0.723486,7200,10,0,0,0,1,0,0,0,0,0,'',31478),
(2103360743390588,152274,1718,10052,10333,'0',0,33840,0,-1,0,0,1840,351.727,-347.954,4.4354,7200,0,0,0,0,0,0,0,0,0,0,'',31478),
(2103360743390589,153149,1718,10052,10333,'0',0,33840,0,-1,0,0,1904.56,350.555,-352.549,4.09455,7200,0,0,0,0,0,0,0,0,0,0,'',31478),
(2103360743390590,152274,1718,10052,10333,'0',0,33840,0,-1,0,0,1839.2,352.364,-347.912,4.70523,7200,0,0,0,0,0,0,0,0,0,0,'',31478),
(2103360743390591,152275,1718,10052,10333,'0',0,33840,0,-1,0,0,1916.36,342.444,-345.035,5.74674,7200,0,0,0,0,0,0,0,0,0,0,'',31478),
(2103360743390592,152275,1718,10052,10333,'0',0,33840,0,-1,0,0,1867.63,356.028,-339.99,0.421465,7200,10,0,0,0,1,0,0,0,0,0,'',31478),
(2103360743390593,152275,1718,10052,10333,'0',0,33840,0,-1,0,0,1911.24,347.669,-352.501,3.5234,7200,0,0,0,0,0,0,0,0,0,0,'',31478),
(2103360743390594,152273,1718,10052,10333,'0',0,33840,0,-1,0,0,1864.45,353.217,-342.223,4.46516,7200,0,0,0,0,0,0,0,0,0,0,'',31478),
(2103360743390595,152275,1718,10052,10333,'0',0,33840,0,-1,0,0,1928.07,326.651,-353.446,6.05113,7200,0,0,0,0,0,0,0,0,0,0,'',31478),
(2103360743390596,150710,1718,10052,10333,'0',0,33840,0,-1,0,0,1869.89,353.715,-341.291,3.92659,7200,0,0,0,0,0,0,0,0,0,0,'',31478),
(2103360743390597,153818,1718,10052,10333,'0',0,33840,0,-1,0,0,1873.35,379.158,-348.774,2.08905,7200,10,0,0,0,1,0,0,0,0,0,'',31478),
(2103360743390598,153149,1718,10052,10333,'0',0,33840,0,-1,0,0,1906.04,364.365,-352.409,2.56414,7200,0,0,0,0,0,0,0,0,0,0,'',31478),
(2103360743390599,153149,1718,10052,10333,'0',0,33840,0,-1,0,0,1857.08,381.515,-349.403,2.36789,7200,10,0,0,0,1,0,0,0,0,0,'',31478),
(2103360743390600,152274,1718,10052,10333,'0',0,33840,0,-1,0,0,1894.22,359.75,-352.422,4.64985,7200,10,0,0,0,1,0,0,0,0,0,'',31478),
(2103360743390601,152273,1718,10052,10333,'0',0,33840,0,-1,0,0,1866.67,380.142,-348.394,3.2491,7200,0,0,0,0,0,0,0,0,0,0,'',31478),
(2103360743390602,152274,1718,10052,10333,'0',0,33840,0,-1,0,0,1867.16,377.781,-348.229,2.62469,7200,0,0,0,0,0,0,0,0,0,0,'',31478),
(2103360743390603,152274,1718,10052,10333,'0',0,33840,0,-1,0,0,1868.5,378.394,-348.116,1.73968,7200,0,0,0,0,0,0,0,0,0,0,'',31478),
(2103360743390604,153818,1718,10052,10333,'0',0,33840,0,-1,0,0,1902.32,359.418,-352.446,2.96405,7200,10,0,0,0,1,0,0,0,0,0,'',31478),
(2103360743390605,152275,1718,10052,10333,'0',0,33840,0,-1,0,0,1854.31,368.793,-346.639,3.39313,7200,0,0,0,0,0,0,0,0,0,0,'',31478),
(2103360743390606,153818,1718,10052,10333,'0',0,33840,0,-1,0,0,1909.26,354.184,-352.165,0.370636,7200,10,0,0,0,1,0,0,0,0,0,'',31478),
(2103360743390607,153149,1718,10052,10333,'0',0,33840,0,-1,0,0,1898.16,362.121,-352.446,2.49768,7200,10,0,0,0,1,0,0,0,0,0,'',31478),
(2103360743390608,152275,1718,10052,10333,'0',0,33840,0,-1,0,0,1853.19,368.37,-346.771,0.509026,7200,0,0,0,0,0,0,0,0,0,0,'',31478),
(2103360743390609,152275,1718,10052,10333,'0',0,33840,0,-1,0,0,1920,343.467,-343.946,2.55121,7200,0,0,0,0,0,0,0,0,0,0,'',31478),
(2103360743390610,152275,1718,10052,10333,'0',0,33840,0,-1,0,0,1882.43,374.354,-350.324,1.348,7200,0,0,0,0,0,0,0,0,0,0,'',31478),
(2103360743390611,153818,1718,10052,10333,'0',0,33840,0,-1,0,0,1863.68,367.333,-343.45,5.31786,7200,10,0,0,0,1,0,0,0,0,0,'',31478),
(2103360743390612,153149,1718,10052,10333,'0',0,33840,0,-1,0,0,1846.76,365.818,-347.429,5.22344,7200,10,0,0,0,1,0,0,0,0,0,'',31478),
(2103360743390613,153818,1718,10052,10333,'0',0,33840,0,-1,0,0,1878.98,392.157,-358.743,1.7585,7200,10,0,0,0,1,0,0,0,0,0,'',31478),
(2103360743390614,152274,1718,10052,10333,'0',0,33840,0,-1,0,0,1859.96,386.344,-349.786,1.55652,7200,0,0,0,0,0,0,0,0,0,0,'',31478),
(2103360743390615,152275,1718,10052,10333,'0',0,33840,0,-1,0,0,1850.66,388.813,-349.455,5.93685,7200,10,0,0,0,1,0,0,0,0,0,'',31478),
(2103360743390616,152274,1718,10052,10333,'0',0,33840,0,-1,0,0,1836.31,383.54,-344.862,1.54689,7200,0,0,0,0,0,0,0,0,0,0,'',31478),
(2103360743390617,152275,1718,10052,10333,'0',0,33840,0,-1,0,0,1869.47,391.395,-356.177,4.9036,7200,10,0,0,0,1,0,0,0,0,0,'',31478),
(2103360743390618,152274,1718,10052,10333,'0',0,33840,0,-1,0,0,1848.41,381.281,-348.003,1.95615,7200,0,0,0,0,0,0,0,0,0,0,'',31478),
(2103360743390619,152274,1718,10052,10333,'0',0,33840,0,-1,0,0,1853.42,391.018,-349.698,3.02547,7200,0,0,0,0,0,0,0,0,0,0,'',31478),
(2103360743390620,152274,1718,10052,10333,'0',0,33840,0,-1,0,0,1835.75,386.387,-344.983,5.41381,7200,10,0,0,0,1,0,0,0,0,0,'',31478),
(2103360743390621,152275,1718,10052,10333,'0',0,33840,0,-1,0,0,1848.76,399.131,-349.29,5.5383,7200,10,0,0,0,1,0,0,0,0,0,'',31478),
(2103360743390622,152275,1718,10052,10333,'0',0,33840,0,-1,0,0,1853.73,401.992,-350.009,1.5951,7200,10,0,0,0,1,0,0,0,0,0,'',31478),
(2103360743390623,152274,1718,10052,10333,'0',0,33840,0,-1,0,0,1856.47,401.559,-350.611,6.19641,7200,0,0,0,0,0,0,0,0,0,0,'',31478),
(2103360743390624,152275,1718,10052,10333,'0',0,33840,0,-1,0,0,1873.81,397.781,-353.541,0.511036,7200,0,0,0,0,0,0,0,0,0,0,'',31478),
(2103360743390625,152275,1718,10052,10333,'0',0,33840,0,-1,0,0,1888.49,400.712,-349.563,0.182196,7200,0,0,0,0,0,0,0,0,0,0,'',31478),
(2103360743390626,153818,1718,10052,10333,'0',0,33840,0,-1,0,0,1843.97,412.71,-345.645,3.39156,7200,10,0,0,0,1,0,0,0,0,0,'',31478),
(2103360743390627,152275,1718,10052,10333,'0',0,33840,0,-1,0,0,1847.9,408.866,-348.453,1.61294,7200,10,0,0,0,1,0,0,0,0,0,'',31478),
(2103360743390628,152275,1718,10052,10333,'0',0,33840,0,-1,0,0,1852.15,405.47,-349.656,1.60164,7200,10,0,0,0,1,0,0,0,0,0,'',31478),
(2103360743390629,152274,1718,10052,10333,'0',0,33840,0,-1,0,0,1856.52,403.132,-350.599,5.56409,7200,0,0,0,0,0,0,0,0,0,0,'',31478),
(2103360743390630,153149,1718,10052,10333,'0',0,33840,0,-1,0,0,1832.52,406.116,-346.405,4.23323,7200,10,0,0,0,1,0,0,0,0,0,'',31478),
(2103360743390631,153149,1718,10052,10333,'0',0,33840,0,-1,0,0,1845.93,395.546,-348.973,2.75114,7200,10,0,0,0,1,0,0,0,0,0,'',31478),
(2103360743390632,152275,1718,10052,10333,'0',0,33840,0,-1,0,0,1836.59,408.85,-345.798,2.4156,7200,10,0,0,0,1,0,0,0,0,0,'',31478),
(2103360743390633,152275,1718,10052,10333,'0',0,33840,0,-1,0,0,1811.18,398.342,-344.605,5.28865,7200,0,0,0,0,0,0,0,0,0,0,'',31478),
(2103360743390634,152274,1718,10052,10333,'0',0,33840,0,-1,0,0,1867.19,407.778,-350.865,4.1038,7200,10,0,0,0,1,0,0,0,0,0,'',31478),
(2103360743390635,152275,1718,10052,10333,'0',0,33840,0,-1,0,0,1846.72,428.309,-346.87,0.968029,7200,0,0,0,0,0,0,0,0,0,0,'',31478),
(2103360743390636,152275,1718,10052,10333,'0',0,33840,0,-1,0,0,1846.06,419.879,-346.68,5.32864,7200,0,0,0,0,0,0,0,0,0,0,'',31478),
(2103360743390637,153149,1718,10052,10333,'0',0,33840,0,-1,0,0,1870.1,426.628,-348.028,5.87808,7200,10,0,0,0,1,0,0,0,0,0,'',31478),
(2103360743390638,152275,1718,10052,10333,'0',0,33840,0,-1,0,0,1890.41,399.96,-346.345,2.34824,7200,0,0,0,0,0,0,0,0,0,0,'',31478),
(2103360743390639,152275,1718,10052,10333,'0',0,33840,0,-1,0,0,1845.74,429.24,-346.766,1.52835,7200,0,0,0,0,0,0,0,0,0,0,'',31478),
(2103360743390640,152275,1718,10052,10333,'0',0,33840,0,-1,0,0,1881.95,409.991,-353.441,3.53799,7200,0,0,0,0,0,0,0,0,0,0,'',31478),
(2103360743390641,152274,1718,10052,10333,'0',0,33840,0,-1,0,0,1876.84,416.658,-347.474,4.04124,7200,0,0,0,0,0,0,0,0,0,0,'',31478),
(2103360743390642,153149,1718,10052,10333,'0',0,33840,0,-1,0,0,1860.35,414.671,-349.713,6.26739,7200,0,0,0,0,0,0,0,0,0,0,'',31478),
(2103360743390643,153149,1718,10052,10333,'0',0,33840,0,-1,0,0,1860.27,415.661,-349.594,0.470884,7200,0,0,0,0,0,0,0,0,0,0,'',31478),
(2103360743390644,153149,1718,10052,10333,'0',0,33840,0,-1,0,0,1867.36,428.294,-348.164,2.60555,7200,0,0,0,0,0,0,0,0,0,0,'',31478),
(2103360743390645,152274,1718,10052,10333,'0',0,33840,0,-1,0,0,1889.07,400.354,-346.536,5.86386,7200,0,0,0,0,0,0,0,0,0,0,'',31478),
(2103360743390646,152275,1718,10052,10333,'0',0,33840,0,-1,0,0,1886.85,416.828,-347.685,0,7200,0,0,0,0,0,0,0,0,0,0,'',31478),
(2103360743390647,153149,1718,10052,10333,'0',0,33840,0,-1,0,0,1868.59,437.668,-346.39,3.46976,7200,0,0,0,0,0,0,0,0,0,0,'',31478),
(2103360743390648,152275,1718,10052,10333,'0',0,33840,0,-1,0,0,1888,421.067,-347.919,1.33926,7200,0,0,0,0,0,0,0,0,0,0,'',31478),
(2103360743390649,152275,1718,10052,10333,'0',0,33840,0,-1,0,0,1864.02,436.889,-344.671,6.1708,7200,0,0,0,0,0,0,0,0,0,0,'',31478),
(2103360743390650,152275,1718,10052,10333,'0',0,33840,0,-1,0,0,1899.33,413.899,-351.518,0.622557,7200,0,0,0,0,0,0,0,0,0,0,'',31478),
(2103360743390651,153149,1718,10052,10333,'0',0,33840,0,-1,0,0,1870.59,438.764,-346.324,0,7200,0,0,0,0,0,0,0,0,0,0,'',31478),
(2103360743390652,152275,1718,10052,10333,'0',0,33840,0,-1,0,0,1891.31,432.245,-349.493,5.70969,7200,0,0,0,0,0,0,0,0,0,0,'',31478),
(2103360743390653,152274,1718,10052,10333,'0',0,33840,0,-1,0,0,1839.19,453.844,-335.211,0.862463,7200,0,0,0,0,0,0,0,0,0,0,'',31478),
(2103360743390654,153818,1718,10052,10333,'0',0,33840,0,-1,0,0,1908.38,400.176,-362.877,3.03267,7200,10,0,0,0,1,0,0,0,0,0,'',31478),
(2103360743390655,152275,1718,10052,10333,'0',0,33840,0,-1,0,0,1840.46,452.068,-335.343,2.19266,7200,0,0,0,0,0,0,0,0,0,0,'',31478),
(2103360743390656,152273,1718,10052,10333,'0',0,33840,0,-1,0,0,1840.06,453.852,-335.213,1.19612,7200,0,0,0,0,0,0,0,0,0,0,'',31478),
(2103360743390657,150710,1718,10052,10333,'0',0,33840,0,-1,0,0,1821.23,448.582,-335.988,1.37399,7200,0,0,0,0,0,0,0,0,0,0,'',31478),
(2103360743390658,152275,1718,10052,10333,'0',0,33840,0,-1,0,0,1836.3,452.304,-332.917,0.900197,7200,0,0,0,0,0,0,0,0,0,0,'',31478),
(2103360743390659,153818,1718,10052,10333,'0',0,33840,0,-1,0,0,1849.86,451.496,-324.278,1.2224,7200,0,0,0,0,0,0,0,0,0,0,'',31478),
(2103360743390660,153818,1718,10052,10333,'0',0,33840,0,-1,0,0,1874.55,453.631,-344.16,1.11951,7200,0,0,0,0,0,0,0,0,0,0,'',31478),
(2103360743390661,150710,1718,10052,10333,'0',0,33840,0,-1,0,0,1882.09,437.889,-344.156,3.77644,7200,0,0,0,0,0,0,0,0,0,0,'',31478),
(2103360743390662,152275,1718,10052,10333,'0',0,33840,0,-1,0,0,1883.85,435.865,-345.136,1.9961,7200,0,0,0,0,0,0,0,0,0,0,'',31478),
(2103360743390663,153149,1718,10052,10333,'0',0,33840,0,-1,0,0,1846.92,457.374,-335.161,1.90266,7200,0,0,0,0,0,0,0,0,0,0,'',31478),
(2103360743390664,153149,1718,10052,10333,'0',0,33840,0,-1,0,0,1835.08,459.659,-335.463,4.95877,7200,0,0,0,0,0,0,0,0,0,0,'',31478),
(2103360743390665,152275,1718,10052,10333,'0',0,33840,0,-1,0,0,1834.37,468.061,-335.481,5.18308,7200,0,0,0,0,0,0,0,0,0,0,'',31478),
(2103360743390666,152274,1718,10052,10333,'0',0,33840,0,-1,0,0,1856.71,473.245,-335.572,6.15959,7200,0,0,0,0,0,0,0,0,0,0,'',31478),
(2103360743390667,152274,1718,10052,10333,'0',0,33840,0,-1,0,0,1853.83,477.877,-335.406,0.0217234,7200,0,0,0,0,0,0,0,0,0,0,'',31478),
(2103360743390668,152275,1718,10052,10333,'0',0,33840,0,-1,0,0,1878.47,480.572,-332.859,5.40302,7200,0,0,0,0,0,0,0,0,0,0,'',31478),
(2103360743390669,152275,1718,10052,10333,'0',0,33840,0,-1,0,0,1897.07,459.456,-353.007,3.76564,7200,0,0,0,0,0,0,0,0,0,0,'',31478),
(2103360743390670,153149,1718,10052,10333,'0',0,33840,0,-1,0,0,1859.25,475.463,-335.203,3.52174,7200,0,0,0,0,0,0,0,0,0,0,'',31478),
(2103360743390671,152275,1718,10052,10333,'0',0,33840,0,-1,0,0,1904.05,458.257,-353.458,2.83425,7200,0,0,0,0,0,0,0,0,0,0,'',31478),
(2103360743390672,153818,1718,10052,10333,'0',0,33840,0,-1,0,0,1844.01,482.134,-335.005,4.61529,7200,0,0,0,0,0,0,0,0,0,0,'',31478),
(2103360743390673,152273,1718,10052,10333,'0',0,33840,0,-1,0,0,1840.94,482.743,-334.876,3.21013,7200,0,0,0,0,0,0,0,0,0,0,'',31478),
(2103360743390674,153818,1718,10052,10333,'0',0,33840,0,-1,0,0,1913.85,436.938,-373.827,2.43417,7200,10,0,0,0,1,0,0,0,0,0,'',31478),
(2103360743390675,150710,1718,10052,10333,'0',0,33840,0,-1,0,0,1916.53,448.417,-374.193,3.41792,7200,0,0,0,0,0,0,0,0,0,0,'',31478),
(2103360743390676,153149,1718,10052,10333,'0',0,33840,0,-1,0,0,1847.01,485.257,-334.659,0.841653,7200,0,0,0,0,0,0,0,0,0,0,'',31478),
(2103360743390677,153818,1718,10052,10333,'0',0,33840,0,-1,0,0,1922.32,440.676,-350.351,4.47249,7200,10,0,0,0,1,0,0,0,0,0,'',31478),
(2103360743390678,152273,1718,10052,10333,'0',0,33840,0,-1,0,0,1856.49,494.691,-332.255,3.16184,7200,0,0,0,0,0,0,0,0,0,0,'',31478),
(2103360743390679,152275,1718,10052,10333,'0',0,33840,0,-1,0,0,1839.71,487.719,-332.892,5.79085,7200,0,0,0,0,0,0,0,0,0,0,'',31478),
(2103360743390680,152274,1718,10052,10333,'0',0,33840,0,-1,0,0,1859.62,490.737,-327.802,1.83168,7200,0,0,0,0,0,0,0,0,0,0,'',31478),
(2103360743390681,152275,1718,10052,10333,'0',0,33840,0,-1,0,0,1880,492.484,-331.482,0.524816,7200,0,0,0,0,0,0,0,0,0,0,'',31478),
(2103360743390682,153149,1718,10052,10333,'0',0,33840,0,-1,0,0,1885.34,487.485,-331.085,0.408058,7200,0,0,0,0,0,0,0,0,0,0,'',31478),
(2103360743390683,152275,1718,10052,10333,'0',0,33840,0,-1,0,0,1911.41,466.666,-363.086,3.2776,7200,0,0,0,0,0,0,0,0,0,0,'',31478),
(2103360743390684,153149,1718,10052,10333,'0',0,33840,0,-1,0,0,1889.36,499.778,-327.631,2.38309,7200,0,0,0,0,0,0,0,0,0,0,'',31478),
(2103360743390685,153149,1718,10052,10333,'0',0,33840,0,-1,0,0,1931.91,471.125,-330.34,3.75456,7200,0,0,0,0,0,0,0,0,0,0,'',31478),
(2103360743390686,150710,1718,10052,10333,'0',0,33840,0,-1,0,0,1843.61,501.51,-332.976,5.22179,7200,0,0,0,0,0,0,0,0,0,0,'',31478),
(2103360743390687,150710,1718,10052,10333,'0',0,33840,0,-1,0,0,1901.6,507.156,-328.586,4.69382,7200,0,0,0,0,0,0,0,0,0,0,'',31478),
(2103360743390688,153149,1718,10052,10333,'0',0,33840,0,-1,0,0,1925.8,488.134,-328.449,4.36564,7200,0,0,0,0,0,0,0,0,0,0,'',31478),
(2103360743390689,153818,1718,10052,10333,'0',0,33840,0,-1,0,0,1845.5,488.024,-334.202,5.89,7200,0,0,0,0,0,0,0,0,0,0,'',31478),
(2103360743390690,47319,1718,10052,10333,'0',0,33840,0,-1,0,0,1875.23,430.714,-347.475,5.13556,7200,0,0,0,0,0,0,0,0,0,0,'',31478),
(2103360743390691,152275,1718,10052,10333,'0',0,33840,0,-1,0,0,1920.95,394.527,-352.7,2.70944,7200,0,0,0,0,0,0,0,0,0,0,'',31478),
(2103360743390692,152275,1718,10052,10333,'0',0,33840,0,-1,0,0,1922.92,395.834,-352.239,1.90991,7200,0,0,0,0,0,0,0,0,0,0,'',31478),
(2103360743390693,152275,1718,10052,10333,'0',0,33840,0,-1,0,0,1919.54,389.958,-353.007,3.89666,7200,10,0,0,0,1,0,0,0,0,0,'',31478),
(2103360743390694,152275,1718,10052,10333,'0',0,33840,0,-1,0,0,1924.59,396.164,-351.996,4.10254,7200,0,0,0,0,0,0,0,0,0,0,'',31478),
(2103360743390695,152275,1718,10052,10333,'0',0,33840,0,-1,0,0,1927.12,395.27,-351.939,2.04532,7200,10,0,0,0,1,0,0,0,0,0,'',31478),
(2103360743390696,152275,1718,10052,10333,'0',0,33840,0,-1,0,0,1911.28,398.183,-361.598,2.78558,7200,0,0,0,0,0,0,0,0,0,0,'',31478),
(2103360743390697,152275,1718,10052,10333,'0',0,33840,0,-1,0,0,1928.33,396.486,-351.698,1.13832,7200,10,0,0,0,1,0,0,0,0,0,'',31478),
(2103360743390698,150710,1718,10052,10333,'0',0,33840,0,-1,0,0,1927.4,385.766,-353.323,2.58065,7200,0,0,0,0,0,0,0,0,0,0,'',31478),
(2103360743390699,152273,1718,10052,10333,'0',0,33840,0,-1,0,0,1939.32,437.199,-351.998,3.89968,7200,0,0,0,0,0,0,0,0,0,0,'',31478),
(2103360743390700,152624,1718,10052,10333,'0',0,33840,0,-1,0,0,1938.7,427.307,-336.504,0,7200,0,0,0,0,0,0,0,0,0,0,'',31478),
(2103360743390701,153818,1718,10052,10333,'0',0,33840,0,-1,0,0,1925.42,392.131,-352.536,2.08621,7200,10,0,0,0,1,0,0,0,0,0,'',31478),
(2103360743390702,152275,1718,10052,10333,'0',0,33840,0,-1,0,0,1910.43,375.544,-352.876,0.305356,7200,0,0,0,0,0,0,0,0,0,0,'',31478),
(2103360743390703,153149,1718,10052,10333,'0',0,33840,0,-1,0,0,1933.28,395.247,-350.832,3.21199,7200,10,0,0,0,1,0,0,0,0,0,'',31478),
(2103360743390704,152274,1718,10052,10333,'0',0,33840,0,-1,0,0,1895.33,437.979,-351.952,1.89766,7200,0,0,0,0,0,0,0,0,0,0,'',31478),
(2103360743390705,153818,1718,10052,10333,'0',0,33840,0,-1,0,0,1923.41,357.422,-354.116,3.04399,7200,0,0,0,0,0,0,0,0,0,0,'',31478),
(2103360743390706,152275,1718,10052,10333,'0',0,33840,0,-1,0,0,1939.64,365.545,-334.43,4.41836,7200,0,0,0,0,0,0,0,0,0,0,'',31478),
(2103360743390707,153818,1718,10052,10333,'0',0,33840,0,-1,0,0,1940.48,341.581,-364.196,2.52277,7200,0,0,0,0,0,0,0,0,0,0,'',31478),
(2103360743390708,153818,1718,10052,10333,'0',0,33840,0,-1,0,0,1943.08,378.434,-337.364,5.83851,7200,10,0,0,0,1,0,0,0,0,0,'',31478),
(2103360743390709,152549,1718,10052,10333,'0',0,33840,0,-1,0,0,1770.75,204.498,-398.948,3.80871,7200,0,0,0,0,0,0,0,0,0,0,'',31478),
(2103360743390710,151166,1718,10052,10333,'0',0,33840,0,-1,0,0,1757.72,192.164,-399.817,1.63392,7200,0,0,0,0,0,0,0,0,0,0,'',31478),
(2103360743390711,150710,1718,10052,10333,'0',0,33840,0,-1,0,0,1750.31,193.674,-400.11,0.139031,7200,0,0,0,0,0,0,0,0,0,0,'',31478),
(2103360743390712,145967,1718,10052,10333,'0',0,33840,0,-1,0,0,1788.92,171.755,-342.344,2.68021,7200,0,0,0,0,0,0,0,0,0,0,'',31478),
(2103360743390713,145337,1718,10052,10333,'0',0,33840,0,-1,0,0,1717.73,104.621,-327.333,4.12947,7200,0,0,0,0,0,0,0,0,0,0,'',31478),
(2103360743390714,145337,1718,10052,10333,'0',0,33840,0,-1,0,0,1715.9,101.844,-328.434,0.987872,7200,0,0,0,0,0,0,0,0,0,0,'',31478),
(2103360743390715,145967,1718,10052,10333,'0',0,33840,0,-1,0,0,1749.13,112.348,-355.671,5.76798,7200,0,0,0,0,0,0,0,0,0,0,'',31478),
(2103360743390716,145967,1718,10052,10333,'0',0,33840,0,-1,0,0,1767.06,134.777,-356.978,1.42353,7200,0,0,0,0,0,0,0,0,0,0,'',31478),
(2103360743390717,145967,1718,10052,10333,'0',0,33840,0,-1,0,0,1751,77.8888,-355.609,2.44656,7200,0,0,0,0,0,0,0,0,0,0,'',31478),
(2103360743390718,154725,1718,10052,10333,'0',0,33840,0,-1,0,0,1742.97,66.0132,-395.412,1.75388,7200,0,0,0,0,0,0,0,0,0,0,'',31478),
(2103360743390719,150710,1718,10052,10333,'0',0,33840,0,-1,0,0,1698.86,56.5903,-392.407,4.88631,7200,0,0,0,0,0,0,0,0,0,0,'',31478),
(2103360743390720,145967,1718,10052,10333,'0',0,33840,0,-1,0,0,1687.57,68.3901,-315.065,2.09106,7200,0,0,0,0,0,0,0,0,0,0,'',31478),
(2103360743390721,145967,1718,10052,10333,'0',0,33840,0,-1,0,0,1677.03,61.8982,-314.618,0.586751,7200,10,0,0,0,1,0,0,0,0,0,'',31478),
(2103360743390722,152563,1718,10052,10333,'0',0,33840,0,-1,0,0,1723.78,47.1059,-399.904,5.44304,7200,0,0,0,0,0,0,0,0,0,0,'',31478),
(2103360743390723,150710,1718,10052,10333,'0',0,33840,0,-1,0,0,1779.96,79.5781,-420.977,0.139031,7200,0,0,0,0,0,0,0,0,0,0,'',31478),
(2103360743390724,152560,1718,10052,10333,'0',0,33840,0,-1,0,0,1697.48,48.8069,-396.103,2.64256,7200,0,0,0,0,0,0,0,0,0,0,'',31478),
(2103360743390725,145967,1718,10052,10333,'0',0,33840,0,-1,0,0,1685.81,63.4619,-314.118,0.829719,7200,0,0,0,0,0,0,0,0,0,0,'',31478);

replace  into `creature_addon`(`guid`,`path_id`,`mount`,`bytes1`,`bytes2`,`emote`,`aiAnimKit`,`movementAnimKit`,`meleeAnimKit`,`visibilityDistanceType`,`auras`) values 
(2103360743389908,0,0,0,1,0,0,0,0,0,'259686'),
(2103360743389909,0,0,0,1,0,0,0,0,0,''),
(2103360743389910,0,0,0,1,0,0,0,0,0,''),
(2103360743389911,0,0,0,1,0,0,0,0,0,''),
(2103360743389912,0,0,0,257,0,0,0,0,0,''),
(2103360743389913,0,0,0,257,0,0,0,0,0,''),
(2103360743389914,0,0,0,0,0,0,0,0,0,''),
(2103360743389915,0,0,0,1,0,0,0,0,0,''),
(2103360743389916,0,0,1,1,0,0,0,0,0,''),
(2103360743389917,0,0,0,257,0,0,0,0,0,''),
(2103360743389918,0,0,0,1,0,0,0,0,0,''),
(2103360743389919,0,0,0,1,0,0,0,0,0,''),
(2103360743389920,0,0,0,257,0,0,0,0,0,''),
(2103360743389921,0,0,1,1,0,0,0,0,0,''),
(2103360743389922,0,0,0,257,0,0,0,0,0,''),
(2103360743389923,0,0,0,1,0,0,0,0,0,''),
(2103360743389924,0,0,0,257,0,0,0,0,0,''),
(2103360743389925,0,0,7,1,0,0,0,0,0,''),
(2103360743389926,0,0,0,1,0,0,0,0,0,''),
(2103360743389927,0,0,0,1,0,0,0,0,0,''),
(2103360743389928,0,0,0,1,0,0,0,0,0,''),
(2103360743389929,0,0,0,1,0,0,0,0,0,''),
(2103360743389930,0,0,50331648,1,0,0,0,0,0,''),
(2103360743389931,0,0,0,1,0,0,0,0,0,''),
(2103360743389932,0,0,0,1,0,0,0,0,0,''),
(2103360743389933,0,0,0,1,0,0,0,0,0,''),
(2103360743389934,0,0,0,257,0,0,0,0,0,''),
(2103360743389935,0,0,0,1,0,0,0,0,0,''),
(2103360743389936,0,0,0,257,0,0,0,0,0,''),
(2103360743389937,0,0,50331648,1,0,0,0,0,0,''),
(2103360743389938,0,0,0,1,0,0,0,0,0,'18950'),
(2103360743389939,0,0,0,1,0,0,0,0,0,''),
(2103360743389940,0,0,0,1,0,0,0,0,0,''),
(2103360743389941,0,0,0,1,0,0,0,0,0,''),
(2103360743389942,0,0,0,257,0,0,0,0,0,''),
(2103360743389943,0,0,0,1,0,0,0,0,0,''),
(2103360743389944,0,0,0,257,0,0,0,0,0,''),
(2103360743389945,0,0,0,1,0,0,0,0,0,''),
(2103360743389946,0,0,0,1,0,0,0,0,0,''),
(2103360743389947,0,0,0,1,0,0,0,0,0,'18950'),
(2103360743389948,0,0,0,1,0,0,0,0,0,''),
(2103360743389949,0,0,0,1,0,0,0,0,0,''),
(2103360743389950,0,0,0,257,0,0,0,0,0,''),
(2103360743389951,0,0,0,257,0,0,0,0,0,''),
(2103360743389952,0,0,0,0,0,0,0,0,0,''),
(2103360743389953,0,0,0,1,0,0,0,0,0,'18950'),
(2103360743389954,0,0,0,1,0,0,0,0,0,''),
(2103360743389955,0,0,0,0,0,0,0,0,0,''),
(2103360743389956,0,0,1,1,0,0,0,0,0,''),
(2103360743389957,0,0,0,257,0,0,0,0,0,''),
(2103360743389958,0,0,0,1,0,0,0,0,0,'18950'),
(2103360743389959,0,0,0,1,0,0,0,0,0,''),
(2103360743389960,0,0,0,1,0,0,0,0,0,''),
(2103360743389961,0,0,0,257,0,0,0,0,0,''),
(2103360743389962,0,0,1,1,0,0,0,0,0,''),
(2103360743389963,0,0,0,1,0,0,0,0,0,'18950'),
(2103360743389964,0,0,0,257,0,0,0,0,0,''),
(2103360743389965,0,0,0,0,0,0,0,0,0,''),
(2103360743389966,0,0,0,1,0,0,0,0,0,''),
(2103360743389967,0,0,0,257,0,0,0,0,0,''),
(2103360743389968,0,0,7,1,0,0,0,0,0,''),
(2103360743389969,0,0,0,1,0,0,0,0,0,''),
(2103360743389970,0,0,0,1,0,0,0,0,0,''),
(2103360743389971,0,0,0,1,0,0,0,0,0,'18950'),
(2103360743389972,0,0,0,1,0,0,0,0,0,''),
(2103360743389973,0,0,0,1,0,0,0,0,0,'18950'),
(2103360743389974,0,0,0,1,0,0,0,0,0,'18950'),
(2103360743389975,0,0,0,1,0,0,0,0,0,''),
(2103360743389976,0,0,0,1,0,0,0,0,0,'18950'),
(2103360743389977,0,0,0,0,0,0,0,0,0,''),
(2103360743389978,0,0,0,1,0,0,0,0,0,'18950'),
(2103360743389979,0,0,0,1,0,0,0,0,0,'18950'),
(2103360743389980,0,0,0,0,0,0,0,0,0,''),
(2103360743389981,0,0,0,1,0,0,0,0,0,'18950'),
(2103360743389982,0,0,0,1,0,0,0,0,0,'18950'),
(2103360743389983,0,0,0,1,0,0,0,0,0,'18950'),
(2103360743389984,0,0,0,1,0,0,0,0,0,''),
(2103360743389985,0,0,0,1,0,0,0,0,0,'18950'),
(2103360743389986,0,0,0,1,0,0,0,0,0,''),
(2103360743389987,0,0,0,257,0,0,0,0,0,''),
(2103360743389988,0,0,0,257,0,0,0,0,0,''),
(2103360743389989,0,0,0,257,0,0,0,0,0,''),
(2103360743389990,0,0,0,1,0,0,0,0,0,''),
(2103360743389991,0,0,0,1,0,0,0,0,0,''),
(2103360743389992,0,0,0,1,0,0,0,0,0,''),
(2103360743389993,0,0,0,1,0,0,0,0,0,''),
(2103360743389994,0,0,0,1,0,0,0,0,0,''),
(2103360743389995,0,0,0,1,0,0,0,0,0,''),
(2103360743389996,0,0,50331648,1,0,0,0,0,0,''),
(2103360743389997,0,0,0,1,0,0,0,0,0,''),
(2103360743389998,0,0,0,1,0,0,0,0,0,''),
(2103360743389999,0,0,0,1,0,0,0,0,0,'295247'),
(2103360743390000,0,0,0,1,0,0,0,0,0,''),
(2103360743390001,0,0,0,257,0,0,0,0,0,''),
(2103360743390002,0,0,0,257,0,0,0,0,0,''),
(2103360743390003,0,0,0,1,0,0,0,0,0,'18950'),
(2103360743390004,0,0,0,257,0,0,0,0,0,''),
(2103360743390005,0,0,0,1,0,0,0,0,0,'18950'),
(2103360743390006,0,0,0,1,0,0,0,0,0,''),
(2103360743390007,0,0,0,1,0,0,0,0,0,''),
(2103360743390008,0,0,50331648,1,0,0,0,0,0,''),
(2103360743390009,0,0,0,1,0,0,0,0,0,''),
(2103360743390010,0,0,0,1,0,0,0,0,0,''),
(2103360743390011,0,0,50331648,1,0,0,0,0,0,''),
(2103360743390012,0,0,0,1,0,0,0,0,0,''),
(2103360743390013,0,0,0,257,0,0,0,0,0,''),
(2103360743390014,0,0,0,1,0,0,0,0,0,''),
(2103360743390015,0,0,0,1,0,0,0,0,0,''),
(2103360743390016,0,0,0,1,0,0,0,0,0,''),
(2103360743390017,0,0,0,0,0,0,0,0,0,''),
(2103360743390018,0,0,0,1,0,0,0,0,0,''),
(2103360743390019,0,0,0,1,0,0,0,0,0,'18950'),
(2103360743390020,0,0,0,1,0,0,0,0,0,''),
(2103360743390021,0,0,0,1,0,0,0,0,0,''),
(2103360743390022,0,0,0,257,0,0,0,0,0,''),
(2103360743390023,0,0,0,1,0,0,0,0,0,'18950'),
(2103360743390024,0,0,0,1,0,0,0,0,0,''),
(2103360743390025,0,0,50331648,1,0,0,0,0,0,''),
(2103360743390026,0,0,0,1,0,0,0,0,0,''),
(2103360743390027,0,0,0,1,0,0,0,0,0,''),
(2103360743390028,0,0,0,1,0,0,0,0,0,''),
(2103360743390029,0,0,0,257,0,0,0,0,0,''),
(2103360743390030,0,0,0,257,0,0,0,0,0,''),
(2103360743390031,0,0,0,257,0,0,0,0,0,''),
(2103360743390032,0,0,0,1,0,0,0,0,0,'18950'),
(2103360743390033,0,0,0,1,0,0,0,0,0,'18950'),
(2103360743390034,0,0,0,257,0,0,0,0,0,''),
(2103360743390035,0,0,0,1,0,0,0,0,0,''),
(2103360743390036,0,0,50331648,1,0,0,0,0,0,''),
(2103360743390037,0,0,0,1,0,0,0,0,0,''),
(2103360743390038,0,0,0,1,0,0,0,0,0,''),
(2103360743390039,0,0,0,1,0,0,0,0,0,''),
(2103360743390040,0,0,0,1,0,0,0,0,0,''),
(2103360743390041,0,0,0,1,0,0,0,0,0,''),
(2103360743390042,0,0,0,1,0,0,0,0,0,''),
(2103360743390043,0,0,0,1,0,0,0,0,0,''),
(2103360743390044,0,0,0,1,0,0,0,0,0,''),
(2103360743390045,0,0,0,1,0,0,0,0,0,''),
(2103360743390046,0,0,50331648,1,0,0,0,0,0,''),
(2103360743390047,0,0,0,1,0,0,0,0,0,''),
(2103360743390048,0,0,50331648,1,0,0,0,0,0,''),
(2103360743390049,0,0,50331648,1,0,0,0,0,0,''),
(2103360743390050,0,0,50331648,1,0,0,0,0,0,''),
(2103360743390051,0,0,50331648,1,0,0,0,0,0,''),
(2103360743390052,0,0,50331648,1,0,0,0,0,0,''),
(2103360743390053,0,0,0,1,0,0,0,0,0,''),
(2103360743390054,0,0,50331648,1,0,0,0,0,0,''),
(2103360743390055,0,0,50331648,1,0,0,0,0,0,''),
(2103360743390056,0,0,50331648,1,0,0,0,0,0,''),
(2103360743390057,0,0,50331648,1,0,0,0,0,0,''),
(2103360743390058,0,0,0,1,0,0,0,0,0,''),
(2103360743390059,0,0,50331648,1,0,0,0,0,0,''),
(2103360743390060,0,0,50331648,1,0,0,0,0,0,''),
(2103360743390061,0,0,0,1,0,0,0,0,0,''),
(2103360743390062,0,0,0,1,0,0,0,0,0,''),
(2103360743390063,0,0,0,1,0,0,0,0,0,''),
(2103360743390064,0,0,0,1,0,0,0,0,0,''),
(2103360743390065,0,0,50331648,1,0,0,0,0,0,''),
(2103360743390066,0,0,0,1,0,0,0,0,0,''),
(2103360743390067,0,0,0,1,0,0,0,0,0,''),
(2103360743390068,0,0,0,1,0,0,0,0,0,''),
(2103360743390069,0,0,0,1,0,0,0,0,0,''),
(2103360743390070,0,0,50331648,1,0,0,0,0,0,''),
(2103360743390071,0,0,50331648,1,0,0,0,0,0,''),
(2103360743390072,0,0,0,1,0,0,0,0,0,''),
(2103360743390073,0,0,50331648,1,0,0,0,0,0,''),
(2103360743390074,0,0,50331648,1,0,0,0,0,0,'295614'),
(2103360743390075,0,0,50331648,1,0,0,0,0,0,''),
(2103360743390076,0,0,0,1,0,0,0,0,0,''),
(2103360743390077,0,0,0,1,0,0,0,0,0,''),
(2103360743390078,0,0,0,1,0,0,0,0,0,''),
(2103360743390079,0,0,50331648,1,0,0,0,0,0,''),
(2103360743390080,0,0,50331648,1,0,0,0,0,0,''),
(2103360743390081,0,0,50331648,1,0,0,0,0,0,''),
(2103360743390082,0,0,0,1,0,0,0,0,0,''),
(2103360743390083,0,0,50331648,1,0,0,0,0,0,'295614'),
(2103360743390084,0,0,0,1,0,0,0,0,0,''),
(2103360743390085,0,0,50331648,1,0,0,0,0,0,''),
(2103360743390086,0,0,50331648,1,0,0,0,0,0,''),
(2103360743390087,0,0,50331648,1,0,0,0,0,0,''),
(2103360743390088,0,0,0,1,0,0,0,0,0,''),
(2103360743390089,0,0,50331648,1,0,0,0,0,0,''),
(2103360743390090,0,0,0,1,0,0,0,0,0,''),
(2103360743390091,0,0,50331648,1,0,0,0,0,0,''),
(2103360743390092,0,0,50331648,1,0,0,0,0,0,''),
(2103360743390093,0,0,50331648,1,0,0,0,0,0,''),
(2103360743390094,0,0,50331648,1,0,0,0,0,0,''),
(2103360743390095,0,0,50331648,1,0,0,0,0,0,''),
(2103360743390096,0,0,0,1,0,0,0,0,0,''),
(2103360743390097,0,0,50331648,1,0,0,0,0,0,'295614'),
(2103360743390098,0,0,50331648,1,0,0,0,0,0,''),
(2103360743390099,0,0,50331648,1,0,0,0,0,0,''),
(2103360743390100,0,0,50331648,1,0,0,0,0,0,''),
(2103360743390101,0,0,50331648,1,0,0,0,0,0,''),
(2103360743390102,0,0,0,1,0,0,0,0,0,''),
(2103360743390103,0,0,50331648,1,0,0,0,0,0,''),
(2103360743390104,0,0,50331648,1,0,0,0,0,0,''),
(2103360743390105,0,0,50331648,1,0,0,0,0,0,''),
(2103360743390106,0,0,50331648,1,0,0,0,0,0,''),
(2103360743390107,0,0,50331648,1,0,0,0,0,0,''),
(2103360743390108,0,0,0,1,0,0,0,0,0,''),
(2103360743390109,0,0,50331648,1,0,0,0,0,0,''),
(2103360743390110,0,0,50331648,1,0,0,0,0,0,''),
(2103360743390111,0,0,50331648,1,0,0,0,0,0,''),
(2103360743390112,0,0,50331648,1,0,0,0,0,0,''),
(2103360743390113,0,0,50331648,1,0,0,0,0,0,''),
(2103360743390114,0,0,50331648,1,0,0,0,0,0,''),
(2103360743390115,0,0,50331648,1,0,0,0,0,0,''),
(2103360743390116,0,0,50331648,1,0,0,0,0,0,'295614'),
(2103360743390117,0,0,50331648,1,0,0,0,0,0,''),
(2103360743390118,0,0,50331648,1,0,0,0,0,0,''),
(2103360743390119,0,0,50331648,1,0,0,0,0,0,''),
(2103360743390120,0,0,50331648,1,0,0,0,0,0,''),
(2103360743390121,0,0,50331648,1,0,0,0,0,0,''),
(2103360743390122,0,0,50331648,1,0,0,0,0,0,''),
(2103360743390123,0,0,50331648,1,0,0,0,0,0,''),
(2103360743390124,0,0,50331648,1,0,0,0,0,0,''),
(2103360743390125,0,0,50331648,1,0,0,0,0,0,''),
(2103360743390126,0,0,50331648,1,0,0,0,0,0,''),
(2103360743390127,0,0,50331648,1,0,0,0,0,0,''),
(2103360743390128,0,0,50331648,1,0,0,0,0,0,''),
(2103360743390129,0,0,50331648,1,0,0,0,0,0,''),
(2103360743390130,0,0,50331648,1,0,0,0,0,0,''),
(2103360743390131,0,0,0,1,0,0,0,0,0,''),
(2103360743390132,0,0,50331648,1,0,0,0,0,0,''),
(2103360743390133,0,0,50331648,1,0,0,0,0,0,''),
(2103360743390134,0,0,50331648,1,0,0,0,0,0,''),
(2103360743390135,0,0,50331648,1,0,0,0,0,0,''),
(2103360743390136,0,0,50331648,1,0,0,0,0,0,''),
(2103360743390137,0,0,50331648,1,0,0,0,0,0,''),
(2103360743390138,0,0,50331648,1,0,0,0,0,0,''),
(2103360743390139,0,0,50331648,1,0,0,0,0,0,''),
(2103360743390140,0,0,50331648,1,0,0,0,0,0,''),
(2103360743390141,0,0,50331648,1,0,0,0,0,0,''),
(2103360743390142,0,0,50331648,1,0,0,0,0,0,''),
(2103360743390143,0,0,0,1,0,0,0,0,0,''),
(2103360743390144,0,0,50331648,1,0,0,0,0,0,''),
(2103360743390145,0,0,0,1,0,0,0,0,0,''),
(2103360743390146,0,0,50331648,1,0,0,0,0,0,''),
(2103360743390147,0,0,50331648,1,0,0,0,0,0,'295614'),
(2103360743390148,0,0,50331648,1,0,0,0,0,0,''),
(2103360743390149,0,0,0,1,0,0,0,0,0,''),
(2103360743390150,0,0,50331648,1,0,0,0,0,0,''),
(2103360743390151,0,0,0,1,0,0,0,0,0,''),
(2103360743390152,0,0,50331648,1,0,0,0,0,0,''),
(2103360743390153,0,0,0,1,0,0,0,0,0,''),
(2103360743390154,0,0,0,1,0,0,0,0,0,''),
(2103360743390155,0,0,0,1,0,0,0,0,0,''),
(2103360743390156,0,0,50331648,1,0,0,0,0,0,''),
(2103360743390157,0,0,0,1,0,0,0,0,0,''),
(2103360743390158,0,0,50331648,1,0,0,0,0,0,''),
(2103360743390159,0,0,0,1,0,0,0,0,0,''),
(2103360743390160,0,0,50331648,1,0,0,0,0,0,''),
(2103360743390161,0,0,50331648,1,0,0,0,0,0,''),
(2103360743390162,0,0,50331648,1,0,0,0,0,0,''),
(2103360743390163,0,0,50331648,1,0,0,0,0,0,''),
(2103360743390164,0,0,50331648,1,0,0,0,0,0,''),
(2103360743390165,0,0,50331648,1,0,0,0,0,0,'295614'),
(2103360743390166,0,0,50331648,1,0,0,0,0,0,''),
(2103360743390167,0,0,50331648,1,0,0,0,0,0,''),
(2103360743390168,0,0,50331648,1,0,0,0,0,0,''),
(2103360743390169,0,0,50331648,1,0,0,0,0,0,''),
(2103360743390170,0,0,50331648,1,0,0,0,0,0,''),
(2103360743390171,0,0,50331648,1,0,0,0,0,0,''),
(2103360743390172,0,0,50331648,1,0,0,0,0,0,''),
(2103360743390173,0,0,50331648,1,0,0,0,0,0,''),
(2103360743390174,0,0,0,1,0,0,0,0,0,''),
(2103360743390175,0,0,0,1,0,0,0,0,0,''),
(2103360743390176,0,0,0,1,0,0,0,0,0,''),
(2103360743390177,0,0,50331648,1,0,0,0,0,0,''),
(2103360743390178,0,0,50331648,1,0,0,0,0,0,''),
(2103360743390179,0,0,50331648,1,0,0,0,0,0,''),
(2103360743390180,0,0,50331648,1,0,0,0,0,0,''),
(2103360743390181,0,0,50331648,1,0,0,0,0,0,''),
(2103360743390182,0,0,50331648,1,0,0,0,0,0,''),
(2103360743390183,0,0,50331648,1,0,0,0,0,0,''),
(2103360743390184,0,0,50331648,1,0,0,0,0,0,''),
(2103360743390185,0,0,50331648,1,0,0,0,0,0,''),
(2103360743390186,0,0,50331648,1,0,0,0,0,0,''),
(2103360743390187,0,0,50331648,1,0,0,0,0,0,''),
(2103360743390188,0,0,50331648,1,0,0,0,0,0,''),
(2103360743390189,0,0,50331648,1,0,0,0,0,0,''),
(2103360743390190,0,0,50331648,1,0,0,0,0,0,''),
(2103360743390191,0,0,50331648,1,0,0,0,0,0,''),
(2103360743390192,0,0,50331648,1,0,0,0,0,0,''),
(2103360743390193,0,0,50331648,1,0,0,0,0,0,''),
(2103360743390194,0,0,50331648,1,0,0,0,0,0,''),
(2103360743390195,0,0,0,1,0,0,0,0,0,''),
(2103360743390196,0,0,50331648,1,0,0,0,0,0,'295614'),
(2103360743390197,0,0,50331648,1,0,0,0,0,0,''),
(2103360743390198,0,0,50331648,1,0,0,0,0,0,''),
(2103360743390199,0,0,50331648,1,0,0,0,0,0,''),
(2103360743390200,0,0,0,1,0,0,0,0,0,''),
(2103360743390201,0,0,0,1,0,0,0,0,0,''),
(2103360743390202,0,0,50331648,1,0,0,0,0,0,''),
(2103360743390203,0,0,0,1,0,0,0,0,0,''),
(2103360743390204,0,0,0,1,0,0,0,0,0,''),
(2103360743390205,0,0,0,1,0,0,0,0,0,''),
(2103360743390206,0,0,50331648,1,0,0,0,0,0,''),
(2103360743390207,0,0,0,1,0,0,0,0,0,''),
(2103360743390208,0,0,0,1,0,0,0,0,0,''),
(2103360743390209,0,0,0,1,0,0,0,0,0,''),
(2103360743390210,0,0,0,1,0,0,0,0,0,''),
(2103360743390211,0,0,0,1,0,0,0,0,0,''),
(2103360743390212,0,0,0,1,0,0,0,0,0,''),
(2103360743390213,0,0,50331648,1,0,0,0,0,0,''),
(2103360743390214,0,0,0,1,0,0,0,0,0,''),
(2103360743390215,0,0,0,1,0,0,0,0,0,''),
(2103360743390216,0,0,0,1,0,0,0,0,0,''),
(2103360743390217,0,0,0,1,0,0,0,0,0,''),
(2103360743390218,0,0,0,1,0,0,0,0,0,''),
(2103360743390219,0,0,0,1,0,0,0,0,0,''),
(2103360743390220,0,0,0,1,0,0,0,0,0,''),
(2103360743390221,0,0,0,1,0,0,0,0,0,''),
(2103360743390222,0,0,1,1,0,0,0,0,0,''),
(2103360743390223,0,0,0,1,0,0,0,0,0,''),
(2103360743390224,0,0,0,1,0,0,0,0,0,''),
(2103360743390225,0,0,0,1,0,0,0,0,0,''),
(2103360743390226,0,0,0,1,0,0,0,0,0,''),
(2103360743390227,0,0,0,1,0,0,0,0,0,''),
(2103360743390228,0,0,0,1,0,0,0,0,0,''),
(2103360743390229,0,0,0,1,0,0,0,0,0,''),
(2103360743390230,0,0,0,1,0,0,0,0,0,''),
(2103360743390231,0,0,0,1,0,0,0,0,0,''),
(2103360743390232,0,0,0,1,0,0,0,0,0,''),
(2103360743390233,0,0,0,1,0,0,0,0,0,''),
(2103360743390234,0,0,0,1,0,0,0,0,0,''),
(2103360743390235,0,0,0,1,0,0,0,0,0,''),
(2103360743390236,0,0,50331648,1,0,0,0,0,0,''),
(2103360743390237,0,0,0,1,0,0,0,0,0,''),
(2103360743390238,0,0,3,1,0,0,0,0,0,''),
(2103360743390239,0,0,0,1,0,0,0,0,0,''),
(2103360743390240,0,0,0,1,0,0,0,0,0,''),
(2103360743390241,0,0,0,1,0,0,0,0,0,''),
(2103360743390242,0,0,0,1,0,0,0,0,0,''),
(2103360743390243,0,0,50331648,1,0,0,0,0,0,'249221'),
(2103360743390244,0,0,50331648,1,0,0,0,0,0,''),
(2103360743390245,0,0,50331648,1,0,0,0,0,0,''),
(2103360743390246,0,0,50331648,1,0,0,0,0,0,''),
(2103360743390247,0,0,50331648,1,0,0,0,0,0,''),
(2103360743390248,0,0,50331648,1,0,0,0,0,0,''),
(2103360743390249,0,0,0,1,0,0,0,0,0,''),
(2103360743390250,0,0,3,1,0,0,0,0,0,''),
(2103360743390251,0,0,0,1,0,0,0,0,0,''),
(2103360743390252,0,0,0,1,0,0,0,0,0,''),
(2103360743390253,0,0,0,1,0,0,0,0,0,''),
(2103360743390254,0,0,0,1,0,0,0,0,0,''),
(2103360743390255,0,0,0,1,0,0,0,0,0,''),
(2103360743390256,0,0,0,1,0,0,0,0,0,''),
(2103360743390257,0,0,0,1,0,0,0,0,0,'18950'),
(2103360743390258,0,0,0,1,0,0,0,0,0,''),
(2103360743390259,0,0,0,0,0,0,0,0,0,''),
(2103360743390260,0,0,0,257,0,0,0,0,0,''),
(2103360743390261,0,0,0,1,0,0,0,0,0,''),
(2103360743390262,0,0,0,1,0,0,0,0,0,''),
(2103360743390263,0,0,50331648,1,0,0,0,0,0,''),
(2103360743390264,0,0,0,1,0,0,0,0,0,''),
(2103360743390265,0,0,0,1,0,0,0,0,0,''),
(2103360743390266,0,0,0,1,0,0,0,0,0,'46598'),
(2103360743390267,0,0,3,1,0,0,0,0,0,''),
(2103360743390268,0,0,0,1,0,0,0,0,0,''),
(2103360743390269,0,0,0,1,0,0,0,0,0,''),
(2103360743390270,0,0,0,1,0,0,0,0,0,''),
(2103360743390271,0,0,3,1,0,0,0,0,0,''),
(2103360743390272,0,0,0,1,0,0,0,0,0,''),
(2103360743390273,0,0,1,1,0,0,0,0,0,''),
(2103360743390274,0,0,3,1,0,0,0,0,0,''),
(2103360743390275,0,0,3,1,0,0,0,0,0,''),
(2103360743390276,0,0,0,1,0,0,0,0,0,''),
(2103360743390277,0,0,0,1,0,0,0,0,0,''),
(2103360743390278,0,0,50331648,1,0,0,0,0,0,''),
(2103360743390279,0,0,0,1,0,0,0,0,0,'46598'),
(2103360743390280,0,0,0,1,0,0,0,0,0,''),
(2103360743390281,0,0,8,1,0,0,0,0,0,''),
(2103360743390282,0,0,0,1,0,0,0,0,0,''),
(2103360743390283,0,0,0,1,0,0,0,0,0,''),
(2103360743390284,0,0,50331648,1,0,0,0,0,0,''),
(2103360743390285,0,0,0,1,0,0,0,0,0,''),
(2103360743390286,0,0,0,1,0,0,0,0,0,'46598'),
(2103360743390287,0,0,0,1,0,0,0,0,0,''),
(2103360743390288,0,0,0,1,0,0,0,0,0,'283316'),
(2103360743390289,0,0,0,1,0,0,0,0,0,''),
(2103360743390290,0,0,0,1,0,0,0,0,0,''),
(2103360743390291,0,0,0,1,0,0,0,0,0,''),
(2103360743390292,0,0,0,1,0,0,0,0,0,''),
(2103360743390293,0,0,0,1,0,0,0,0,0,''),
(2103360743390294,0,0,0,1,0,0,0,0,0,''),
(2103360743390295,0,0,0,1,0,0,0,0,0,''),
(2103360743390296,0,0,0,1,0,0,0,0,0,''),
(2103360743390297,0,0,50331648,1,0,0,0,0,0,''),
(2103360743390298,0,0,0,1,0,0,0,0,0,''),
(2103360743390299,0,0,0,1,0,0,0,0,0,''),
(2103360743390300,0,0,0,1,0,0,0,0,0,''),
(2103360743390301,0,0,0,1,0,0,0,0,0,''),
(2103360743390302,0,0,0,1,0,0,0,0,0,'46598'),
(2103360743390303,0,0,0,1,0,0,0,0,0,''),
(2103360743390304,0,0,50331648,1,0,0,0,0,0,''),
(2103360743390305,0,0,0,1,0,0,0,0,0,''),
(2103360743390306,0,0,1,1,0,0,0,0,0,''),
(2103360743390307,0,0,0,1,0,0,0,0,0,''),
(2103360743390308,0,0,0,1,0,0,0,0,0,'46598'),
(2103360743390309,0,0,0,1,0,0,0,0,0,''),
(2103360743390310,0,0,50331648,1,0,0,0,0,0,''),
(2103360743390311,0,0,0,1,0,0,0,0,0,'46598'),
(2103360743390312,0,0,0,1,0,0,0,0,0,''),
(2103360743390313,0,0,0,1,0,0,0,0,0,'294708'),
(2103360743390314,0,0,0,1,0,0,0,0,0,''),
(2103360743390315,0,0,0,1,0,0,0,0,0,''),
(2103360743390316,0,0,0,1,0,0,0,0,0,''),
(2103360743390317,0,0,0,1,0,0,0,0,0,'257161'),
(2103360743390318,0,0,50331649,1,0,0,0,0,0,''),
(2103360743390319,0,0,0,1,0,0,0,0,0,''),
(2103360743390320,0,0,0,1,0,0,0,0,0,''),
(2103360743390321,0,0,50331648,1,0,0,0,0,0,''),
(2103360743390322,0,0,0,1,0,0,0,0,0,'292025'),
(2103360743390323,0,0,0,1,0,0,0,0,0,''),
(2103360743390324,0,0,0,1,0,0,0,0,0,''),
(2103360743390325,0,0,0,1,0,0,0,0,0,''),
(2103360743390326,0,0,0,1,0,0,0,0,0,''),
(2103360743390327,0,0,0,1,0,0,0,0,0,''),
(2103360743390328,0,0,0,1,0,0,0,0,0,''),
(2103360743390329,0,0,0,1,0,0,0,0,0,''),
(2103360743390330,0,0,262144,1,0,0,0,0,0,''),
(2103360743390331,0,0,0,1,0,0,0,0,0,''),
(2103360743390332,0,0,262144,1,0,0,0,0,0,''),
(2103360743390333,0,0,50331648,1,0,0,0,0,0,''),
(2103360743390334,0,0,0,1,0,0,0,0,0,''),
(2103360743390335,0,0,0,1,0,0,0,0,0,''),
(2103360743390336,0,0,0,1,0,0,0,0,0,''),
(2103360743390337,0,0,0,1,0,0,0,0,0,''),
(2103360743390338,0,0,0,1,0,0,0,0,0,''),
(2103360743390339,0,0,0,1,0,0,0,0,0,''),
(2103360743390340,0,0,0,1,0,0,0,0,0,''),
(2103360743390341,0,0,0,1,0,0,0,0,0,''),
(2103360743390342,0,0,0,0,0,0,0,0,0,''),
(2103360743390343,0,0,0,1,0,0,0,0,0,''),
(2103360743390344,0,0,0,0,0,0,0,0,0,''),
(2103360743390345,0,0,0,1,0,0,0,0,0,''),
(2103360743390346,0,0,0,1,0,0,0,0,0,''),
(2103360743390347,0,0,0,0,0,0,0,0,0,''),
(2103360743390348,0,0,0,1,0,0,0,0,0,''),
(2103360743390349,0,0,0,1,0,0,0,0,0,''),
(2103360743390350,0,0,0,1,0,0,0,0,0,'297896'),
(2103360743390351,0,0,0,0,0,0,0,0,0,''),
(2103360743390352,0,0,0,1,0,0,0,0,0,''),
(2103360743390353,0,0,0,1,0,0,0,0,0,''),
(2103360743390354,0,0,0,1,0,0,0,0,0,'297896'),
(2103360743390355,0,0,50331648,1,0,0,0,0,0,''),
(2103360743390356,0,0,0,1,0,0,0,0,0,''),
(2103360743390357,0,0,0,1,0,0,0,0,0,''),
(2103360743390358,0,0,0,1,0,0,0,0,0,''),
(2103360743390359,0,0,0,1,0,0,0,0,0,''),
(2103360743390360,0,0,0,1,0,0,0,0,0,''),
(2103360743390361,0,0,0,1,0,0,0,0,0,''),
(2103360743390362,0,0,0,1,0,0,0,0,0,''),
(2103360743390363,0,0,0,1,0,0,0,0,0,''),
(2103360743390364,0,0,50331648,1,0,0,0,0,0,''),
(2103360743390365,0,0,0,1,0,0,0,0,0,''),
(2103360743390366,0,0,0,1,0,0,0,0,0,''),
(2103360743390367,0,0,0,1,0,0,0,0,0,'46598'),
(2103360743390368,0,0,0,1,0,0,0,0,0,''),
(2103360743390369,0,0,0,1,0,0,0,0,0,''),
(2103360743390370,0,0,0,1,0,0,0,0,0,''),
(2103360743390371,0,0,0,1,0,0,0,0,0,''),
(2103360743390372,0,0,0,1,0,0,0,0,0,'297896'),
(2103360743390373,0,0,0,1,0,0,0,0,0,''),
(2103360743390374,0,0,0,1,0,0,0,0,0,''),
(2103360743390375,0,0,0,1,0,0,0,0,0,''),
(2103360743390376,0,0,0,2,0,0,0,0,0,''),
(2103360743390377,0,0,0,1,0,0,0,0,0,''),
(2103360743390378,0,0,0,1,0,0,0,0,0,''),
(2103360743390379,0,0,0,1,0,0,0,0,0,''),
(2103360743390380,0,0,0,1,0,0,0,0,0,''),
(2103360743390381,0,0,0,1,0,0,0,0,0,''),
(2103360743390382,0,0,0,1,0,0,0,0,0,''),
(2103360743390383,0,0,0,1,0,0,0,0,0,'227301'),
(2103360743390384,0,0,0,1,0,0,0,0,0,''),
(2103360743390385,0,0,0,1,0,0,0,0,0,''),
(2103360743390386,0,0,0,1,0,0,0,0,0,''),
(2103360743390387,0,0,0,1,0,0,0,0,0,''),
(2103360743390388,0,0,0,1,0,0,0,0,0,''),
(2103360743390389,0,0,0,1,0,0,0,0,0,''),
(2103360743390390,0,0,0,1,0,0,0,0,0,''),
(2103360743390391,0,0,0,1,0,0,0,0,0,''),
(2103360743390392,0,0,0,1,0,0,0,0,0,''),
(2103360743390393,0,0,0,1,0,0,0,0,0,''),
(2103360743390394,0,0,0,1,0,0,0,0,0,''),
(2103360743390395,0,0,0,1,0,0,0,0,0,''),
(2103360743390396,0,0,0,1,0,0,0,0,0,'300314'),
(2103360743390397,0,0,0,1,0,0,0,0,0,''),
(2103360743390398,0,0,0,1,0,0,0,0,0,''),
(2103360743390399,0,0,0,1,0,0,0,0,0,''),
(2103360743390400,0,0,0,1,0,0,0,0,0,''),
(2103360743390401,0,0,3,1,0,0,0,0,0,''),
(2103360743390402,0,0,3,1,0,0,0,0,0,''),
(2103360743390403,0,0,50331648,1,0,0,0,0,0,''),
(2103360743390404,0,0,0,1,0,0,0,0,0,''),
(2103360743390405,0,0,0,1,0,0,0,0,0,''),
(2103360743390406,0,0,0,1,0,0,0,0,0,''),
(2103360743390407,0,0,0,1,0,0,0,0,0,'46598'),
(2103360743390408,0,0,8,1,0,0,0,0,0,''),
(2103360743390409,0,0,0,1,0,0,0,0,0,''),
(2103360743390410,0,0,50331648,1,0,0,0,0,0,''),
(2103360743390411,0,0,0,1,0,0,0,0,0,''),
(2103360743390412,0,0,0,1,0,0,0,0,0,''),
(2103360743390413,0,0,0,1,0,0,0,0,0,''),
(2103360743390414,0,0,0,1,0,0,0,0,0,'46598'),
(2103360743390415,0,0,0,1,0,0,0,0,0,''),
(2103360743390416,0,0,0,1,0,0,0,0,0,''),
(2103360743390417,0,0,0,1,0,0,0,0,0,''),
(2103360743390418,0,0,0,1,0,0,0,0,0,''),
(2103360743390419,0,0,0,1,0,0,0,0,0,''),
(2103360743390420,0,0,0,1,0,0,0,0,0,''),
(2103360743390421,0,0,0,1,0,0,0,0,0,''),
(2103360743390422,0,0,0,1,0,0,0,0,0,''),
(2103360743390423,0,0,0,1,0,0,0,0,0,''),
(2103360743390424,0,0,0,1,0,0,0,0,0,''),
(2103360743390425,0,0,0,1,0,0,0,0,0,''),
(2103360743390426,0,0,0,1,0,0,0,0,0,''),
(2103360743390427,0,0,0,1,0,0,0,0,0,''),
(2103360743390428,0,0,0,1,0,0,0,0,0,''),
(2103360743390429,0,0,0,1,0,0,0,0,0,''),
(2103360743390430,0,0,0,1,0,0,0,0,0,''),
(2103360743390431,0,0,0,1,0,0,0,0,0,''),
(2103360743390432,0,0,0,1,0,0,0,0,0,''),
(2103360743390433,0,0,0,1,0,0,0,0,0,''),
(2103360743390434,0,0,262144,1,0,0,0,0,0,'192921'),
(2103360743390435,0,0,0,1,0,0,0,0,0,''),
(2103360743390436,0,0,0,1,0,0,0,0,0,''),
(2103360743390437,0,0,50331648,1,0,0,0,0,0,''),
(2103360743390438,0,0,262144,1,0,0,0,0,0,'192921'),
(2103360743390439,0,0,0,1,0,0,0,0,0,''),
(2103360743390440,0,0,0,1,0,0,0,0,0,''),
(2103360743390441,0,0,0,1,0,0,0,0,0,''),
(2103360743390442,0,0,0,1,0,0,0,0,0,''),
(2103360743390443,0,0,0,1,0,0,0,0,0,''),
(2103360743390444,0,0,50331648,1,0,0,0,0,0,''),
(2103360743390445,0,0,50331648,1,0,0,0,0,0,''),
(2103360743390446,0,0,0,1,0,0,0,0,0,''),
(2103360743390447,0,0,0,1,0,0,0,0,0,''),
(2103360743390448,0,0,50331648,1,0,0,0,0,0,''),
(2103360743390449,0,0,0,1,0,0,0,0,0,''),
(2103360743390450,0,0,50331648,1,0,0,0,0,0,''),
(2103360743390451,0,0,0,1,0,0,0,0,0,''),
(2103360743390452,0,0,0,1,0,0,0,0,0,''),
(2103360743390453,0,0,0,1,0,0,0,0,0,''),
(2103360743390454,0,0,50331648,1,0,0,0,0,0,''),
(2103360743390455,0,0,0,1,0,0,0,0,0,''),
(2103360743390456,0,0,50331648,1,0,0,0,0,0,''),
(2103360743390457,0,0,0,1,0,0,0,0,0,''),
(2103360743390458,0,0,0,1,0,0,0,0,0,''),
(2103360743390459,0,0,0,1,0,0,0,0,0,''),
(2103360743390460,0,0,50331648,1,0,0,0,0,0,''),
(2103360743390461,0,0,50331648,1,0,0,0,0,0,''),
(2103360743390462,0,0,0,1,0,0,0,0,0,'151597'),
(2103360743390463,0,0,0,1,0,0,0,0,0,''),
(2103360743390464,0,0,0,1,0,0,0,0,0,''),
(2103360743390465,0,0,0,1,0,0,0,0,0,''),
(2103360743390466,0,0,0,1,0,0,0,0,0,'151597'),
(2103360743390467,0,0,0,1,0,0,0,0,0,''),
(2103360743390468,0,0,0,1,0,0,0,0,0,''),
(2103360743390469,0,0,0,1,0,0,0,0,0,''),
(2103360743390470,0,0,0,1,0,0,0,0,0,''),
(2103360743390471,0,0,50331649,1,0,0,0,0,0,''),
(2103360743390472,0,0,0,1,0,0,0,0,0,''),
(2103360743390473,0,0,0,1,0,0,0,0,0,''),
(2103360743390474,0,0,50331648,1,0,0,0,0,0,''),
(2103360743390475,0,0,50331648,1,0,0,0,0,0,''),
(2103360743390476,0,0,0,1,0,0,0,0,0,'46598'),
(2103360743390477,0,0,0,1,0,0,0,0,0,''),
(2103360743390478,0,0,50331648,1,0,0,0,0,0,''),
(2103360743390479,0,0,50331648,1,0,0,0,0,0,''),
(2103360743390480,0,0,0,1,0,0,0,0,0,''),
(2103360743390481,0,0,50331648,1,0,0,0,0,0,''),
(2103360743390482,0,0,50331648,1,0,0,0,0,0,''),
(2103360743390483,0,0,0,1,0,0,0,0,0,''),
(2103360743390484,0,0,0,1,0,0,0,0,0,''),
(2103360743390485,0,0,0,1,0,0,0,0,0,''),
(2103360743390486,0,0,0,1,0,0,0,0,0,''),
(2103360743390487,0,0,50331648,1,0,0,0,0,0,''),
(2103360743390488,0,0,0,1,0,0,0,0,0,''),
(2103360743390489,0,0,50331648,1,0,0,0,0,0,''),
(2103360743390490,0,0,0,1,0,0,0,0,0,'151597'),
(2103360743390491,0,0,0,1,0,0,0,0,0,'151597'),
(2103360743390492,0,0,0,1,0,0,0,0,0,'151597'),
(2103360743390493,0,0,0,1,0,0,0,0,0,''),
(2103360743390494,0,0,0,1,0,0,0,0,0,''),
(2103360743390495,0,0,50331648,1,0,0,0,0,0,''),
(2103360743390496,0,0,0,1,0,0,0,0,0,''),
(2103360743390497,0,0,0,1,0,0,0,0,0,''),
(2103360743390498,0,0,0,1,0,0,0,0,0,''),
(2103360743390499,0,0,0,1,0,0,0,0,0,''),
(2103360743390500,0,0,0,1,0,0,0,0,0,''),
(2103360743390501,0,0,0,1,0,0,0,0,0,''),
(2103360743390502,0,0,0,1,0,0,0,0,0,''),
(2103360743390503,0,0,0,1,0,0,0,0,0,''),
(2103360743390504,0,0,0,1,0,0,0,0,0,''),
(2103360743390505,0,0,0,1,0,0,0,0,0,''),
(2103360743390506,0,0,0,1,0,0,0,0,0,'304481'),
(2103360743390507,0,0,0,1,0,0,0,0,0,'304481'),
(2103360743390508,0,0,0,1,0,0,0,0,0,''),
(2103360743390509,0,0,0,1,0,0,0,0,0,''),
(2103360743390510,0,0,0,1,0,0,0,0,0,''),
(2103360743390511,0,0,0,1,0,0,0,0,0,''),
(2103360743390512,0,0,8,1,0,0,0,0,0,''),
(2103360743390513,0,0,50331648,1,0,0,0,0,0,''),
(2103360743390514,0,0,50331648,1,0,0,0,0,0,''),
(2103360743390515,0,0,0,1,0,0,0,0,0,''),
(2103360743390516,0,0,0,1,0,0,0,0,0,''),
(2103360743390517,0,0,50331648,1,0,0,0,0,0,''),
(2103360743390518,0,0,0,1,0,0,0,0,0,''),
(2103360743390519,0,0,50331648,1,0,0,0,0,0,''),
(2103360743390520,0,0,0,1,0,0,0,0,0,''),
(2103360743390521,0,0,0,1,0,0,0,0,0,''),
(2103360743390522,0,0,0,1,0,0,0,0,0,''),
(2103360743390523,0,0,0,1,0,0,0,0,0,''),
(2103360743390524,0,0,0,1,0,0,0,0,0,''),
(2103360743390525,0,0,0,1,0,0,0,0,0,''),
(2103360743390526,0,0,0,1,0,0,0,0,0,''),
(2103360743390527,0,0,0,1,0,0,0,0,0,''),
(2103360743390528,0,0,50331648,1,0,0,0,0,0,''),
(2103360743390529,0,0,0,1,0,0,0,0,0,''),
(2103360743390530,0,0,0,1,0,0,0,0,0,''),
(2103360743390531,0,0,0,1,0,0,0,0,0,''),
(2103360743390532,0,0,0,1,0,0,0,0,0,''),
(2103360743390533,0,0,0,1,0,0,0,0,0,''),
(2103360743390534,0,0,0,1,0,0,0,0,0,''),
(2103360743390535,0,0,0,1,0,0,0,0,0,''),
(2103360743390536,0,0,0,1,0,0,0,0,0,''),
(2103360743390537,0,0,0,1,0,0,0,0,0,''),
(2103360743390538,0,0,0,1,0,0,0,0,0,''),
(2103360743390539,0,0,0,1,0,0,0,0,0,''),
(2103360743390540,0,0,0,1,0,0,0,0,0,''),
(2103360743390541,0,0,0,1,0,0,0,0,0,''),
(2103360743390542,0,0,0,1,0,0,0,0,0,''),
(2103360743390543,0,0,0,1,0,0,0,0,0,''),
(2103360743390544,0,0,0,1,0,0,0,0,0,''),
(2103360743390545,0,0,0,1,0,0,0,0,0,''),
(2103360743390546,0,0,0,1,0,0,0,0,0,''),
(2103360743390547,0,0,0,1,0,0,0,0,0,''),
(2103360743390548,0,0,0,1,0,0,0,0,0,''),
(2103360743390549,0,0,0,1,0,0,0,0,0,''),
(2103360743390550,0,0,0,1,0,0,0,0,0,''),
(2103360743390551,0,0,0,1,0,0,0,0,0,''),
(2103360743390552,0,0,0,1,0,0,0,0,0,''),
(2103360743390553,0,0,0,1,0,0,0,0,0,''),
(2103360743390554,0,0,0,1,0,0,0,0,0,''),
(2103360743390555,0,0,0,1,0,0,0,0,0,''),
(2103360743390556,0,0,0,1,0,0,0,0,0,''),
(2103360743390557,0,0,0,1,0,0,0,0,0,''),
(2103360743390558,0,0,0,1,0,0,0,0,0,''),
(2103360743390559,0,0,0,1,0,0,0,0,0,''),
(2103360743390560,0,0,0,1,0,0,0,0,0,''),
(2103360743390561,0,0,0,1,0,0,0,0,0,''),
(2103360743390562,0,0,0,1,0,0,0,0,0,''),
(2103360743390563,0,0,0,1,0,0,0,0,0,''),
(2103360743390564,0,0,0,1,0,0,0,0,0,''),
(2103360743390565,0,0,0,1,0,0,0,0,0,''),
(2103360743390566,0,0,0,1,0,0,0,0,0,''),
(2103360743390567,0,0,0,1,0,0,0,0,0,''),
(2103360743390568,0,0,0,1,0,0,0,0,0,''),
(2103360743390569,0,0,0,1,0,0,0,0,0,''),
(2103360743390570,0,0,0,1,0,0,0,0,0,''),
(2103360743390571,0,0,0,1,0,0,0,0,0,''),
(2103360743390572,0,0,50331648,1,0,0,0,0,0,''),
(2103360743390573,0,0,50331648,1,0,0,0,0,0,''),
(2103360743390574,0,0,50331648,1,0,0,0,0,0,''),
(2103360743390575,0,0,50331648,1,0,0,0,0,0,''),
(2103360743390576,0,0,0,1,0,0,0,0,0,''),
(2103360743390577,0,0,0,1,0,0,0,0,0,''),
(2103360743390578,0,0,50331648,1,0,0,0,0,0,''),
(2103360743390579,0,0,50331648,1,0,0,0,0,0,''),
(2103360743390580,0,0,0,1,0,0,0,0,0,''),
(2103360743390581,0,0,0,1,0,0,0,0,0,''),
(2103360743390582,0,0,0,1,0,0,0,0,0,''),
(2103360743390583,0,0,0,1,0,0,0,0,0,''),
(2103360743390584,0,0,0,1,0,0,0,0,0,''),
(2103360743390585,0,0,0,1,0,0,0,0,0,''),
(2103360743390586,0,0,0,1,0,0,0,0,0,''),
(2103360743390587,0,0,0,1,0,0,0,0,0,''),
(2103360743390588,0,0,0,1,0,0,0,0,0,''),
(2103360743390589,0,0,0,1,0,0,0,0,0,''),
(2103360743390590,0,0,0,1,0,0,0,0,0,''),
(2103360743390591,0,0,0,1,0,0,0,0,0,''),
(2103360743390592,0,0,0,1,0,0,0,0,0,''),
(2103360743390593,0,0,0,1,0,0,0,0,0,''),
(2103360743390594,0,0,0,1,0,0,0,0,0,''),
(2103360743390595,0,0,0,1,0,0,0,0,0,''),
(2103360743390596,0,0,0,1,0,0,0,0,0,''),
(2103360743390597,0,0,0,1,0,0,0,0,0,''),
(2103360743390598,0,0,0,1,0,0,0,0,0,''),
(2103360743390599,0,0,0,1,0,0,0,0,0,''),
(2103360743390600,0,0,0,1,0,0,0,0,0,''),
(2103360743390601,0,0,0,1,0,0,0,0,0,''),
(2103360743390602,0,0,0,1,0,0,0,0,0,''),
(2103360743390603,0,0,0,1,0,0,0,0,0,''),
(2103360743390604,0,0,0,1,0,0,0,0,0,''),
(2103360743390605,0,0,0,1,0,0,0,0,0,''),
(2103360743390606,0,0,0,1,0,0,0,0,0,''),
(2103360743390607,0,0,0,1,0,0,0,0,0,''),
(2103360743390608,0,0,0,1,0,0,0,0,0,''),
(2103360743390609,0,0,0,1,0,0,0,0,0,''),
(2103360743390610,0,0,0,1,0,0,0,0,0,''),
(2103360743390611,0,0,0,1,0,0,0,0,0,''),
(2103360743390612,0,0,0,1,0,0,0,0,0,''),
(2103360743390613,0,0,0,1,0,0,0,0,0,''),
(2103360743390614,0,0,0,1,0,0,0,0,0,''),
(2103360743390615,0,0,0,1,0,0,0,0,0,''),
(2103360743390616,0,0,0,1,0,0,0,0,0,''),
(2103360743390617,0,0,0,1,0,0,0,0,0,''),
(2103360743390618,0,0,0,1,0,0,0,0,0,''),
(2103360743390619,0,0,0,1,0,0,0,0,0,''),
(2103360743390620,0,0,0,1,0,0,0,0,0,''),
(2103360743390621,0,0,0,1,0,0,0,0,0,''),
(2103360743390622,0,0,0,1,0,0,0,0,0,''),
(2103360743390623,0,0,0,1,0,0,0,0,0,''),
(2103360743390624,0,0,0,1,0,0,0,0,0,''),
(2103360743390625,0,0,0,1,0,0,0,0,0,''),
(2103360743390626,0,0,0,1,0,0,0,0,0,''),
(2103360743390627,0,0,0,1,0,0,0,0,0,''),
(2103360743390628,0,0,0,1,0,0,0,0,0,''),
(2103360743390629,0,0,0,1,0,0,0,0,0,''),
(2103360743390630,0,0,0,1,0,0,0,0,0,''),
(2103360743390631,0,0,0,1,0,0,0,0,0,''),
(2103360743390632,0,0,0,1,0,0,0,0,0,''),
(2103360743390633,0,0,0,1,0,0,0,0,0,''),
(2103360743390634,0,0,0,1,0,0,0,0,0,''),
(2103360743390635,0,0,0,1,0,0,0,0,0,''),
(2103360743390636,0,0,0,1,0,0,0,0,0,''),
(2103360743390637,0,0,0,1,0,0,0,0,0,''),
(2103360743390638,0,0,0,1,0,0,0,0,0,''),
(2103360743390639,0,0,0,1,0,0,0,0,0,''),
(2103360743390640,0,0,0,1,0,0,0,0,0,''),
(2103360743390641,0,0,0,1,0,0,0,0,0,''),
(2103360743390642,0,0,0,1,0,0,0,0,0,''),
(2103360743390643,0,0,0,1,0,0,0,0,0,''),
(2103360743390644,0,0,0,1,0,0,0,0,0,''),
(2103360743390645,0,0,0,1,0,0,0,0,0,''),
(2103360743390646,0,0,0,1,0,0,0,0,0,''),
(2103360743390647,0,0,0,1,0,0,0,0,0,''),
(2103360743390648,0,0,0,1,0,0,0,0,0,''),
(2103360743390649,0,0,0,1,0,0,0,0,0,''),
(2103360743390650,0,0,0,1,0,0,0,0,0,''),
(2103360743390651,0,0,0,1,0,0,0,0,0,''),
(2103360743390652,0,0,0,1,0,0,0,0,0,''),
(2103360743390653,0,0,0,1,0,0,0,0,0,''),
(2103360743390654,0,0,0,1,0,0,0,0,0,''),
(2103360743390655,0,0,0,1,0,0,0,0,0,''),
(2103360743390656,0,0,0,1,0,0,0,0,0,''),
(2103360743390657,0,0,0,1,0,0,0,0,0,''),
(2103360743390658,0,0,0,1,0,0,0,0,0,''),
(2103360743390659,0,0,0,1,0,0,0,0,0,''),
(2103360743390660,0,0,0,1,0,0,0,0,0,''),
(2103360743390661,0,0,0,1,0,0,0,0,0,''),
(2103360743390662,0,0,0,1,0,0,0,0,0,''),
(2103360743390663,0,0,0,1,0,0,0,0,0,''),
(2103360743390664,0,0,0,1,0,0,0,0,0,''),
(2103360743390665,0,0,0,1,0,0,0,0,0,''),
(2103360743390666,0,0,0,1,0,0,0,0,0,''),
(2103360743390667,0,0,0,1,0,0,0,0,0,''),
(2103360743390668,0,0,0,1,0,0,0,0,0,''),
(2103360743390669,0,0,0,1,0,0,0,0,0,''),
(2103360743390670,0,0,0,1,0,0,0,0,0,''),
(2103360743390671,0,0,0,1,0,0,0,0,0,''),
(2103360743390672,0,0,0,1,0,0,0,0,0,''),
(2103360743390673,0,0,0,1,0,0,0,0,0,''),
(2103360743390674,0,0,0,1,0,0,0,0,0,''),
(2103360743390675,0,0,0,1,0,0,0,0,0,''),
(2103360743390676,0,0,0,1,0,0,0,0,0,''),
(2103360743390677,0,0,0,1,0,0,0,0,0,''),
(2103360743390678,0,0,0,1,0,0,0,0,0,''),
(2103360743390679,0,0,0,1,0,0,0,0,0,''),
(2103360743390680,0,0,0,1,0,0,0,0,0,''),
(2103360743390681,0,0,0,1,0,0,0,0,0,''),
(2103360743390682,0,0,0,1,0,0,0,0,0,''),
(2103360743390683,0,0,0,1,0,0,0,0,0,''),
(2103360743390684,0,0,0,1,0,0,0,0,0,''),
(2103360743390685,0,0,0,1,0,0,0,0,0,''),
(2103360743390686,0,0,0,1,0,0,0,0,0,''),
(2103360743390687,0,0,0,1,0,0,0,0,0,''),
(2103360743390688,0,0,0,1,0,0,0,0,0,''),
(2103360743390689,0,0,0,1,0,0,0,0,0,''),
(2103360743390690,0,0,0,1,0,0,0,0,0,''),
(2103360743390691,0,0,0,1,0,0,0,0,0,''),
(2103360743390692,0,0,0,1,0,0,0,0,0,''),
(2103360743390693,0,0,0,1,0,0,0,0,0,''),
(2103360743390694,0,0,0,1,0,0,0,0,0,''),
(2103360743390695,0,0,0,1,0,0,0,0,0,''),
(2103360743390696,0,0,0,1,0,0,0,0,0,''),
(2103360743390697,0,0,0,1,0,0,0,0,0,''),
(2103360743390698,0,0,0,1,0,0,0,0,0,''),
(2103360743390699,0,0,0,1,0,0,0,0,0,''),
(2103360743390700,0,0,50331648,1,0,0,0,0,0,''),
(2103360743390701,0,0,0,1,0,0,0,0,0,''),
(2103360743390702,0,0,0,1,0,0,0,0,0,''),
(2103360743390703,0,0,0,1,0,0,0,0,0,''),
(2103360743390704,0,0,0,1,0,0,0,0,0,''),
(2103360743390705,0,0,0,1,0,0,0,0,0,''),
(2103360743390706,0,0,0,1,0,0,0,0,0,''),
(2103360743390707,0,0,0,1,0,0,0,0,0,''),
(2103360743390708,0,0,0,1,0,0,0,0,0,''),
(2103360743390709,0,0,0,1,0,0,0,0,0,''),
(2103360743390710,0,0,0,1,0,0,0,0,0,''),
(2103360743390711,0,0,0,1,0,0,0,0,0,''),
(2103360743390712,0,0,50331648,1,0,0,0,0,0,''),
(2103360743390713,0,0,0,1,0,0,0,0,0,''),
(2103360743390714,0,0,0,1,0,0,0,0,0,''),
(2103360743390715,0,0,50331648,1,0,0,0,0,0,''),
(2103360743390716,0,0,50331648,1,0,0,0,0,0,''),
(2103360743390717,0,0,50331648,1,0,0,0,0,0,''),
(2103360743390718,0,0,0,1,0,0,0,0,0,''),
(2103360743390719,0,0,0,1,0,0,0,0,0,''),
(2103360743390720,0,0,50331648,1,0,0,0,0,0,''),
(2103360743390721,0,0,50331648,1,0,0,0,0,0,''),
(2103360743390722,0,0,0,1,0,0,0,0,0,''),
(2103360743390723,0,0,0,1,0,0,0,0,0,''),
(2103360743390724,0,0,0,1,0,0,0,0,0,''),
(2103360743390725,0,0,50331648,1,0,0,0,0,0,'');

replace  into `gameobject`(`guid`,`id`,`map`,`zoneId`,`areaId`,`spawnDifficulties`,`phaseUseFlags`,`PhaseId`,`PhaseGroup`,`terrainSwapMap`,`position_x`,`position_y`,`position_z`,`orientation`,`rotation0`,`rotation1`,`rotation2`,`rotation3`,`spawntimesecs`,`animprogress`,`state`,`isActive`,`ScriptName`,`VerifiedBuild`) values 
(2103104793138,329692,1718,10052,10333,'0',0,64938,0,-1,1003.06,-418.028,-282.318,0,0,0,0,1,7200,255,1,0,'',31478),
(2103104793139,329800,1718,10052,10333,'0',0,64938,0,-1,1016.05,-466.135,-282.188,0.104719,0,0,0.0523348,0.99863,7200,255,1,0,'',31478),
(2103104793140,325912,1718,10052,10333,'0',0,64938,0,-1,957.641,-401.047,-185.38,0.170487,-0.102918,-0.303514,0.0408878,0.946369,7200,255,0,0,'',31478),
(2103104793141,329794,1718,10052,10333,'0',0,64938,0,-1,1008.27,-463.717,-282.188,6.03884,0,0,-0.121867,0.992546,7200,255,1,0,'',31478),
(2103104793142,327585,1718,10052,10333,'0',0,64938,0,-1,1042.17,-447.413,-280.282,3.6857,0,0,-0.963222,0.268708,7200,255,1,0,'',31478),
(2103104793143,329797,1718,10052,10333,'0',0,64938,0,-1,1015.18,-459.25,-282.188,4.52913,0,0,-0.768841,0.63944,7200,255,1,0,'',31478),
(2103104793144,329801,1718,10052,10333,'0',0,64938,0,-1,1010.89,-471.691,-282.188,0.872666,0,0,0.422619,0.906308,7200,255,1,0,'',31478),
(2103104793145,326416,1718,10052,10333,'0',0,64938,0,-1,953.316,-516.604,-155.735,0.257613,-0.0944948,-0.105754,0.117176,0.982933,7200,255,1,0,'',31478),
(2103104793146,326652,1718,10052,10333,'0',0,64938,0,-1,920.561,-403.38,-183.331,3.63833,0,0,-0.969314,0.245827,7200,255,1,0,'',31478),
(2103104793147,329796,1718,10052,10333,'0',0,64938,0,-1,1017.47,-472.554,-282.188,1.91113,0,0,0.816641,0.577146,7200,255,1,0,'',31478),
(2103104793148,329795,1718,10052,10333,'0',0,64938,0,-1,1021.67,-463.604,-282.188,3.59538,0,0,-0.97437,0.224951,7200,255,1,0,'',31478),
(2103104793149,330622,1718,10052,10333,'0',0,64938,0,-1,1277.18,-244.274,-480.798,5.93211,-0.813134,0.123342,-0.128502,0.554155,7200,255,1,0,'',31478),
(2103104793150,326598,1718,10052,10333,'0',0,64938,0,-1,945.306,-411.142,-182.019,2.39119,0,0,0.930433,0.366461,7200,255,1,0,'',31478),
(2103104793151,326598,1718,10052,10333,'0',0,33840,0,-1,945.306,-411.142,-182.019,2.39119,0,0,0.930433,0.366461,7200,255,1,0,'',31478),
(2103104793152,329692,1718,10052,10333,'0',0,33840,0,-1,1003.06,-418.028,-282.318,0,0,0,0,1,7200,255,1,0,'',31478),
(2103104793153,329800,1718,10052,10333,'0',0,33840,0,-1,1016.05,-466.135,-282.188,0.104719,0,0,0.0523348,0.99863,7200,255,1,0,'',31478),
(2103104793154,329794,1718,10052,10333,'0',0,33840,0,-1,1008.27,-463.717,-282.188,6.03884,0,0,-0.121867,0.992546,7200,255,1,0,'',31478),
(2103104793155,327527,1718,10052,10333,'0',0,33840,0,-1,1002.36,-417.885,-282.613,6.05076,0,0,-0.115949,0.993255,7200,255,1,0,'',31478),
(2103104793156,325912,1718,10052,10333,'0',0,33840,0,-1,957.641,-401.047,-185.38,0.170487,-0.102918,-0.303514,0.0408878,0.946369,7200,255,0,0,'',31478),
(2103104793157,329801,1718,10052,10333,'0',0,33840,0,-1,1010.89,-471.691,-282.188,0.872666,0,0,0.422619,0.906308,7200,255,1,0,'',31478),
(2103104793158,326652,1718,10052,10333,'0',0,33840,0,-1,920.561,-403.38,-183.331,3.63833,0,0,-0.969314,0.245827,7200,255,1,0,'',31478),
(2103104793159,327585,1718,10052,10333,'0',0,33840,0,-1,1042.17,-447.413,-280.282,3.6857,0,0,-0.963222,0.268708,7200,255,1,0,'',31478),
(2103104793160,329797,1718,10052,10333,'0',0,33840,0,-1,1015.18,-459.25,-282.188,4.52913,0,0,-0.768841,0.63944,7200,255,1,0,'',31478),
(2103104793161,329796,1718,10052,10333,'0',0,33840,0,-1,1017.47,-472.554,-282.188,1.91113,0,0,0.816641,0.577146,7200,255,1,0,'',31478),
(2103104793162,329795,1718,10052,10333,'0',0,33840,0,-1,1021.67,-463.604,-282.188,3.59538,0,0,-0.97437,0.224951,7200,255,1,0,'',31478),
(2103104793163,326416,1718,10052,10333,'0',0,33840,0,-1,953.316,-516.604,-155.735,0.257613,-0.0944948,-0.105754,0.117176,0.982933,7200,255,1,0,'',31478),
(2103104793164,330622,1718,10052,10333,'0',0,33840,0,-1,1277.18,-244.274,-480.798,5.93211,-0.813134,0.123342,-0.128502,0.554155,7200,255,1,0,'',31478),
(2103104793165,327527,1718,10052,10333,'0',0,33840,0,-1,1002.36,-417.885,-282.613,6.05076,0,0,-0.115949,0.993255,7200,255,1,0,'',31478),
(2103104793166,326417,1718,10052,10333,'0',0,33840,0,-1,1132.58,-251.693,-295.258,0.63871,0,0,0.313954,0.949438,7200,255,1,0,'',31478),
(2103104793167,246280,1718,10052,10333,'0',0,33840,0,-1,604.083,-317.186,9.28267,0.980133,-0.0675073,-0.0304871,0.469709,0.879708,7200,255,1,0,'',31478),
(2103104793168,246280,1718,10052,10333,'0',0,33840,0,-1,604.918,-318.238,17.3933,0.980133,-0.0675073,-0.0304871,0.469709,0.879708,7200,255,1,0,'',31478),
(2103104793169,329798,1718,10052,10333,'0',0,33840,0,-1,1009.43,-496.618,-280.792,3.86591,0,0,-0.935135,0.354292,7200,255,1,0,'',31478),
(2103104793170,329802,1718,10052,10333,'0',0,33840,0,-1,1040.23,-503.469,-282.517,4.46804,0,0,-0.788011,0.615662,7200,255,1,0,'',31478),
(2103104793171,329793,1718,10052,10333,'0',0,33840,0,-1,1038.62,-506.316,-282.974,3.69138,0,0,-0.962455,0.271442,7200,255,1,0,'',31478),
(2103104793172,325875,1718,10052,10333,'0',0,33840,0,-1,1160.47,-529.002,-311.877,6.28186,0.234211,0.1898,-0.0473204,0.952303,7200,255,1,0,'',31478),
(2103104793173,325912,1718,10052,10333,'0',0,33840,0,-1,1177.27,-548.203,-308.364,0.170487,-0.102918,-0.303514,0.0408878,0.946369,7200,255,1,0,'',31478),
(2103104793174,326410,1718,10052,10333,'0',0,33840,0,-1,1366.89,-560.917,-494.233,2.77667,0,0,0.9834,0.181449,7200,255,1,0,'',31478),
(2103104793175,326407,1718,10052,10333,'0',0,33840,0,-1,1372.58,-654.568,-327.751,4.33712,0,0,-0.826596,0.562795,7200,255,1,0,'',31478),
(2103104793176,325875,1718,10052,10333,'0',0,33840,0,-1,1211.43,-615.941,-337.953,5.83992,-0.0284915,0.020236,-0.219265,0.975039,7200,255,1,0,'',31478),
(2103104793177,326598,1718,10052,10333,'0',0,33840,0,-1,1227.82,-655.8,-339.639,3.26686,0,0,-0.998039,0.062591,7200,255,1,0,'',31478),
(2103104793178,325912,1718,10052,10333,'0',0,33840,0,-1,1234.73,-654.976,-342.043,0.170487,-0.102918,-0.303514,0.0408878,0.946369,7200,255,1,0,'',31478),
(2103104793179,326598,1718,10052,10333,'0',0,33840,0,-1,1281.12,-692.901,-349.058,0,0,0,0,1,7200,255,1,0,'',31478),
(2103104793180,326240,1718,10052,10333,'0',0,33840,0,-1,1242.19,-731.785,-329.503,0.0815911,-0.0404763,0.009758,0.0412054,0.998283,7200,255,1,0,'',31478),
(2103104793181,326240,1718,10052,10333,'0',0,33840,0,-1,1241.27,-732.406,-329.563,0.0815911,-0.0404763,0.009758,0.0412054,0.998283,7200,255,1,0,'',31478),
(2103104793182,326239,1718,10052,10333,'0',0,33840,0,-1,1241.42,-731.394,-329.668,0.0815911,-0.0404763,0.009758,0.0412054,0.998283,7200,255,1,0,'',31478),
(2103104793183,326598,1718,10052,10333,'0',0,33840,0,-1,1323.02,-737.759,-356.396,0,0,0,0,1,7200,255,1,0,'',31478),
(2103104793184,326598,1718,10052,10333,'0',0,33840,0,-1,1308.87,-787.78,-354.559,3.22895,0.0120587,-0.0154533,-0.998862,0.0434735,7200,255,1,0,'',31478),
(2103104793185,325912,1718,10052,10333,'0',0,33840,0,-1,1305.45,-792.906,-355.604,0.170487,-0.102918,-0.303514,0.0408878,0.946369,7200,255,1,0,'',31478),
(2103104793186,326240,1718,10052,10333,'0',0,33840,0,-1,1323.54,-822.74,-285.026,0,0,0,0,1,7200,255,1,0,'',31478),
(2103104793187,326598,1718,10052,10333,'0',0,33840,0,-1,1272.89,-839.833,-342.703,6.18523,0.0256295,0.0644941,-0.0503159,0.996319,7200,255,1,0,'',31478),
(2103104793188,325912,1718,10052,10333,'0',0,33840,0,-1,1332.41,-801.773,-358.527,0.170487,-0.102918,-0.303514,0.0408878,0.946369,7200,255,1,0,'',31478),
(2103104793189,326240,1718,10052,10333,'0',0,33840,0,-1,1322.89,-822.977,-285.442,0,0,0,0,1,7200,255,1,0,'',31478),
(2103104793190,326240,1718,10052,10333,'0',0,33840,0,-1,1322.93,-822.238,-285.116,0,0,0,0,1,7200,255,1,0,'',31478),
(2103104793191,326598,1718,10052,10333,'0',0,33840,0,-1,1309.82,-846.049,-344.743,2.80362,0,0,0.985756,0.168182,7200,255,1,0,'',31478),
(2103104793192,326239,1718,10052,10333,'0',0,33840,0,-1,1254.65,-854.542,-317.409,0,0,0,0,1,7200,255,1,0,'',31478),
(2103104793193,326598,1718,10052,10333,'0',0,33840,0,-1,1309.82,-846.049,-344.743,2.80362,0,0,0.985756,0.168182,7200,255,1,0,'',31478),
(2103104793194,326239,1718,10052,10333,'0',0,33840,0,-1,1255.12,-854.964,-317.665,0,0,0,0,1,7200,255,1,0,'',31478),
(2103104793195,326239,1718,10052,10333,'0',0,33840,0,-1,1343.48,-718.668,-328.662,0.309426,-0.180156,0.0506411,0.164679,0.968432,7200,255,1,0,'',31478),
(2103104793196,326240,1718,10052,10333,'0',0,33840,0,-1,1360.05,-753.389,-330.642,0.309426,-0.180156,0.0506411,0.164679,0.968432,7200,255,1,0,'',31478),
(2103104793197,326239,1718,10052,10333,'0',0,33840,0,-1,1342.8,-718.366,-328.489,0.309426,-0.180156,0.0506411,0.164679,0.968432,7200,255,1,0,'',31478),
(2103104793198,326240,1718,10052,10333,'0',0,33840,0,-1,1341.88,-719.793,-328.952,0.309426,-0.180156,0.0506411,0.164679,0.968432,7200,255,1,0,'',31478),
(2103104793199,326239,1718,10052,10333,'0',0,33840,0,-1,1359.99,-752.502,-330.575,0.309426,-0.180156,0.0506411,0.164679,0.968432,7200,255,1,0,'',31478),
(2103104793200,326240,1718,10052,10333,'0',0,33840,0,-1,1359.36,-752.7,-330.677,0.309426,-0.180156,0.0506411,0.164679,0.968432,7200,255,1,0,'',31478),
(2103104793201,326240,1718,10052,10333,'0',0,33840,0,-1,1343.13,-717.828,-328.172,0.309426,-0.180156,0.0506411,0.164679,0.968432,7200,255,1,0,'',31478),
(2103104793202,326240,1718,10052,10333,'0',0,33840,0,-1,1360.8,-753.135,-330.517,0.309426,-0.180156,0.0506411,0.164679,0.968432,7200,255,1,0,'',31478),
(2103104793203,326239,1718,10052,10333,'0',0,33840,0,-1,1343.9,-718.234,-328.406,0.309426,-0.180156,0.0506411,0.164679,0.968432,7200,255,1,0,'',31478),
(2103104793204,326240,1718,10052,10333,'0',0,33840,0,-1,1387.77,-792.524,-333.814,0,0,0,0,1,7200,255,1,0,'',31478),
(2103104793205,326598,1718,10052,10333,'0',0,33840,0,-1,1386.18,-745.115,-372.459,5.31279,-0.0977554,0.0557842,-0.463044,0.87916,7200,255,1,0,'',31478),
(2103104793206,326239,1718,10052,10333,'0',0,33840,0,-1,1388.68,-792.453,-333.807,0,0,0,0,1,7200,255,1,0,'',31478),
(2103104793207,326239,1718,10052,10333,'0',0,33840,0,-1,1389.09,-792.734,-333.901,0,0,0,0,1,7200,255,1,0,'',31478),
(2103104793208,326598,1718,10052,10333,'0',0,33840,0,-1,1390.43,-817.349,-367.627,3.98114,0,0,-0.91318,0.407556,7200,255,1,0,'',31478),
(2103104793209,326240,1718,10052,10333,'0',0,33840,0,-1,1373.37,-830.019,-323.615,0,0,0,0,1,7200,255,1,0,'',31478),
(2103104793210,326240,1718,10052,10333,'0',0,33840,0,-1,1374.75,-831.622,-323.672,0,0,0,0,1,7200,255,1,0,'',31478),
(2103104793211,326239,1718,10052,10333,'0',0,33840,0,-1,1374.36,-831.816,-323.558,0,0,0,0,1,7200,255,1,0,'',31478),
(2103104793212,326239,1718,10052,10333,'0',0,33840,0,-1,1373.74,-831.122,-323.607,0,0,0,0,1,7200,255,1,0,'',31478),
(2103104793213,326598,1718,10052,10333,'0',0,33840,0,-1,1423.18,-757.8,-376.441,0.0678157,0.0505486,0.108976,0.0278044,0.992369,7200,255,1,0,'',31478),
(2103104793214,326240,1718,10052,10333,'0',0,33840,0,-1,1446.32,-845.219,-349.082,0,0,0,0,1,7200,255,1,0,'',31478),
(2103104793215,326239,1718,10052,10333,'0',0,33840,0,-1,1445.76,-844.311,-349.453,0,0,0,0,1,7200,255,1,0,'',31478),
(2103104793216,326240,1718,10052,10333,'0',0,33840,0,-1,1445.52,-845.505,-349.262,0,0,0,0,1,7200,255,1,0,'',31478),
(2103104793217,326240,1718,10052,10333,'0',0,33840,0,-1,1486.47,-771.913,-375.446,0,0,0,0,1,7200,255,1,0,'',31478),
(2103104793218,326239,1718,10052,10333,'0',0,33840,0,-1,1485.95,-772.321,-375.372,0,0,0,0,1,7200,255,1,0,'',31478),
(2103104793219,326239,1718,10052,10333,'0',0,33840,0,-1,1485.72,-771.486,-375.297,0,0,0,0,1,7200,255,1,0,'',31478),
(2103104793220,325912,1718,10052,10333,'0',0,33840,0,-1,1470.96,-754.118,-402.344,0.170487,-0.102918,-0.303514,0.0408878,0.946369,7200,255,1,0,'',31478),
(2103104793221,326598,1718,10052,10333,'0',0,33840,0,-1,1460.52,-860.019,-393.455,3.83546,-0.316701,-0.0561457,-0.896527,0.30461,7200,255,1,0,'',31478),
(2103104793222,326598,1718,10052,10333,'0',0,33840,0,-1,1460.52,-860.019,-393.455,3.83546,-0.316701,-0.0561457,-0.896527,0.30461,7200,255,1,0,'',31478),
(2103104793223,326598,1718,10052,10333,'0',0,33840,0,-1,1499.53,-789.561,-409.333,0,0,0,0,1,7200,255,1,0,'',31478),
(2103104793224,326598,1718,10052,10333,'0',0,33840,0,-1,1460.52,-860.019,-393.455,3.83546,-0.316701,-0.0561457,-0.896527,0.30461,7200,255,1,0,'',31478),
(2103104793225,326240,1718,10052,10333,'0',0,33840,0,-1,1514.69,-886.267,-386.251,0,0,0,0,1,7200,255,1,0,'',31478),
(2103104793226,326240,1718,10052,10333,'0',0,33840,0,-1,1513.82,-885.964,-386.055,0,0,0,0,1,7200,255,1,0,'',31478),
(2103104793227,326239,1718,10052,10333,'0',0,33840,0,-1,1514.57,-885.413,-386.321,0,0,0,0,1,7200,255,1,0,'',31478),
(2103104793228,332574,1718,10052,10333,'0',0,33840,0,-1,1919.5,-921.993,-546.487,1.96223,-0.0630965,-0.124412,0.821688,0.552603,7200,255,0,0,'',31478),
(2103104793229,326240,1718,10052,10333,'0',0,33840,0,-1,1582.52,-870.078,-371.113,0,0,0,0,1,7200,255,1,0,'',31478),
(2103104793230,326239,1718,10052,10333,'0',0,33840,0,-1,1581.91,-869.637,-370.961,0,0,0,0,1,7200,255,1,0,'',31478),
(2103104793231,326598,1718,10052,10333,'0',0,33840,0,-1,1491.56,-889.09,-398.672,1.87801,0,0,0.806972,0.59059,7200,255,1,0,'',31478),
(2103104793232,326240,1718,10052,10333,'0',0,33840,0,-1,1582.6,-869.43,-371.119,0,0,0,0,1,7200,255,1,0,'',31478),
(2103104793233,326598,1718,10052,10333,'0',0,33840,0,-1,1580.15,-902.356,-413.683,3.04455,0,0,0.998823,0.0485005,7200,255,1,0,'',31478),
(2103104793234,326598,1718,10052,10333,'0',0,33840,0,-1,1580.15,-902.356,-413.683,3.04455,0,0,0.998823,0.0485005,7200,255,1,0,'',31478),
(2103104793235,326598,1718,10052,10333,'0',0,33840,0,-1,1595.37,-956.528,-413.643,3.08697,0,0,0.999627,0.0273067,7200,255,1,0,'',31478),
(2103104793236,325869,1718,10052,10333,'0',0,33840,0,-1,1596.08,-943.019,-418.144,5.3813,-0.364804,-0.0584526,-0.466099,0.803899,7200,255,1,0,'',31478),
(2103104793237,325912,1718,10052,10333,'0',0,33840,0,-1,1501.49,-952.227,-409.999,0.170487,-0.102918,-0.303514,0.0408878,0.946369,7200,255,1,0,'',31478),
(2103104793238,326598,1718,10052,10333,'0',0,33840,0,-1,1595.37,-956.528,-413.643,3.08697,0,0,0.999627,0.0273067,7200,255,1,0,'',31478),
(2103104793239,326598,1718,10052,10333,'0',0,33840,0,-1,1529.17,-974.67,-410.032,1.31939,0.00382996,0.120951,0.602631,0.788792,7200,255,1,0,'',31478),
(2103104793240,325789,1718,10052,10333,'0',0,33840,0,-1,1804.05,-1268.83,-392.918,2.32639,0.425575,0.691699,0.579528,0.0677199,7200,255,1,0,'',31478),
(2103104793241,326598,1718,10052,10333,'0',0,33840,0,-1,1551.08,-1082.43,-413.24,0,0,0,0,1,7200,255,1,0,'',31478),
(2103104793242,322803,1718,10052,10333,'0',0,33840,0,-1,1569.43,-1100.94,-414.429,2.34084,0,0,0.920914,0.389767,7200,255,1,0,'',31478),
(2103104793243,322791,1718,10052,10333,'0',0,33840,0,-1,1596.72,-1073.06,-412.401,2.82958,0,0,0.987856,0.155373,7200,255,1,0,'',31478),
(2103104793244,325912,1718,10052,10333,'0',0,33840,0,-1,1515.44,-1073.57,-411.929,0.170487,-0.102918,-0.303514,0.0408878,0.946369,7200,255,1,0,'',31478),
(2103104793245,322803,1718,10052,10333,'0',0,33840,0,-1,1562.27,-1098.37,-411.86,2.34084,0,0,0.920914,0.389767,7200,255,1,0,'',31478),
(2103104793246,322803,1718,10052,10333,'0',0,33840,0,-1,1531.56,-1096.55,-412.496,1.9672,0,0,0.832498,0.554029,7200,255,1,0,'',31478),
(2103104793247,322803,1718,10052,10333,'0',0,33840,0,-1,1527.68,-1102.11,-412.154,1.99246,0,0,0.839429,0.54347,7200,255,1,0,'',31478),
(2103104793248,322803,1718,10052,10333,'0',0,33840,0,-1,1499.7,-1082.24,-410.616,2.34084,0,0,0.920914,0.389767,7200,255,1,0,'',31478),
(2103104793249,322791,1718,10052,10333,'0',0,33840,0,-1,1566.77,-1109.69,-413.244,3.01752,0,0,0.998076,0.0619954,7200,255,1,0,'',31478),
(2103104793250,322803,1718,10052,10333,'0',0,33840,0,-1,1561.93,-1104.74,-411.63,1.99246,0,0,0.839429,0.54347,7200,255,1,0,'',31478),
(2103104793251,326598,1718,10052,10333,'0',0,33840,0,-1,1575.93,-1107.4,-413.849,1.00949,0,0,0.483586,0.875297,7200,255,1,0,'',31478),
(2103104793252,325912,1718,10052,10333,'0',0,33840,0,-1,1562.14,-1105.96,-412.129,0.170487,-0.102918,-0.303514,0.0408878,0.946369,7200,255,1,0,'',31478),
(2103104793253,322803,1718,10052,10333,'0',0,33840,0,-1,1598.07,-1082.98,-412.302,3.69666,0,0,-0.961734,0.273986,7200,255,1,0,'',31478),
(2103104793254,322803,1718,10052,10333,'0',0,33840,0,-1,1571.13,-1122.48,-413.658,2.34084,0,0,0.920914,0.389767,7200,255,1,0,'',31478),
(2103104793255,322803,1718,10052,10333,'0',0,33840,0,-1,1575.49,-1120.56,-412.98,2.34084,0,0,0.920914,0.389767,7200,255,1,0,'',31478),
(2103104793256,322791,1718,10052,10333,'0',0,33840,0,-1,1485.68,-1072.83,-405.91,4.21025,0,0,-0.86061,0.509265,7200,255,1,0,'',31478),
(2103104793257,322803,1718,10052,10333,'0',0,33840,0,-1,1473.68,-1113.23,-410.461,1.99246,0,0,0.839429,0.54347,7200,255,1,0,'',31478),
(2103104793258,322803,1718,10052,10333,'0',0,33840,0,-1,1524.58,-1151.53,-415.037,3.81344,0,0,-0.944107,0.329639,7200,255,1,0,'',31478),
(2103104793259,326598,1718,10052,10333,'0',0,33840,0,-1,1519.6,-1146.17,-415.088,4.13596,0.0959463,0.0243406,-0.875731,0.472542,7200,255,1,0,'',31478),
(2103104793260,322791,1718,10052,10333,'0',0,33840,0,-1,1530.46,-1149.41,-414.952,0.565359,0,0,0.27893,0.960312,7200,255,1,0,'',31478),
(2103104793261,322791,1718,10052,10333,'0',0,33840,0,-1,1523.72,-1142.84,-414.606,5.90228,-0.261451,0.119001,-0.162001,0.944054,7200,255,1,0,'',31478),
(2103104793262,322803,1718,10052,10333,'0',0,33840,0,-1,1471.81,-1108.82,-410.115,0.258634,0,0,0.128957,0.99165,7200,255,1,0,'',31478),
(2103104793263,322803,1718,10052,10333,'0',0,33840,0,-1,1529.17,-1157.55,-416.106,1.99246,0,0,0.839429,0.54347,7200,255,1,0,'',31478),
(2103104793264,327543,1718,10052,10333,'0',0,33840,0,-1,1471.28,-1167.11,-405.906,4.31267,0,0,-0.833414,0.552649,7200,255,0,0,'',31478),
(2103104793265,322791,1718,10052,10333,'0',0,33840,0,-1,1462.13,-1149.88,-404.21,0,0,0,0,1,7200,255,1,0,'',31478),
(2103104793266,322803,1718,10052,10333,'0',0,33840,0,-1,1493.18,-1165.98,-410.395,6.15224,0,0,-0.0654268,0.997857,7200,255,1,0,'',31478),
(2103104793267,322803,1718,10052,10333,'0',0,33840,0,-1,1475.35,-1154.77,-408.034,2.34084,0,0,0.920914,0.389767,7200,255,1,0,'',31478),
(2103104793268,322791,1718,10052,10333,'0',0,33840,0,-1,1498.73,-1182.77,-407.099,0.670439,0,0,0.328977,0.944338,7200,255,1,0,'',31478),
(2103104793269,322803,1718,10052,10333,'0',0,33840,0,-1,1473.47,-1156.78,-406.667,0,0,0,0,1,7200,255,1,0,'',31478),
(2103104793270,326598,1718,10052,10333,'0',0,33840,0,-1,1497.62,-1191.26,-406.941,6.24332,-0.0170512,0.186683,-0.0156412,0.982148,7200,255,1,0,'',31478),
(2103104793271,322803,1718,10052,10333,'0',0,33840,0,-1,1511.06,-1200.68,-411.535,1.99246,0,0,0.839429,0.54347,7200,255,1,0,'',31478),
(2103104793272,326598,1718,10052,10333,'0',0,33840,0,-1,1579.02,-1175.98,-414.027,5.33364,0,0,-0.457136,0.889397,7200,255,1,0,'',31478),
(2103104793273,326598,1718,10052,10333,'0',0,33840,0,-1,1446.08,-1190.98,-386.037,4.61757,0.0413694,-0.090642,-0.73419,0.671593,7200,255,1,0,'',31478),
(2103104793274,326598,1718,10052,10333,'0',0,33840,0,-1,1413.71,-1223.61,-384.534,2.5787,0,0,0.960655,0.277744,7200,255,1,0,'',31478),
(2103104793275,322803,1718,10052,10333,'0',0,33840,0,-1,1607.57,-1205.82,-413.389,1.99246,0,0,0.839429,0.54347,7200,255,1,0,'',31478),
(2103104793276,322803,1718,10052,10333,'0',0,33840,0,-1,1604.15,-1094.79,-409.708,3.04796,0,0,0.998904,0.0468012,7200,255,1,0,'',31478),
(2103104793277,326239,1718,10052,10333,'0',0,33840,0,-1,1436.62,-729.377,-367.942,0,0,0,0,1,7200,255,1,0,'',31478),
(2103104793278,330167,1718,10052,10333,'0',0,33840,0,-1,925.571,-486.092,-176.755,3.90388,0,0,-0.928241,0.37198,7200,255,1,0,'',31478),
(2103104793279,327203,1718,10052,10333,'0',0,33840,0,-1,939.418,-548.144,-283.417,0.93784,0.141051,0.0298758,0.451854,0.880364,7200,255,1,0,'',31478),
(2103104793280,246280,1718,10052,10333,'0',0,33840,0,-1,601.106,-317.191,14.4514,0.980133,-0.0675073,-0.0304871,0.469709,0.879708,7200,255,1,0,'',31478),
(2103104793281,326133,1718,10052,10333,'0',0,33840,0,-1,942.024,-571.347,-283.988,2.99131,0,0,0.997178,0.0750723,7200,255,1,0,'',31478),
(2103104793282,324028,1718,10052,10333,'0',0,33840,0,-1,942.241,-571.583,-283.947,2.41314,-0.0554161,0.0137091,0.933016,0.355278,7200,255,1,0,'',31478),
(2103104793283,326130,1718,10052,10333,'0',0,33840,0,-1,862.63,-586.149,-287.19,0.953846,-0.0253043,-0.0365648,0.457865,0.887909,7200,255,1,0,'',31478),
(2103104793284,326125,1718,10052,10333,'0',0,33840,0,-1,855.502,-595.654,-286.662,5.52397,0,0,-0.370558,0.928809,7200,255,1,0,'',31478),
(2103104793285,246280,1718,10052,10333,'0',0,33840,0,-1,598.344,-315.536,4.80377,0.980133,-0.0675073,-0.0304871,0.469709,0.879708,7200,255,1,0,'',31478),
(2103104793286,246280,1718,10052,10333,'0',0,33840,0,-1,598.467,-315.646,4.90496,0.980133,-0.0675073,-0.0304871,0.469709,0.879708,7200,255,1,0,'',31478),
(2103104793287,246280,1718,10052,10333,'0',0,33840,0,-1,597.43,-315.87,11.5773,0.980133,-0.0675073,-0.0304871,0.469709,0.879708,7200,255,1,0,'',31478),
(2103104793288,246280,1718,10052,10333,'0',0,33840,0,-1,593.932,-314.924,8.86577,0.980133,-0.0675073,-0.0304871,0.469709,0.879708,7200,255,1,0,'',31478),
(2103104793289,246280,1718,10052,10333,'0',0,33840,0,-1,586.002,-311.542,-4.74514,0.980133,-0.0675073,-0.0304871,0.469709,0.879708,7200,255,1,0,'',31478),
(2103104793290,246280,1718,10052,10333,'0',0,33840,0,-1,615.024,-277.087,16.5871,0.980133,-0.0675073,-0.0304871,0.469709,0.879708,7200,255,1,0,'',31478),
(2103104793291,246280,1718,10052,10333,'0',0,33840,0,-1,615.92,-278.799,23.1526,0.980133,-0.0675073,-0.0304871,0.469709,0.879708,7200,255,1,0,'',31478),
(2103104793292,325875,1718,10052,10333,'0',0,33840,0,-1,856.611,-518.415,-183.69,1.96491,0.00200796,0.140983,0.818435,0.557032,7200,255,1,0,'',31478),
(2103104793293,246280,1718,10052,10333,'0',0,33840,0,-1,612.238,-276.759,20.9638,0.980133,-0.0675073,-0.0304871,0.469709,0.879708,7200,255,1,0,'',31478),
(2103104793294,246280,1718,10052,10333,'0',0,33840,0,-1,583.196,-311.241,0.561347,0.980133,-0.0675073,-0.0304871,0.469709,0.879708,7200,255,1,0,'',31478),
(2103104793295,246280,1718,10052,10333,'0',0,33840,0,-1,580.281,-308.814,-9.1875,0.980133,-0.0675073,-0.0304871,0.469709,0.879708,7200,255,1,0,'',31478),
(2103104793296,246280,1718,10052,10333,'0',0,33840,0,-1,579.844,-310.002,-2.04902,0.980133,-0.0675073,-0.0304871,0.469709,0.879708,7200,255,1,0,'',31478),
(2103104793297,330194,1718,10052,10333,'0',0,33840,0,-1,812.979,-561.174,-193.277,6.2479,-0.133078,0.389654,0.04354,0.910255,7200,255,1,0,'',31478),
(2103104793298,246280,1718,10052,10333,'0',0,33840,0,-1,576.413,-308.597,-4.72344,0.980133,-0.0675073,-0.0304871,0.469709,0.879708,7200,255,1,0,'',31478),
(2103104793299,325912,1718,10052,10333,'0',0,33840,0,-1,1018.06,-203.356,-280.311,0.170487,-0.102918,-0.303514,0.0408878,0.946369,7200,255,1,0,'',31478),
(2103104793300,332570,1718,10052,10333,'0',0,33840,0,-1,1386.47,-23.0278,-406.788,1.59578,-0.155438,0.524448,0.48078,0.685306,7200,255,0,0,'',31478),
(2103104793301,326418,1718,10052,10333,'0',0,33840,0,-1,1065.63,-20.8941,-308.866,5.12183,0,0,-0.548591,0.836091,7200,255,1,0,'',31478),
(2103104793302,325873,1718,10052,10333,'0',0,33840,0,-1,1109.66,-143.207,-323.578,5.95743,0.0797787,0.0326138,-0.164835,0.982548,7200,255,1,0,'',31478),
(2103104793303,325875,1718,10052,10333,'0',0,33840,0,-1,1101.49,-81.2899,-343.652,5.90753,0.0467739,0.436912,-0.150631,0.885568,7200,255,1,0,'',31478),
(2103104793304,325875,1718,10052,10333,'0',0,33840,0,-1,1101.49,-81.2899,-343.652,5.90753,0.0467739,0.436912,-0.150631,0.885568,7200,255,1,0,'',31478),
(2103104793305,332545,1718,10052,10333,'0',0,33840,0,-1,1102.66,-36.9549,-365.952,1.10727,-0.0889931,-0.315582,0.447506,0.832002,7200,255,1,0,'',31478),
(2103104793306,226829,1718,10052,10333,'0',0,33840,0,-1,1105.34,-22.276,-366.055,0.319308,0,0,0.158977,0.987282,7200,255,1,0,'',31478),
(2103104793307,329637,1718,10052,10333,'0',0,33840,0,-1,1221.71,-51.5677,-333.952,4.23243,0,0,-0.854911,0.518775,7200,255,1,0,'',31478),
(2103104793308,325875,1718,10052,10333,'0',0,33840,0,-1,1208.48,77.1337,-352.533,5.78961,0.244078,0.108494,-0.270136,0.925031,7200,255,1,0,'',31478),
(2103104793309,326409,1718,10052,10333,'0',0,33840,0,-1,1389.22,-97.6215,-466.96,4.37004,0,0,-0.817223,0.576322,7200,255,1,0,'',31478),
(2103104793310,325916,1718,10052,10333,'0',0,33840,0,-1,1353.38,101.396,-365.361,0,0,0,0,1,7200,255,1,0,'',31478),
(2103104793311,325875,1718,10052,10333,'0',0,33840,0,-1,1359.17,137.012,-367.258,6.06835,0.12198,0.239897,-0.128047,0.954555,7200,255,1,0,'',31478),
(2103104793312,326413,1718,10052,10333,'0',0,33840,0,-1,1547.57,120.757,-456.374,5.66514,0,0,-0.304128,0.952631,7200,255,1,0,'',31478),
(2103104793313,326598,1718,10052,10333,'0',0,33840,0,-1,1438.61,92.7066,-376.546,2.38874,0,0,0.929985,0.367597,7200,255,1,0,'',31478),
(2103104793314,326411,1718,10052,10333,'0',0,33840,0,-1,1638.67,128.55,-376.304,5.76138,0,0,-0.257952,0.966158,7200,255,1,0,'',31478),
(2103104793315,325875,1718,10052,10333,'0',0,33840,0,-1,1488.65,63.6771,-389.121,4.56482,0.0490761,0.175306,-0.734418,0.653827,7200,255,1,0,'',31478),
(2103104793316,326598,1718,10052,10333,'0',0,33840,0,-1,1485.58,169.22,-366.146,5.431,0,0,-0.413316,0.910588,7200,255,1,0,'',31478),
(2103104793317,326598,1718,10052,10333,'0',0,33840,0,-1,1511.41,66.8698,-390.75,0.240749,0,0,0.120084,0.992764,7200,255,1,0,'',31478),
(2103104793318,325874,1718,10052,10333,'0',0,33840,0,-1,1552.96,100.385,-454.273,1.10471,0.243056,-0.452296,0.43468,0.739868,7200,255,1,0,'',31478),
(2103104793319,326598,1718,10052,10333,'0',0,33840,0,-1,1560.78,125.078,-382.83,4.24968,0,0,-0.850405,0.526129,7200,255,1,0,'',31478),
(2103104793320,325875,1718,10052,10333,'0',0,33840,0,-1,1557.62,201.222,-369.159,3.284,0.244529,-0.158162,-0.956317,0.0254586,7200,255,1,0,'',31478),
(2103104793321,325875,1718,10052,10333,'0',0,33840,0,-1,1557.62,201.222,-369.159,3.284,0.244529,-0.158162,-0.956317,0.0254586,7200,255,1,0,'',31478),
(2103104793322,325875,1718,10052,10333,'0',0,33840,0,-1,1583.3,78.9531,-389.051,5.94091,0.0537291,0.0447741,-0.172269,0.982564,7200,255,1,0,'',31478),
(2103104793323,325875,1718,10052,10333,'0',0,33840,0,-1,1587.21,97.5503,-455.372,6.2176,0.254833,-0.0431423,-0.022459,0.965761,7200,255,1,0,'',31478),
(2103104793324,325799,1718,10052,10333,'0',0,33840,0,-1,1658.83,161.444,-378.603,6.07899,0,0,-0.101921,0.994793,7200,255,1,0,'',31478),
(2103104793325,332576,1718,10052,10333,'0',0,33840,0,-1,1959.8,371.649,-374.629,0.0546358,-0.379417,-0.269422,-0.0900488,0.880537,7200,255,0,0,'',31478),
(2103104793326,332221,1718,10052,10333,'0',0,33840,0,-1,1784.82,539.207,-338.86,5.05044,0,0,-0.578078,0.815981,7200,255,1,0,'',31478),
(2103104793327,325916,1718,10052,10333,'0',0,33840,0,-1,1656.18,315.464,-367.272,0,0,0,0,1,7200,255,1,0,'',31478),
(2103104793328,326598,1718,10052,10333,'0',0,33840,0,-1,1638.81,314.214,-369.79,3.75839,0,0,-0.952821,0.303533,7200,255,1,0,'',31478),
(2103104793329,325873,1718,10052,10333,'0',0,33840,0,-1,1716.48,318.479,-359.782,5.91907,0.242239,-0.116908,-0.155507,0.950511,7200,255,1,0,'',31478),
(2103104793330,325799,1718,10052,10333,'0',0,33840,0,-1,1661.12,332.01,-364.69,6.07899,0,0,-0.101921,0.994793,7200,255,1,0,'',31478),
(2103104793331,325799,1718,10052,10333,'0',0,33840,0,-1,1759.82,316.073,-369.747,4.04678,0,0,-0.899315,0.437302,7200,255,1,0,'',31478),
(2103104793332,330194,1718,10052,10333,'0',0,33840,0,-1,1761.88,319.793,-369.546,4.39947,-0.484595,-0.174767,-0.738853,0.434419,7200,255,1,0,'',31478),
(2103104793333,325875,1718,10052,10333,'0',0,33840,0,-1,1786.36,285.299,-369.082,5.53659,0.383647,-0.187984,-0.314268,0.847769,7200,255,1,0,'',31478),
(2103104793334,330194,1718,10052,10333,'0',0,33840,0,-1,1761.41,340.333,-349,0.833817,0,0,0.404936,0.914345,7200,255,1,0,'',31478),
(2103104793335,325875,1718,10052,10333,'0',0,33840,0,-1,1806.94,251.681,-365.227,5.51223,0.0994878,-0.0658712,-0.370737,0.921041,7200,255,1,0,'',31478),
(2103104793336,325875,1718,10052,10333,'0',0,33840,0,-1,1808.77,327.399,-347.991,5.94838,0.222626,0.181898,-0.201632,0.93632,7200,255,1,0,'',31478),
(2103104793337,326598,1718,10052,10333,'0',0,33840,0,-1,1865.01,268.33,-355.316,4.68486,0,0,-0.716773,0.697307,7200,255,1,0,'',31478),
(2103104793338,325875,1718,10052,10333,'0',0,33840,0,-1,1864.48,262.285,-355.386,5.4783,0.180598,0.192827,-0.399105,0.878019,7200,255,1,0,'',31478),
(2103104793339,326598,1718,10052,10333,'0',0,33840,0,-1,1865.01,268.33,-355.316,4.68486,0,0,-0.716773,0.697307,7200,255,1,0,'',31478),
(2103104793340,327170,1718,10052,10333,'0',0,33840,0,-1,2187.47,120.361,-512.764,1.50921,0,0,0.685,0.728543,7200,255,1,0,'',31478),
(2103104793341,326412,1718,10052,10333,'0',0,33840,0,-1,1864.51,490.644,-328.567,5.54348,-0.106106,0.0289392,-0.360454,0.926271,7200,255,1,0,'',31478),
(2103104793342,325875,1718,10052,10333,'0',0,33840,0,-1,1931.34,271.639,-361.899,6.01687,0.358215,0.178288,-0.201886,0.893945,7200,255,1,0,'',31478),
(2103104793343,325875,1718,10052,10333,'0',0,33840,0,-1,1878.6,207.085,-362.421,1.14268,0.103529,0.0396719,0.539503,0.834652,7200,255,1,0,'',31478),
(2103104793344,326706,1718,10052,10333,'0',0,33840,0,-1,2238.88,10.6007,-508.515,3.45673,0,0,-0.987612,0.156917,7200,255,1,0,'',31478),
(2103104793345,330194,1718,10052,10333,'0',0,33840,0,-1,1950.3,287.892,-362.165,2.75213,-0.407004,-0.062356,0.903689,0.117495,7200,255,1,0,'',31478),
(2103104793346,326096,1718,10052,10333,'0',0,33840,0,-1,1884.49,346.351,-350.899,6.17714,0,0,-0.0529976,0.998595,7200,255,1,0,'',31478),
(2103104793347,326598,1718,10052,10333,'0',0,33840,0,-1,1840.78,367.467,-346.107,0.795557,0,0,0.387371,0.921924,7200,255,1,0,'',31478),
(2103104793348,326096,1718,10052,10333,'0',0,33840,0,-1,1841.42,372.321,-345.34,0.242055,0,0,0.120731,0.992685,7200,255,1,0,'',31478),
(2103104793349,325912,1718,10052,10333,'0',0,33840,0,-1,1894.26,387.505,-363.668,0.170487,-0.102918,-0.303514,0.0408878,0.946369,7200,255,1,0,'',31478),
(2103104793350,326096,1718,10052,10333,'0',0,33840,0,-1,1835.62,416.774,-344.858,5.25567,0,0,-0.491452,0.870905,7200,255,1,0,'',31478),
(2103104793351,325875,1718,10052,10333,'0',0,33840,0,-1,1882.34,409.174,-347.825,5.9418,0.0629478,0.0747347,-0.173172,0.980033,7200,255,1,0,'',31478),
(2103104793352,325875,1718,10052,10333,'0',0,33840,0,-1,1830.11,411.786,-345.21,4.21612,0.100743,-0.0555162,-0.856368,0.503391,7200,255,1,0,'',31478),
(2103104793353,325875,1718,10052,10333,'0',0,33840,0,-1,1781.22,382.422,-347.385,5.10278,-0.204809,-0.38275,-0.48415,0.759707,7200,255,1,0,'',31478),
(2103104793354,325875,1718,10052,10333,'0',0,33840,0,-1,1781.22,382.422,-347.385,5.10278,-0.204809,-0.38275,-0.48415,0.759707,7200,255,1,0,'',31478),
(2103104793355,325875,1718,10052,10333,'0',0,33840,0,-1,1781.22,382.422,-347.385,5.10278,-0.204809,-0.38275,-0.48415,0.759707,7200,255,1,0,'',31478),
(2103104793356,326598,1718,10052,10333,'0',0,33840,0,-1,1798.15,395.208,-341.972,4.18736,0.131173,0.0927277,-0.853929,0.494976,7200,255,1,0,'',31478),
(2103104793357,326096,1718,10052,10333,'0',0,33840,0,-1,1839.7,474.955,-335.418,0.277873,0,0,0.138489,0.990364,7200,255,1,0,'',31478),
(2103104793358,326096,1718,10052,10333,'0',0,33840,0,-1,1893.16,498.396,-327.008,5.20896,0,0,-0.511658,0.859189,7200,255,1,0,'',31478),
(2103104793359,325875,1718,10052,10333,'0',0,33840,0,-1,1720.18,79.0174,-378.975,1.47288,0.0545926,0.254478,0.623477,0.737249,7200,255,1,0,'',31478),
(2103104793360,326598,1718,10052,10333,'0',0,33840,0,-1,1758.52,57.4965,-402.584,0,0,0,0,1,7200,255,1,0,'',31478),
(2103104793361,325799,1718,10052,10333,'0',0,33840,0,-1,1782.74,91.6441,-419.095,3.36521,-0.0713878,0.160105,-0.979332,0.100892,7200,255,1,0,'',31478);

set @CGUID := 290000000;
set @OGUID := 290000000;

DELETE FROM `instance_template` WHERE map = 1771;
INSERT INTO `instance_template` (`map`, `parent`, `script`) VALUES ('1771', '0', 'instance_tol_dagor');

DELETE FROM `creature` WHERE map = 1771;
INSERT INTO `creature` (`guid`, `id`, `map`, `zoneId`, `areaId`, `spawnDifficulties`, `PhaseId`, `PhaseGroup`, `modelid`, `equipment_id`, `position_x`, `position_y`, `position_z`, `orientation`, `spawntimesecs`, `spawndist`, `currentwaypoint`, `curhealth`, `curmana`, `MovementType`, `npcflag`, `unit_flags`, `dynamicflags`, `VerifiedBuild`) VALUES
(@CGUID+1, 129437, 1771, 9327, 9327, '1', '11903', 0, 0, 0, 65.4905, -2667.68, 60.8332,	4.09121, 7200, 0, 0, 0, 0, 0, 0, 0, 0, 28153), 
(@CGUID+2, 129437, 1771, 9327, 9327, '1', '11903', 0, 0, 0, 52.623,	-2685.79, 60.8332, 0.795682, 7200, 0, 0, 0, 0, 0, 0, 0, 0, 28153), 
(@CGUID+3, 127482, 1771, 9327, 9327, '1', '11903', 0, 0, 0, 140.7169, -2857.558, 4.180386, 5.311634, 7200, 0, 0, 0, 0, 0, 0, 0, 0, 28153), 
(@CGUID+4, 136696, 1771, 9327, 9327, '1', '11903', 0, 0, 0, 81.53993, -2929.955, 1.301006, 6.065695, 7200, 0, 0, 0, 0, 0, 0, 0, 0, 28153), 
(@CGUID+5, 127381, 1771, 9327, 9327, '1', '11903', 0, 0, 0, 112.8798, -2821.535, 4.814647, 3.813203, 7200, 0, 0, 0, 0, 0, 0, 0, 0, 28153), 
(@CGUID+6, 136696, 1771, 9327, 9327, '1', '11903', 0, 0, 0, 82.40104, -2911.832, 2.158632, 1.524107, 7200, 0, 0, 0, 0, 0, 0, 0, 0, 28153), 
(@CGUID+7, 127381, 1771, 9327, 9327, '1', '11903', 0, 0, 0, 122.03, -2827.895, 2.474961, 4.524925, 7200, 0, 0, 0, 0, 0, 0, 0, 0, 28153),
(@CGUID+8, 136692, 1771, 9327, 9327, '1', '11903', 0, 0, 0, 87.0434, -2911.22, 1.984539, 4.633762, 7200, 0, 0, 0, 0, 0, 0, 0, 0, 28153), 
(@CGUID+9, 127482, 1771, 9327, 9327, '1', '11903', 0, 0, 0, 80.35069, -2816.582, 3.834129, 6.120115, 7200, 0, 0, 0, 0, 0, 0, 0, 0, 28153),
(@CGUID+10, 127480, 1771, 9327, 9327, '1', '11903', 0, 0, 0, 190.1858, -2867.309, 4.260207, 0, 7200, 0, 0, 0, 0, 0, 0, 0, 0, 28153), 
(@CGUID+11, 136696, 1771, 9327, 9327, '1', '11903', 0, 0, 0, 89.09202, -2935.278, 0.8971812, 1.655191, 7200, 0, 0, 0, 0, 0, 0, 0, 0, 28153), 
(@CGUID+12, 127480, 1771, 9327, 9327, '1', '11903', 0, 0, 0, 184.7756, -2871.578, 5.589179, 0.6713438, 7200, 0, 0, 0, 0, 0, 0, 0, 0, 28153), 
(@CGUID+13, 127381, 1771, 9327, 9327, '1', '11903', 0, 0, 0, 47.72848, -2823.844, 2.379701, 1.1247, 7200, 0, 0, 0, 0, 0, 0, 0, 0, 28153), 
(@CGUID+14, 136696, 1771, 9327, 9327, '1', '11903', 0, 0, 0, 94.45486, -2924.238, 0.881909, 0.06235525, 7200, 0, 0, 0, 0, 0, 0, 0, 0, 28153), 
(@CGUID+15, 127381, 1771, 9327, 9327, '1', '11903', 0, 0, 0, 112.3798, -2827.185, 3.090325, 2.646879, 7200, 0, 0, 0, 0, 0, 0, 0, 0, 28153), 
(@CGUID+16, 127381, 1771, 9327, 9327, '1', '11903', 0, 0, 0, 55.1386, -2822.789, 2.333138, 3.85936, 7200, 0, 0, 0, 0, 0, 0, 0, 0, 28153), 
(@CGUID+17, 127381, 1771, 9327, 9327, '1', '11903', 0, 0, 0, 120.0709, -2827.012, 2.189369, 5.152285, 7200, 0, 0, 0, 0, 0, 0, 0, 0, 28153), 
(@CGUID+18, 127482, 1771, 9327, 9327, '1', '11903', 0, 0, 0, 133.7847, -2855.927, 3.442275, 0, 7200, 0, 0, 0, 0, 0, 0, 0, 0, 28153), 
(@CGUID+19, 127480, 1771, 9327, 9327, '1', '11903', 0, 0, 0, 189.012, -2875.108, 6.936103, 1.420325, 7200, 0, 0, 0, 0, 0, 0, 0, 0, 28153), 
(@CGUID+20, 127482, 1771, 9327, 9327, '1', '11903', 0, 0, 0, 89.22129, -2852.348, 0.558231, 2.149054, 7200, 0, 0, 0, 0, 0, 0, 0, 0, 28153), 
(@CGUID+21, 127480, 1771, 9327, 9327, '1', '11903', 0, 0, 0, 184.0784, -2865.879, 3.689487, 6.056004, 7200, 0, 0, 0, 0, 0, 0, 0, 0, 28153), 
(@CGUID+22, 127381, 1771, 9327, 9327, '1', '11903', 0, 0, 0, 43.71921, -2818.991, 2.392274, 5.308935, 7200, 0, 0, 0, 0, 0, 0, 0, 0, 28153), 
(@CGUID+23, 136696, 1771, 9327, 9327, '1', '11903', 0, 0, 0, 81.43056, -2935.353, 0.3561695, 4.246652, 7200, 0, 0, 0, 0, 0, 0, 0, 0, 28153), 
(@CGUID+24, 127381, 1771, 9327, 9327, '1', '11903', 0, 0, 0, 122.4376, -2822.686, 2.169037, 4.237275, 7200, 0, 0, 0, 0, 0, 0, 0, 0, 28153),
(@CGUID+25, 127477, 1771, 9327, 9327, '1', '11903', 0, 0, 0, 177.9375, -2899.045, 7.842494, 5.453882, 7200, 0, 0, 0, 0, 0, 0, 0, 0, 28153),
(@CGUID+26, 127381, 1771, 9327, 9327, '1', '11903', 0, 0, 0, 44.94588, -2822.112, 2.161547, 3.658558, 7200, 0, 0, 0, 0, 0, 0, 0, 0, 28153), 
(@CGUID+27, 133599, 1771, 9327, 9327, '1', '11903', 0, 0, 0, 120.2222, -2734.451, 61.39837, 0, 7200, 0, 0, 0, 0, 0, 0, 0, 0, 28153), 
(@CGUID+28, 127381, 1771, 9327, 9327, '1', '11903', 0, 0, 0, 75.62099, -2768.76, 3.877742, 1.092316, 7200, 0, 0, 0, 0, 0, 0, 0, 0, 28153), 
(@CGUID+29, 130028, 1771, 9327, 9327, '1', '11903', 0, 0, 0, 158.3819, -2749.568, 59.53003, 2.498408, 7200, 0, 0, 0, 0, 0, 0, 0, 0, 28153), 
(@CGUID+30, 127480, 1771, 9327, 9327, '1', '11903', 0, 0, 0, 146.3281, -2727.991, 5.022736, 0, 7200, 0, 0, 0, 0, 0, 0, 0, 0, 28153), 
(@CGUID+31, 127482, 1771, 9327, 9327, '1', '11903', 0, 0, 0, 50.15842, -2787.774, 4.003618, 3.060829, 7200, 0, 0, 0, 0, 0, 0, 0, 0, 28153), 
(@CGUID+32, 127480, 1771, 9327, 9327, '1', '11903', 0, 0, 0, 189.9614, -2860.334, 1.890415, 4.754137, 7200, 0, 0, 0, 0, 0, 0, 0, 0, 28153),
(@CGUID+33, 127381, 1771, 9327, 9327, '1', '11903', 0, 0, 0, 49.33884, -2812.25, 2.707338, 2.991669, 7200, 0, 0, 0, 0, 0, 0, 0, 0, 28153), 
(@CGUID+34, 127381, 1771, 9327, 9327, '1', '11903', 0, 0, 0, 83.76482, -2780.444, 3.977966, 0.0007642337, 7200, 0, 0, 0, 0, 0, 0, 0, 0, 28153), 
(@CGUID+35, 127480, 1771, 9327, 9327, '1', '11903', 0, 0, 0, 144.2969, -2726.453, 5.089376, 0, 7200, 0, 0, 0, 0, 0, 0, 0, 0, 28153), 
(@CGUID+36, 133972, 1771, 9327, 9327, '1', '11903', 0, 0, 0, 169.901, -2759.653, 61.9857, 4.883019, 7200, 0, 0, 0, 0, 0, 0, 0, 0, 28153), 
(@CGUID+37, 133599, 1771, 9327, 9327, '1', '11903', 0, 0, 0, 124.2604, -2736.978, 61.47217, 0, 7200, 0, 0, 0, 0, 0, 0, 0, 0, 28153), 
(@CGUID+38, 133636, 1771, 9327, 9327, '1', '11903', 0, 0, 0, 158.8501, -2735.041, 44.18921, 2.250028, 7200, 0, 0, 0, 0, 0, 0, 0, 0, 28153),
(@CGUID+39, 127482, 1771, 9327, 9327, '1', '11903', 0, 0, 0, 45.28617, -2785.291, 3.994479, 4.464881, 7200, 0, 0, 0, 0, 0, 0, 0, 0, 28153), 
(@CGUID+40, 127381, 1771, 9327, 9327, '1', '11903', 0, 0, 0, 75.9871, -2779.462, 3.651852, 6.210496, 7200, 0, 0, 0, 0, 0, 0, 0, 0, 28153),
(@CGUID+41, 127480, 1771, 9327, 9327, '1', '11903', 0, 0, 0, 148.9201, -2728.908, 5.01955, 0, 7200, 0, 0, 0, 0, 0, 0, 0, 0, 28153), 
(@CGUID+42, 127477, 1771, 9327, 9327, '1', '11903', 0, 0, 0, 216.2448, -2907.344, 10.56668, 5.32546, 7200, 0, 0, 0, 0, 0, 0, 0, 0, 28153),
(@CGUID+43, 127381, 1771, 9327, 9327, '1', '11903', 0, 0, 0, 84.25312, -2769.209, 3.44887, 1.194644, 7200, 0, 0, 0, 0, 0, 0, 0, 0, 28153),
(@CGUID+44, 127381, 1771, 9327, 9327, '1', '11903', 0, 0, 0, 78.84113, -2779.592, 3.960769, 4.687424, 7200, 0, 0, 0, 0, 0, 0, 0, 0, 28153),
(@CGUID+45, 127480, 1771, 9327, 9327, '1', '11903', 0, 0, 0, 146.6754, -2729.714, 5.333128, 0, 7200, 0, 0, 0, 0, 0, 0, 0, 0, 28153), 
(@CGUID+46, 130028, 1771, 9327, 9327, '1', '11903', 0, 0, 0, 160.3125, -2746.97, 59.53002, 2.558263, 7200, 0, 0, 0, 0, 0, 0, 0, 0, 28153), 
(@CGUID+47, 127477, 1771, 9327, 9327, '1', '11903', 0, 0, 0, 208.2379, -2886.516, 9.743814, 0.1261582, 7200, 0, 0, 0, 0, 0, 0, 0, 0, 28153), 
(@CGUID+48, 133636, 1771, 9327, 9327, '1', '11903', 0, 0, 0, 168.1116, -2741.638, 44.18921, 2.403148, 7200, 0, 0, 0, 0, 0, 0, 0, 0, 28153), 
(@CGUID+49, 133599, 1771, 9327, 9327, '1', '11903', 0, 0, 0, 171.8125, -2766.688, 63.94738, 0, 7200, 0, 0, 0, 0, 0, 0, 0, 0, 28153), 
(@CGUID+50, 127477, 1771, 9327, 9327, '1', '11903', 0, 0, 0, 231.0851, -2895.764, 10.74763, 1.937334, 7200, 0, 0, 0, 0, 0, 0, 0, 0, 28153), 
(@CGUID+51, 135366, 1771, 9327, 9327, '1', '11903', 0, 0, 0, 160.6568, -2730.485, 44.24952, 2.282118, 7200, 0, 0, 0, 0, 0, 0, 0, 0, 28153), 
(@CGUID+52, 127497, 1771, 9327, 9327, '1', '11903', 0, 0, 0, 127.5052, -2728.302, 59.53022, 4.444257, 7200, 0, 0, 0, 0, 0, 0, 0, 0, 28153),
(@CGUID+53, 127477, 1771, 9327, 9327, '1', '11903', 0, 0, 0, 200.7899, -2755.762, 20.12935, 0.1261582, 7200, 0, 0, 0, 0, 0, 0, 0, 0, 28153), 
(@CGUID+54, 130582, 1771, 9327, 9327, '1', '11903', 0, 0, 0, 142.6111, -2713.967, 29.27198, 3.330516, 7200, 0, 0, 0, 0, 0, 0, 0, 0, 28153), 
(@CGUID+55, 127381, 1771, 9327, 9327, '1', '11903', 0, 0, 0, 220.5391, -2754.499, 18.42499, 3.922761, 7200, 0, 0, 0, 0, 0, 0, 0, 0, 28153),
(@CGUID+56, 133599, 1771, 9327, 9327, '1', '11903', 0, 0, 0, 101.533, -2721.205, 61.39358, 0, 7200, 0, 0, 0, 0, 0, 0, 0, 0, 28153), 
(@CGUID+57, 130582, 1771, 9327, 9327, '1', '11903', 0, 0, 0, 149.0052, -2720.306, 44.22091, 3.251967, 7200, 0, 0, 0, 0, 0, 0, 0, 0, 28153), 
(@CGUID+58, 130582, 1771, 9327, 9327, '1', '11903', 0, 0, 0, 140.8993, -2713.95, 29.27152, 0, 7200, 0, 0, 0, 0, 0, 0, 0, 0, 28153), 
(@CGUID+59, 135254, 1771, 9327, 9327, '1', '11903', 0, 0, 0, 134.8819, -2712.938, 44.5375, 2.423324, 7200, 0, 0, 0, 0, 0, 0, 0, 0, 28153), 
(@CGUID+60, 133636, 1771, 9327, 9327, '1', '11903', 0, 0, 0, 172.8429, -2727.497, 44.20472, 2.127684, 7200, 0, 0, 0, 0, 0, 0, 0, 0, 28153), 
(@CGUID+61, 130582, 1771, 9327, 9327, '1', '11903', 0, 0, 0, 161.2118, -2720.97, 44.6022, 4.694299, 7200, 0, 0, 0, 0, 0, 0, 0, 0, 28153), 
(@CGUID+62, 130027, 1771, 9327, 9327, '1', '11903', 0, 0, 0, 133.9462, -2715.266, 60.88801, 1.111346, 7200, 0, 0, 0, 0, 0, 0, 0, 0, 28153), 
(@CGUID+63, 127488, 1771, 9327, 9327, '1', '11903', 0, 0, 0, 150.9566, -2720.113, 62.75422, 1.088994, 7200, 0, 0, 0, 0, 0, 0, 0, 0, 28153), 
(@CGUID+64, 135366, 1771, 9327, 9327, '1', '11903', 0, 0, 0, 172.1011, -2725.052, 44.24328, 5.007052, 7200, 0, 0, 0, 0, 0, 0, 0, 0, 28153),
(@CGUID+65, 133599, 1771, 9327, 9327, '1', '11903', 0, 0, 0, 97.47396, -2718.363, 61.47216, 0, 7200, 0, 0, 0, 0, 0, 0, 0, 0, 28153), 
(@CGUID+66, 130683, 1771, 9327, 9327, '1', '11903', 0, 0, 0, 157.8245, -2722.904, 27.02554, 0.9820607, 7200, 0, 0, 0, 0, 0, 0, 0, 0, 28153), 
(@CGUID+67, 127381, 1771, 9327, 9327, '1', '11903', 0, 0, 0, 228.5451, -2754.061, 17.68625, 4.412885, 7200, 0, 0, 0, 0, 0, 0, 0, 0, 28153), 
(@CGUID+68, 127480, 1771, 9327, 9327, '1', '11903', 0, 0, 0, 147.2569, -2726.34, 4.996023, 0, 7200, 0, 0, 0, 0, 0, 0, 0, 0, 28153), 
(@CGUID+69, 127381, 1771, 9327, 9327, '1', '11903', 0, 0, 0, 225.9604, -2758.092, 17.51034, 3.48478, 7200, 0, 0, 0, 0, 0, 0, 0, 0, 28153), 
(@CGUID+70, 127478, 1771, 9327, 9327, '1', '11903', 0, 0, 0, 169.1553, -2728.947, 19.39124, 5.543835, 7200, 0, 0, 0, 0, 0, 0, 0, 0, 28153), 
(@CGUID+71, 127482, 1771, 9327, 9327, '1', '11903', 0, 0, 0, 166.8403, -2708.62, 13.73005, 1.233784, 7200, 0, 0, 0, 0, 0, 0, 0, 0, 28153), 
(@CGUID+72, 130683, 1771, 9327, 9327, '1', '11903', 0, 0, 0, 160.0263, -2716.292, 28.21707, 1.306367, 7200, 0, 0, 0, 0, 0, 0, 0, 0, 28153), 
(@CGUID+73, 135366, 1771, 9327, 9327, '1', '11903', 0, 0, 0, 148.7847, -2704.535, 28.96115, 0.5163241, 7200, 0, 0, 0, 0, 0, 0, 0, 0, 28153), 
(@CGUID+74, 127488, 1771, 9327, 9327, '1', '11903', 0, 0, 0, 151.9861, -2711.219, 59.80478, 3.632365, 7200, 0, 0, 0, 0, 0, 0, 0, 0, 28153), 
(@CGUID+75, 127485, 1771, 9327, 9327, '1', '11903', 0, 0, 0, 127.908, -2699.974, 30.44333, 5.583785, 7200, 0, 0, 0, 0, 0, 0, 0, 0, 28153), 
(@CGUID+76, 130582, 1771, 9327, 9327, '1', '11903', 0, 0, 0, 160.5677, -2710.911, 28.96115, 0, 7200, 0, 0, 0, 0, 0, 0, 0, 0, 28153), 
(@CGUID+77, 127381, 1771, 9327, 9327, '1', '11903', 0, 0, 0, 241.4554, -2753.92, 15.38206, 5.843135, 7200, 0, 0, 0, 0, 0, 0, 0, 0, 28153), 
(@CGUID+78, 130582, 1771, 9327, 9327, '1', '11903', 0, 0, 0, 153.0104, -2712.733, 28.76494, 4.505075, 7200, 0, 0, 0, 0, 0, 0, 0, 0, 28153), 
(@CGUID+79, 127488, 1771, 9327, 9327, '1', '11903', 0, 0, 0, 143.5104, -2709.653, 60.88714, 4.314879, 7200, 0, 0, 0, 0, 0, 0, 0, 0, 28153), 
(@CGUID+80, 130025, 1771, 9327, 9327, '1', '11903', 0, 0, 0, 155.224, -2711.431, 14.31586, 1.013419, 7200, 0, 0, 0, 0, 0, 0, 0, 0, 28153), 
(@CGUID+81, 130683, 1771, 9327, 9327, '1', '11903', 0, 0, 0, 127.6889, -2707.924, 44.58922, 3.931306, 7200, 0, 0, 0, 0, 0, 0, 0, 0, 28153), 
(@CGUID+82, 130582, 1771, 9327, 9327, '1', '11903', 0, 0, 0, 156.25, -2708.641, 44.22729, 4.681015, 7200, 0, 0, 0, 0, 0, 0, 0, 0, 28153), 
(@CGUID+83, 130582, 1771, 9327, 9327, '1', '11903', 0, 0, 0, 162.2795, -2710.929, 28.96115, 3.330516, 7200, 0, 0, 0, 0, 0, 0, 0, 0, 28153), 
(@CGUID+84, 130582, 1771, 9327, 9327, '1', '11903', 0, 0, 0, 126.6076, -2706.122, 29.27186, 5.823952, 7200, 0, 0, 0, 0, 0, 0, 0, 0, 28153), 
(@CGUID+85, 127488, 1771, 9327, 9327, '1', '11903', 0, 0, 0, 116.0069, -2703.286, 59.80392, 5.561542, 7200, 0, 0, 0, 0, 0, 0, 0, 0, 28153), 
(@CGUID+86, 135254, 1771, 9327, 9327, '1', '11903', 0, 0, 0, 145.1337, -2713.875, 45.69606, 1.064321, 7200, 0, 0, 0, 0, 0, 0, 0, 0, 28153), 
(@CGUID+87, 127488, 1771, 9327, 9327, '1', '11903', 0, 0, 0, 157.8229, -2717.847, 59.80497, 3.889211, 7200, 0, 0, 0, 0, 0, 0, 0, 0, 28153), 
(@CGUID+88, 127485, 1771, 9327, 9327, '1', '11903', 0, 0, 0, 114.2622, -2693.978, 29.27199, 4.033498, 7200, 0, 0, 0, 0, 0, 0, 0, 0, 28153), 
(@CGUID+89, 127381, 1771, 9327, 9327, '1', '11903', 0, 0, 0, 230.4582, -2741.732, 17.83316, 0.9741359, 7200, 0, 0, 0, 0, 0, 0, 0, 0, 28153), 
(@CGUID+90, 130582, 1771, 9327, 9327, '1', '11903', 0, 0, 0, 176.9601, -2715.627, 44.22099, 4.503796, 7200, 0, 0, 0, 0, 0, 0, 0, 0, 28153), 
(@CGUID+91, 130582, 1771, 9327, 9327, '1', '11903', 0, 0, 0, 138.2743, -2692.339, 12.61424, 0, 7200, 0, 0, 0, 0, 0, 0, 0, 0, 28153), 
(@CGUID+92, 135366, 1771, 9327, 9327, '1', '11903', 0, 0, 0, 143.8941, -2696.247, 44.22729, 3.401673, 7200, 0, 0, 0, 0, 0, 0, 0, 0, 28153), 
(@CGUID+93, 127482, 1771, 9327, 9327, '1', '11903', 0, 0, 0, 163.9653, -2704.394, 13.73005, 0, 7200, 0, 0, 0, 0, 0, 0, 0, 0, 28153), 
(@CGUID+94, 130683, 1771, 9327, 9327, '1', '11903', 0, 0, 0, 115.0104, -2698.38, 26.78757, 0, 7200, 0, 0, 0, 0, 0, 0, 0, 0, 28153), 
(@CGUID+95, 130683, 1771, 9327, 9327, '1', '11903', 0, 0, 0, 113.2483, -2692.535, 29.20763, 1.060187, 7200, 0, 0, 0, 0, 0, 0, 0, 0, 28153), 
(@CGUID+96, 127486, 1771, 9327, 9327, '1', '11903', 0, 0, 0, 114.6632, -2693.292, 59.80384, 2.459456, 7200, 0, 0, 0, 0, 0, 0, 0, 0, 28153), 
(@CGUID+97, 134025, 1771, 9327, 9327, '1', '11903', 0, 0, 0, 141.2483, -2708.538, 76.96765, 4.078136, 7200, 0, 0, 0, 0, 0, 0, 0, 0, 28153), 
(@CGUID+98, 127488, 1771, 9327, 9327, '1', '11903', 0, 0, 0, 138.4635, -2705.146, 60.72219, 4.088806, 7200, 0, 0, 0, 0, 0, 0, 0, 0, 28153), 
(@CGUID+99, 135366, 1771, 9327, 9327, '1', '11903', 0, 0, 0, 119.5399, -2696.156, 30.74794, 1.287962, 7200, 0, 0, 0, 0, 0, 0, 0, 0, 28153), 
(@CGUID+100, 130685, 1771, 9327, 9327, '1', '11903', 0, 0, 0, 167.4549, -2724.264, 90.25836, 1.492762, 7200, 0, 0, 0, 0, 0, 0, 0, 0, 28153), 
(@CGUID+101, 127482, 1771, 9327, 9327, '1', '11903', 0, 0, 0, 139.6563, -2695.554, 12.61424, 2.139426, 7200, 0, 0, 0, 0, 0, 0, 0, 0, 28153), 
(@CGUID+102, 130026, 1771, 9327, 9327, '1', '11903', 0, 0, 0, 147.941, -2698.995, 44.22729, 2.837343, 7200, 0, 0, 0, 0, 0, 0, 0, 0, 28153), 
(@CGUID+103, 131112, 1771, 9327, 9327, '1', '11903', 0, 0, 0, 149.6076, -2701.771, 28.96115, 5.013155, 7200, 0, 0, 0, 0, 0, 0, 0, 0, 28153),
(@CGUID+104, 135273, 1771, 9327, 9327, '1', '11903', 0, 0, 0, 66.81944, -2696.503, 60.91633, 0, 7200, 0, 0, 0, 0, 0, 0, 0, 0, 28153),
(@CGUID+105, 127490, 1771, 9327, 9327, '1', '11903', 0, 0, 0, 60.3316, -2692.634, 60.92548, 1.140612, 7200, 0, 0, 0, 0, 0, 0, 0, 0, 28153), 
(@CGUID+106, 130683, 1771, 9327, 9327, '1', '11903', 0, 0, 0, 131.1587, -2698.083, 29.37956, 1.594812, 7200, 0, 0, 0, 0, 0, 0, 0, 0, 28153),
(@CGUID+107, 130582, 1771, 9327, 9327, '1', '11903', 0, 0, 0, 164.6059, -2708.835, 44.22567, 4.984655, 7200, 0, 0, 0, 0, 0, 0, 0, 0, 28153), 
(@CGUID+108, 135366, 1771, 9327, 9327, '1', '11903', 0, 0, 0, 151.5642, -2703.295, 28.96115, 2.901623, 7200, 0, 0, 0, 0, 0, 0, 0, 0, 28153), 
(@CGUID+109, 130685, 1771, 9327, 9327, '1', '11903', 0, 0, 0, 156.9254, -2720.964, 84.77647, 1.745427, 7200, 0, 0, 0, 0, 0, 0, 0, 0, 28153), 
(@CGUID+110, 127497, 1771, 9327, 9327, '1', '11903', 0, 0, 0, 179.625, -2706.335, 76.93219, 5.758031, 7200, 0, 0, 0, 0, 0, 0, 0, 0, 28153), 
(@CGUID+111, 127478, 1771, 9327, 9327, '1', '11903', 0, 0, 0, 141.5374, -2690.287, 12.58922, 2.329812, 7200, 0, 0, 0, 0, 0, 0, 0, 0, 28153), 
(@CGUID+112, 130582, 1771, 9327, 9327, '1', '11903', 0, 0, 0, 169.6111, -2692.92, 28.96114, 4.263949, 7200, 0, 0, 0, 0, 0, 0, 0, 0, 28153),
(@CGUID+113, 127485, 1771, 9327, 9327, '1', '11903', 0, 0, 0, 126.3493, -2683.99, 28.98921, 3.782999, 7200, 0, 0, 0, 0, 0, 0, 0, 0, 28153), 
(@CGUID+114, 135273, 1771, 9327, 9327, '1', '11903', 0, 0, 0, 55.31771, -2688.906, 60.91632, 0, 7200, 0, 0, 0, 0, 0, 0, 0, 0, 28153), 
(@CGUID+115, 127478, 1771, 9327, 9327, '1', '11903', 0, 0, 0, 167.2939, -2699.301, 13.78921, 5.277636, 7200, 0, 0, 0, 0, 0, 0, 0, 0, 28153),
(@CGUID+116, 127482, 1771, 9327, 9327, '1', '11903', 0, 0, 0, 161.7257, -2686.363, 12.61034, 1.604382, 7200, 0, 0, 0, 0, 0, 0, 0, 0, 28153),
(@CGUID+117, 130026, 1771, 9327, 9327, '1', '11903', 0, 0, 0, 140.8194, -2691.55, 44.22729, 2.99762, 7200, 0, 0, 0, 0, 0, 0, 0, 0, 28153),
(@CGUID+118, 130582, 1771, 9327, 9327, '1', '11903', 0, 0, 0, 110.191, -2685.969, 43.47306, 4.825448, 7200, 0, 0, 0, 0, 0, 0, 0, 0, 28153),
(@CGUID+119, 127478, 1771, 9327, 9327, '1', '11903', 0, 0, 0, 154.9509, -2688.583, 12.49412, 1.193152, 7200, 0, 0, 0, 0, 0, 0, 0, 0, 28153),
(@CGUID+120, 130025, 1771, 9327, 9327, '1', '11903', 0, 0, 0, 123.8438, -2681.238, 28.98921, 5.626845, 7200, 0, 0, 0, 0, 0, 0, 0, 0, 28153), 
(@CGUID+121, 130683, 1771, 9327, 9327, '1', '11903', 0, 0, 0, 117.4975, -2690.833, 29.24969, 1.311222, 7200, 0, 0, 0, 0, 0, 0, 0, 0, 28153),
(@CGUID+122, 127485, 1771, 9327, 9327, '1', '11903', 0, 0, 0, 86.0625, -2678.528, 31.37854, 0.1423145, 7200, 0, 0, 0, 0, 0, 0, 0, 0, 28153), -- -Unknown- (Area: -Unknown- - Difficulty: 2) (Auras: 123169 - -Unknown-)
(@CGUID+123, 130027, 1771, 9327, 9327, '1', '11903', 0, 0, 0, 123.1128, -2687.589, 59.49345, 1.015663, 7200, 0, 0, 0, 0, 0, 0, 0, 0, 28153), -- -Unknown- (Area: -Unknown- - Difficulty: 2) (Auras: 123168 - -Unknown-)
(@CGUID+124, 130582, 1771, 9327, 9327, '1', '11903', 0, 0, 0, 170.9822, -2696.234, 28.98921, 4.806512, 7200, 0, 0, 0, 0, 0, 0, 0, 0, 28153), -- -Unknown- (Area: -Unknown- - Difficulty: 2) (Auras: 123169 - -Unknown-)
(@CGUID+125, 127485, 1771, 9327, 9327, '1', '11903', 0, 0, 0, 125.8713, -2682.068, 28.98921, 1.85704, 7200, 0, 0, 0, 0, 0, 0, 0, 0, 28153), -- -Unknown- (Area: -Unknown- - Difficulty: 2) (Auras: 123169 - -Unknown-)
(@CGUID+126, 127482, 1771, 9327, 9327, '1', '11903', 0, 0, 0, 83.27778, -2683.04, 5.889658, 5.67718, 7200, 0, 0, 0, 0, 0, 0, 0, 0, 28153), -- -Unknown- (Area: -Unknown- - Difficulty: 2) (Auras: )
(@CGUID+127, 127485, 1771, 9327, 9327, '1', '11903', 0, 0, 0, 109.6563, -2677.563, 29.27262, 1.334486, 7200, 0, 0, 0, 0, 0, 0, 0, 0, 28153), -- -Unknown- (Area: -Unknown- - Difficulty: 2) (Auras: 123169 - -Unknown-, 174127 - -Unknown-)
(@CGUID+128, 130582, 1771, 9327, 9327, '1', '11903', 0, 0, 0, 102.3872, -2681.264, 43.47346, 3.251967, 7200, 0, 0, 0, 0, 0, 0, 0, 0, 28153), -- -Unknown- (Area: -Unknown- - Difficulty: 2) (Auras: 123169 - -Unknown-)
(@CGUID+129, 136665, 1771, 9327, 9327, '1', '11903', 0, 0, 0, 174.3299, -2697.113, 60.09881, 2.356935, 7200, 0, 0, 0, 0, 0, 0, 0, 0, 28153), -- -Unknown- (Area: -Unknown- - Difficulty: 2) (Auras: 123168 - -Unknown-)
(@CGUID+130, 130582, 1771, 9327, 9327, '1', '11903', 0, 0, 0, 161.2188, -2682.833, 12.61295, 0, 7200, 0, 0, 0, 0, 0, 0, 0, 0, 28153), -- -Unknown- (Area: -Unknown- - Difficulty: 2) (Auras: 123169 - -Unknown-, 130966 - -Unknown-)
(@CGUID+131, 127486, 1771, 9327, 9327, '1', '11903', 0, 0, 0, 124.9896, -2683.75, 59.49346, 2.452768, 7200, 0, 0, 0, 0, 0, 0, 0, 0, 28153), -- -Unknown- (Area: -Unknown- - Difficulty: 2) (Auras: 123168 - -Unknown-, 18950 - -Unknown-)
(@CGUID+132, 130582, 1771, 9327, 9327, '1', '11903', 0, 0, 0, 124.2257, -2678.747, 44.22727, 0.2381878, 7200, 0, 0, 0, 0, 0, 0, 0, 0, 28153), -- -Unknown- (Area: -Unknown- - Difficulty: 2) (Auras: 123169 - -Unknown-)
(@CGUID+133, 130683, 1771, 9327, 9327, '1', '11903', 0, 0, 0, 119.6284, -2678.871, 29.09739, 3.410263, 7200, 0, 0, 0, 0, 0, 0, 0, 0, 28153), -- -Unknown- (Area: -Unknown- - Difficulty: 2) (Auras: 123168 - -Unknown-)
(@CGUID+134, 127485, 1771, 9327, 9327, '1', '11903', 0, 0, 0, 107.3542, -2672.267, 29.2726, 5.701534, 7200, 0, 0, 0, 0, 0, 0, 0, 0, 28153), -- -Unknown- (Area: -Unknown- - Difficulty: 2) (Auras: 123169 - -Unknown-, 174127 - -Unknown-)
(@CGUID+135, 127478, 1771, 9327, 9327, '1', '11903', 0, 0, 0, 189.9951, -2701.176, 26.01415, 4.718373, 7200, 0, 0, 0, 0, 0, 0, 0, 0, 28153), -- -Unknown- (Area: -Unknown- - Difficulty: 2) (Auras: 259242 - -Unknown-)
(@CGUID+136, 130685, 1771, 9327, 9327, '1', '11903', 0, 0, 0, 107.0781, -2689.543, 78.30192, 0.857279, 7200, 0, 0, 0, 0, 0, 0, 0, 0, 28153), -- -Unknown- (Area: -Unknown- - Difficulty: 2) (Auras: 123168 - -Unknown-)
(@CGUID+137, 134025, 1771, 9327, 9327, '1', '11903', 0, 0, 0, 118.7083, -2692.604, 76.96698, 4.100857, 7200, 0, 0, 0, 0, 0, 0, 0, 0, 28153), -- -Unknown- (Area: -Unknown- - Difficulty: 2)
(@CGUID+138, 127478, 1771, 9327, 9327, '1', '11903', 0, 0, 0, 140.4289, -2682.477, 12.58768, 2.118514, 7200, 0, 0, 0, 0, 0, 0, 0, 0, 28153), -- -Unknown- (Area: -Unknown- - Difficulty: 2) (Auras: 259242 - -Unknown-)
(@CGUID+139, 127381, 1771, 9327, 9327, '1', '11903', 0, 0, 0, 218.1346, -2707.339, 28.36206, 1.201872, 7200, 0, 0, 0, 0, 0, 0, 0, 0, 28153), -- -Unknown- (Area: -Unknown- - Difficulty: 2)
(@CGUID+140, 127503, 1771, 9327, 9327, '1', '11903', 0, 0, 0, 118.9601, -2682.851, 74.58922, 4.87357, 7200, 0, 0, 0, 0, 0, 0, 0, 0, 28153), -- -Unknown- (Area: -Unknown- - Difficulty: 2) (Auras: )
(@CGUID+141, 130683, 1771, 9327, 9327, '1', '11903', 0, 0, 0, 172.3555, -2695.848, 28.98921, 3.983506, 7200, 0, 0, 0, 0, 0, 0, 0, 0, 28153), -- -Unknown- (Area: -Unknown- - Difficulty: 2) (Auras: 123168 - -Unknown-)
(@CGUID+142, 127485, 1771, 9327, 9327, '1', '11903', 0, 0, 0, 107.184, -2674.868, 29.27253, 0.1732109, 7200, 0, 0, 0, 0, 0, 0, 0, 0, 28153), -- -Unknown- (Area: -Unknown- - Difficulty: 2) (Auras: 123169 - -Unknown-, 174127 - -Unknown-)
(@CGUID+143, 127485, 1771, 9327, 9327, '1', '11903', 0, 0, 0, 111.0694, -2680.543, 59.80499, 2.674287, 7200, 0, 0, 0, 0, 0, 0, 0, 0, 28153), -- -Unknown- (Area: -Unknown- - Difficulty: 2) (Auras: 123169 - -Unknown-, 130966 - -Unknown-)
(@CGUID+144, 131444, 1771, 9327, 9327, '1', '11903', 0, 0, 0, 110.2014, -2674.158, 28.96115, 2.839194, 7200, 0, 0, 0, 0, 0, 0, 0, 0, 28153), -- -Unknown- (Area: -Unknown- - Difficulty: 2) (Auras: 274047 - -Unknown-)
(@CGUID+145, 127381, 1771, 9327, 9327, '1', '11903', 0, 0, 0, 221.5615, -2712.35, 28.08562, 2.128981, 7200, 0, 0, 0, 0, 0, 0, 0, 0, 28153), -- -Unknown- (Area: -Unknown- - Difficulty: 2)
(@CGUID+146, 130685, 1771, 9327, 9327, '1', '11903', 0, 0, 0, 111.1875, -2690.189, 76.73412, 0.6617721, 7200, 0, 0, 0, 0, 0, 0, 0, 0, 28153), -- -Unknown- (Area: -Unknown- - Difficulty: 2) (Auras: 123168 - -Unknown-)
(@CGUID+147, 127478, 1771, 9327, 9327, '0', '11903', 0, 0, 0, 176.7383, -2692.032, 13.88302, 4.844729, 7200, 0, 0, 0, 0, 0, 0, 0, 0, 28153), -- -Unknown- (Area: -Unknown- - Difficulty: 2) (Auras: 259242 - -Unknown-)
(@CGUID+148, 127381, 1771, 9327, 9327, '0', '11903', 0, 0, 0, 226.1026, -2710.851, 27.78764, 5.6057, 7200, 0, 0, 0, 0, 0, 0, 0, 0, 28153), -- -Unknown- (Area: -Unknown- - Difficulty: 2)
(@CGUID+149, 130683, 1771, 9327, 9327, '0', '11903', 0, 0, 0, 89.33327, -2672.056, 29.78921, 1.774725, 7200, 0, 0, 0, 0, 0, 0, 0, 0, 28153), -- -Unknown- (Area: -Unknown- - Difficulty: 2) (Auras: 123168 - -Unknown-)
(@CGUID+150, 127497, 1771, 9327, 9327, '0', '11903', 0, 0, 0, 185.2743, -2699.002, 76.94043, 5.651573, 7200, 0, 0, 0, 0, 0, 0, 0, 0, 28153), -- -Unknown- (Area: -Unknown- - Difficulty: 2) (Auras: 259188 - -Unknown-, 18950 - -Unknown-)
(@CGUID+151, 130683, 1771, 9327, 9327, '0', '11903', 0, 0, 0, 89.5063, -2671.182, 29.78921, 2.482825, 7200, 0, 0, 0, 0, 0, 0, 0, 0, 28153), -- -Unknown- (Area: -Unknown- - Difficulty: 2) (Auras: 123168 - -Unknown-)
(@CGUID+152, 127485, 1771, 9327, 9327, '0', '11903', 0, 0, 0, 108.7708, -2670.309, 29.24827, 5.109206, 7200, 0, 0, 0, 0, 0, 0, 0, 0, 28153), -- -Unknown- (Area: -Unknown- - Difficulty: 2) (Auras: 123169 - -Unknown-, 174127 - -Unknown-)
(@CGUID+153, 127485, 1771, 9327, 9327, '0', '11903', 0, 0, 0, 112.7396, -2673.255, 59.49345, 4.107613, 7200, 0, 0, 0, 0, 0, 0, 0, 0, 28153), -- -Unknown- (Area: -Unknown- - Difficulty: 2) (Auras: 123169 - -Unknown-, 130966 - -Unknown-)
(@CGUID+154, 127482, 1771, 9327, 9327, '0', '11903', 0, 0, 0, 144.3785, -2674.918, 12.61424, 0.4116619, 7200, 0, 0, 0, 0, 0, 0, 0, 0, 28153), -- -Unknown- (Area: -Unknown- - Difficulty: 2) (Auras: )
(@CGUID+155, 130582, 1771, 9327, 9327, '0', '11903', 0, 0, 0, 148.434, -2673.564, 12.61424, 0, 7200, 0, 0, 0, 0, 0, 0, 0, 0, 28153), -- -Unknown- (Area: -Unknown- - Difficulty: 2) (Auras: 123169 - -Unknown-, 130966 - -Unknown-)
(@CGUID+156, 131112, 1771, 9327, 9327, '0', '11903', 0, 0, 0, 192.3507, -2693.151, 29.2726, 4.31822, 7200, 0, 0, 0, 0, 0, 0, 0, 0, 28153), -- -Unknown- (Area: -Unknown- - Difficulty: 2) (Auras: 123169 - -Unknown-)
(@CGUID+157, 127482, 1771, 9327, 9327, '0', '11903', 0, 0, 0, 152.3403, -2675.113, 12.61424, 2.729308, 7200, 0, 0, 0, 0, 0, 0, 0, 0, 28153), -- -Unknown- (Area: -Unknown- - Difficulty: 2) (Auras: )
(@CGUID+158, 135366, 1771, 9327, 9327, '0', '11903', 0, 0, 0, 193.8594, -2694.389, 29.2726, 4.31822, 7200, 0, 0, 0, 0, 0, 0, 0, 0, 28153), -- -Unknown- (Area: -Unknown- - Difficulty: 2) (Auras: 123169 - -Unknown-)
(@CGUID+159, 130683, 1771, 9327, 9327, '0', '11903', 0, 0, 0, 174.1494, -2691.152, 44.18921, 5.745084, 7200, 0, 0, 0, 0, 0, 0, 0, 0, 28153), -- -Unknown- (Area: -Unknown- - Difficulty: 2) (Auras: 123168 - -Unknown-)
(@CGUID+160, 129437, 1771, 9327, 9327, '0', '11903', 0, 0, 0, 82.4376, -2680.36, 60.8332, 4.03231, 7200, 0, 0, 0, 0, 0, 0, 0, 0, 28153), -- -Unknown- (Area: -Unknown- - Difficulty: 2) (Auras: )
(@CGUID+161, 127485, 1771, 9327, 9327, '0', '11903', 0, 0, 0, 111.316, -2671.344, 28.96115, 4.424872, 7200, 0, 0, 0, 0, 0, 0, 0, 0, 28153), -- -Unknown- (Area: -Unknown- - Difficulty: 2) (Auras: 123169 - -Unknown-, 174127 - -Unknown-)
(@CGUID+162, 133636, 1771, 9327, 9327, '0', '11903', 0, 0, 0, 184.9499, -2692.676, 44.58922, 2.021245, 7200, 0, 0, 0, 0, 0, 0, 0, 0, 28153), -- -Unknown- (Area: -Unknown- - Difficulty: 2)
(@CGUID+163, 134025, 1771, 9327, 9327, '0', '11903', 0, 0, 0, 179.8056, -2700.818, 76.92706, 5.670767, 7200, 0, 0, 0, 0, 0, 0, 0, 0, 28153), -- -Unknown- (Area: -Unknown- - Difficulty: 2)
(@CGUID+164, 135273, 1771, 9327, 9327, '0', '11903', 0, 0, 0, 170.7413, -2694.738, 59.49345, 0, 7200, 0, 0, 0, 0, 0, 0, 0, 0, 28153), -- -Unknown- (Area: -Unknown- - Difficulty: 2)
(@CGUID+165, 127485, 1771, 9327, 9327, '0', '11903', 0, 0, 0, 179.684, -2685.318, -22.42201, 3.736824, 7200, 0, 0, 0, 0, 0, 0, 0, 0, 28153), -- -Unknown- (Area: -Unknown- - Difficulty: 2) (Auras: 123169 - -Unknown-)
(@CGUID+166, 130026, 1771, 9327, 9327, '0', '11903', 0, 0, 0, 178.1493, -2683.644, -22.38734, 3.586726, 7200, 0, 0, 0, 0, 0, 0, 0, 0, 28153), -- -Unknown- (Area: -Unknown- - Difficulty: 2)
(@CGUID+167, 130685, 1771, 9327, 9327, '0', '11903', 0, 0, 0, 108.651, -2684.005, 77.30438, 3.917958, 7200, 0, 0, 0, 0, 0, 0, 0, 0, 28153), -- -Unknown- (Area: -Unknown- - Difficulty: 2) (Auras: 123168 - -Unknown-)
(@CGUID+168, 130025, 1771, 9327, 9327, '0', '11903', 0, 0, 0, 181.7604, -2679.238, -22.28205, 3.829537, 7200, 0, 0, 0, 0, 0, 0, 0, 0, 28153), -- -Unknown- (Area: -Unknown- - Difficulty: 2) (Auras: 18950 - -Unknown-)
(@CGUID+169, 130683, 1771, 9327, 9327, '0', '11903', 0, 0, 0, 146.2171, -2678.129, 30.12523, 4.32899, 7200, 0, 0, 0, 0, 0, 0, 0, 0, 28153), -- -Unknown- (Area: -Unknown- - Difficulty: 2) (Auras: 123168 - -Unknown-)
(@CGUID+170, 127478, 1771, 9327, 9327, '0', '11903', 0, 0, 0, 123.7324, -2666.67, 12.5626, 0, 7200, 0, 0, 0, 0, 0, 0, 0, 0, 28153), -- -Unknown- (Area: -Unknown- - Difficulty: 2) (Auras: 259242 - -Unknown-)
(@CGUID+171, 127486, 1771, 9327, 9327, '0', '11903', 0, 0, 0, 197.1736, -2691.516, 59.80499, 2.79576, 7200, 0, 0, 0, 0, 0, 0, 0, 0, 28153), -- -Unknown- (Area: -Unknown- - Difficulty: 2) (Auras: 123168 - -Unknown-, 269988 - -Unknown-, 18950 - -Unknown-)
(@CGUID+172, 127381, 1771, 9327, 9327, '0', '11903', 0, 0, 0, 221.4042, -2700.152, 28.22552, 1.909619, 7200, 0, 0, 0, 0, 0, 0, 0, 0, 28153), -- -Unknown- (Area: -Unknown- - Difficulty: 2)
(@CGUID+173, 129437, 1771, 9327, 9327, '1', '11903', 0, 0, 0, 70.0447, -2697.9, 60.8331, 0.937833, 7200, 0, 0, 0, 0, 0, 0, 0, 0, 28153), 
(@CGUID+174, 130027, 1771, 9327, 9327, '0', '11903', 0, 0, 0, 195.7865, -2695.061, 59.80495, 2.442361, 7200, 0, 0, 0, 0, 0, 0, 0, 0, 28153), -- -Unknown- (Area: -Unknown- - Difficulty: 2) (Auras: 123168 - -Unknown-, 269988 - -Unknown-)
(@CGUID+175, 130582, 1771, 9327, 9327, '0', '11903', 0, 0, 0, 184.625, -2681.691, 44.22724, 5.899776, 7200, 0, 0, 0, 0, 0, 0, 0, 0, 28153), -- -Unknown- (Area: -Unknown- - Difficulty: 2) (Auras: 123169 - -Unknown-)
(@CGUID+176, 127485, 1771, 9327, 9327, '0', '11903', 0, 0, 0, 96.04166, -2662.184, 29.27285, 2.388536, 7200, 0, 0, 0, 0, 0, 0, 0, 0, 28153), -- -Unknown- (Area: -Unknown- - Difficulty: 2) (Auras: 123169 - -Unknown-)
(@CGUID+177, 130582, 1771, 9327, 9327, '0', '11903', 0, 0, 0, 193.2031, -2684.656, 44.5387, 3.213445, 7200, 0, 0, 0, 0, 0, 0, 0, 0, 28153), -- -Unknown- (Area: -Unknown- - Difficulty: 2) (Auras: 123169 - -Unknown-)
(@CGUID+178, 127381, 1771, 9327, 9327, '0', '11903', 0, 0, 0, 231.1512, -2707.15, 27.80205, 1.865993, 7200, 0, 0, 0, 0, 0, 0, 0, 0, 28153), -- -Unknown- (Area: -Unknown- - Difficulty: 2)
(@CGUID+179, 130685, 1771, 9327, 9327, '0', '11903', 0, 0, 0, 210.6146, -2707.151, 73.79269, 0.1978558, 7200, 0, 0, 0, 0, 0, 0, 0, 0, 28153), -- -Unknown- (Area: -Unknown- - Difficulty: 2) (Auras: 123168 - -Unknown-)
(@CGUID+180, 130027, 1771, 9327, 9327, '0', '11903', 0, 0, 0, 191.2344, -2690.281, 59.8049, 0.1841714, 7200, 0, 0, 0, 0, 0, 0, 0, 0, 28153), -- -Unknown- (Area: -Unknown- - Difficulty: 2) (Auras: 123168 - -Unknown-)
(@CGUID+181, 130685, 1771, 9327, 9327, '0', '11903', 0, 0, 0, 262.2184, -2738.627, 32.0387, 5.837149, 7200, 0, 0, 0, 0, 0, 0, 0, 0, 28153), -- -Unknown- (Area: -Unknown- - Difficulty: 2) (Auras: 123168 - -Unknown-, 151540 - -Unknown-)
(@CGUID+182, 136724, 1771, 9327, 9327, '0', '11903', 0, 0, 0, 146.4063, -2677.578, 47.23084, 0, 7200, 0, 0, 0, 0, 0, 0, 0, 0, 28153), -- -Unknown- (Area: -Unknown- - Difficulty: 2)
(@CGUID+183, 127486, 1771, 9327, 9327, '0', '11903', 0, 0, 0, 193.0885, -2687.606, 59.80492, 5.3837, 7200, 0, 0, 0, 0, 0, 0, 0, 0, 28153), -- -Unknown- (Area: -Unknown- - Difficulty: 2) (Auras: 123168 - -Unknown-, 18950 - -Unknown-)
(@CGUID+184, 135366, 1771, 9327, 9327, '0', '11903', 0, 0, 0, 177.6076, -2682.75, 44.22726, 5.369773, 7200, 0, 0, 0, 0, 0, 0, 0, 0, 28153), -- -Unknown- (Area: -Unknown- - Difficulty: 2) (Auras: 123169 - -Unknown-)
(@CGUID+185, 130207, 1771, 9327, 9327, '0', '11903', 0, 0, 0, 182.2778, -2682.842, -22.41669, 3.730947, 7200, 0, 0, 0, 0, 0, 0, 0, 0, 28153), -- -Unknown- (Area: -Unknown- - Difficulty: 2) (Auras: 123168 - -Unknown-)
(@CGUID+186, 135366, 1771, 9327, 9327, '0', '11903', 0, 0, 0, 178.7986, -2679.401, 44.22724, 5.142959, 7200, 0, 0, 0, 0, 0, 0, 0, 0, 28153), -- -Unknown- (Area: -Unknown- - Difficulty: 2) (Auras: 123169 - -Unknown-)
(@CGUID+187, 130582, 1771, 9327, 9327, '0', '11903', 0, 0, 0, 189.6198, -2689.695, 44.53885, 2.067925, 7200, 0, 0, 0, 0, 0, 0, 0, 0, 28153), -- -Unknown- (Area: -Unknown- - Difficulty: 2) (Auras: 123169 - -Unknown-)
(@CGUID+188, 127482, 1771, 9327, 9327, '0', '11903', 0, 0, 0, 133.332, -2669.29, 12.53624, 2.922869, 7200, 0, 0, 0, 0, 0, 0, 0, 0, 28153), -- -Unknown- (Area: -Unknown- - Difficulty: 2) (Auras: )
(@CGUID+189, 130582, 1771, 9327, 9327, '0', '11903', 0, 0, 0, 172.7431, -2669.292, 28.96115, 0.83198, 7200, 0, 0, 0, 0, 0, 0, 0, 0, 28153), -- -Unknown- (Area: -Unknown- - Difficulty: 2) (Auras: 123169 - -Unknown-)
(@CGUID+190, 131112, 1771, 9327, 9327, '0', '11903', 0, 0, 0, 158.3438, -2666.938, 44.22729, 0.199588, 7200, 0, 0, 0, 0, 0, 0, 0, 0, 28153), -- -Unknown- (Area: -Unknown- - Difficulty: 2) (Auras: )
(@CGUID+191, 131856, 1771, 9327, 9327, '0', '11903', 0, 0, 0, 62.09079, -2665.069, 74.51604, 3.036638, 7200, 0, 0, 0, 0, 0, 0, 0, 0, 28153), -- -Unknown- (Area: -Unknown- - Difficulty: 2) (Auras: 260742 - -Unknown-)
(@CGUID+192, 130685, 1771, 9327, 9327, '0', '11903', 0, 0, 0, 97.35938, -2683.498, 110.4154, 5.607213, 7200, 0, 0, 0, 0, 0, 0, 0, 0, 28153), -- -Unknown- (Area: -Unknown- - Difficulty: 2) (Auras: 123168 - -Unknown-, 151540 - -Unknown-)
(@CGUID+193, 130582, 1771, 9327, 9327, '0', '11903', 0, 0, 0, 188.4271, -2676.781, 29.27269, 2.415273, 7200, 0, 0, 0, 0, 0, 0, 0, 0, 28153), -- -Unknown- (Area: -Unknown- - Difficulty: 2) (Auras: 123169 - -Unknown-)
(@CGUID+194, 135366, 1771, 9327, 9327, '0', '11903', 0, 0, 0, 183.0226, -2678.995, 44.22724, 4.818048, 7200, 0, 0, 0, 0, 0, 0, 0, 0, 28153), -- -Unknown- (Area: -Unknown- - Difficulty: 2) (Auras: 123169 - -Unknown-)
(@CGUID+195, 133636, 1771, 9327, 9327, '0', '11903', 0, 0, 0, 95.41374, -2660.144, 44.55794, 3.776464, 7200, 0, 0, 0, 0, 0, 0, 0, 0, 28153), -- -Unknown- (Area: -Unknown- - Difficulty: 2)
(@CGUID+196, 127484, 1771, 9327, 9327, '0', '11903', 0, 0, 0, 120.8142, -2660.236, 44.22728, 3.778381, 7200, 0, 0, 0, 0, 0, 0, 0, 0, 28153), -- -Unknown- (Area: -Unknown- - Difficulty: 2) (Auras: 267108 - -Unknown-)
(@CGUID+197, 127478, 1771, 9327, 9327, '0', '11903', 0, 0, 0, 161.1504, -2667.841, 12.58922, 0.1296922, 7200, 0, 0, 0, 0, 0, 0, 0, 0, 28153), -- -Unknown- (Area: -Unknown- - Difficulty: 2) (Auras: 259242 - -Unknown-)
(@CGUID+198, 127485, 1771, 9327, 9327, '0', '11903', 0, 0, 0, 156.8715, -2668.375, 59.49345, 1.542698, 7200, 0, 0, 0, 0, 0, 0, 0, 0, 28153), -- -Unknown- (Area: -Unknown- - Difficulty: 2) (Auras: 123169 - -Unknown-, 130966 - -Unknown-)
(@CGUID+199, 130582, 1771, 9327, 9327, '0', '11903', 0, 0, 0, 123.026, -2665.762, 59.49343, 1.226456, 7200, 0, 0, 0, 0, 0, 0, 0, 0, 28153), -- -Unknown- (Area: -Unknown- - Difficulty: 2) (Auras: 123169 - -Unknown-)
(@CGUID+200, 127478, 1771, 9327, 9327, '0', '11903', 0, 0, 0, 126.8628, -2664.902, 12.71603, 5.816546, 7200, 0, 0, 0, 0, 0, 0, 0, 0, 28153), -- -Unknown- (Area: -Unknown- - Difficulty: 2) (Auras: 259242 - -Unknown-)
(@CGUID+201, 135779, 1771, 9327, 9327, '0', '11903', 0, 0, 0, 118.7708, -2661.274, 44.22728, 2.106124, 7200, 0, 0, 0, 0, 0, 0, 0, 0, 28153), -- -Unknown- (Area: -Unknown- - Difficulty: 2) (Auras: 123168 - -Unknown-, 131041 - -Unknown-)
(@CGUID+202, 130683, 1771, 9327, 9327, '0', '11903', 0, 0, 0, 147.6466, -2677.167, 60.38922, 2.04208, 7200, 0, 0, 0, 0, 0, 0, 0, 0, 28153), -- -Unknown- (Area: -Unknown- - Difficulty: 2) (Auras: 123168 - -Unknown-)
(@CGUID+203, 127478, 1771, 9327, 9327, '0', '11903', 0, 0, 0, 148.0867, -2669.076, 12.58922, 4.909247, 7200, 0, 0, 0, 0, 0, 0, 0, 0, 28153), -- -Unknown- (Area: -Unknown- - Difficulty: 2) (Auras: 259242 - -Unknown-)
(@CGUID+204, 127488, 1771, 9327, 9327, '0', '11903', 0, 0, 0, 194.4131, -2681.937, 59.78922, 2.307189, 7200, 0, 0, 0, 0, 0, 0, 0, 0, 28153), -- -Unknown- (Area: -Unknown- - Difficulty: 2) (Auras: 123168 - -Unknown-)
(@CGUID+205, 130582, 1771, 9327, 9327, '0', '11903', 0, 0, 0, 178.342, -2676.071, 44.22724, 3.904125, 7200, 0, 0, 0, 0, 0, 0, 0, 0, 28153), -- -Unknown- (Area: -Unknown- - Difficulty: 2) (Auras: 123169 - -Unknown-)
(@CGUID+206, 135366, 1771, 9327, 9327, '0', '11903', 0, 0, 0, 98.10645, -2662.303, 44.51604, 2.50858, 7200, 0, 0, 0, 0, 0, 0, 0, 0, 28153), -- -Unknown- (Area: -Unknown- - Difficulty: 2) (Auras: 123169 - -Unknown-)
(@CGUID+207, 130026, 1771, 9327, 9327, '0', '11903', 0, 0, 0, 162.3906, -2668.462, 44.22729, 1.269809, 7200, 0, 0, 0, 0, 0, 0, 0, 0, 28153), -- -Unknown- (Area: -Unknown- - Difficulty: 2) (Auras: 258153 - -Unknown-)
(@CGUID+208, 130685, 1771, 9327, 9327, '0', '11903', 0, 0, 0, 96.21354, -2686.089, 110.041, 6.004983, 7200, 0, 0, 0, 0, 0, 0, 0, 0, 28153), -- -Unknown- (Area: -Unknown- - Difficulty: 2) (Auras: 123168 - -Unknown-, 151540 - -Unknown-)
(@CGUID+209, 130582, 1771, 9327, 9327, '0', '11903', 0, 0, 0, 186.7361, -2668.083, 29.27268, 4.184693, 7200, 0, 0, 0, 0, 0, 0, 0, 0, 28153), -- -Unknown- (Area: -Unknown- - Difficulty: 2) (Auras: 123169 - -Unknown-)
(@CGUID+210, 130685, 1771, 9327, 9327, '0', '11903', 0, 0, 0, 190.6693, -2691.032, 105.796, 2.47674, 7200, 0, 0, 0, 0, 0, 0, 0, 0, 28153), -- -Unknown- (Area: -Unknown- - Difficulty: 2) (Auras: 123168 - -Unknown-, 151540 - -Unknown-)
(@CGUID+211, 135289, 1771, 9327, 9327, '0', '11903', 0, 0, 0, -1.809028, -2663.979, 22.89016, 3.542843, 7200, 0, 0, 0, 0, 0, 0, 0, 0, 28153), -- -Unknown- (Area: -Unknown- - Difficulty: 2) (Auras: 191779 - -Unknown-)
(@CGUID+212, 130683, 1771, 9327, 9327, '0', '11903', 0, 0, 0, 132.493, -2659.708, 30.11604, 6.13621, 7200, 0, 0, 0, 0, 0, 0, 0, 0, 28153), -- -Unknown- (Area: -Unknown- - Difficulty: 2) (Auras: 123168 - -Unknown-)
(@CGUID+213, 130582, 1771, 9327, 9327, '0', '11903', 0, 0, 0, 119.9427, -2659.55, 59.49345, 0.2628188, 7200, 0, 0, 0, 0, 0, 0, 0, 0, 28153), -- -Unknown- (Area: -Unknown- - Difficulty: 2) (Auras: 123169 - -Unknown-)
(@CGUID+214, 135254, 1771, 9327, 9327, '0', '11903', 0, 0, 0, 214.6649, -2680.201, 29.10526, 0, 7200, 0, 0, 0, 0, 0, 0, 0, 0, 28153), -- -Unknown- (Area: -Unknown- - Difficulty: 2) (Auras: 123168 - -Unknown-, 267601 - -Unknown-, 225458 - -Unknown-)
(@CGUID+215, 130685, 1771, 9327, 9327, '0', '11903', 0, 0, 0, 190.3767, -2684.087, 84.16117, 3.064768, 7200, 0, 0, 0, 0, 0, 0, 0, 0, 28153), -- -Unknown- (Area: -Unknown- - Difficulty: 2) (Auras: 123168 - -Unknown-)
(@CGUID+216, 130026, 1771, 9327, 9327, '0', '11903', 0, 0, 0, 154.7934, -2663.503, 44.22729, 5.997599, 7200, 0, 0, 0, 0, 0, 0, 0, 0, 28153), -- -Unknown- (Area: -Unknown- - Difficulty: 2) (Auras: 258153 - -Unknown-)
(@CGUID+217, 136737, 1771, 9327, 9327, '0', '11903', 0, 0, 0, 119.6233, -2663.759, 59.49345, 0.6140035, 7200, 0, 0, 0, 0, 0, 0, 0, 0, 28153), -- -Unknown- (Area: -Unknown- - Difficulty: 2) (Auras: 123169 - -Unknown-)
(@CGUID+218, 130582, 1771, 9327, 9327, '0', '11903', 0, 0, 0, 185.1111, -2671.139, 29.27266, 0.9764219, 7200, 0, 0, 0, 0, 0, 0, 0, 0, 28153), -- -Unknown- (Area: -Unknown- - Difficulty: 2) (Auras: 123169 - -Unknown-)
(@CGUID+219, 131445, 1771, 9327, 9327, '0', '11903', 0, 0, 0, 163.1667, -2665.962, 44.22729, 4.411402, 7200, 0, 0, 0, 0, 0, 0, 0, 0, 28153), -- -Unknown- (Area: -Unknown- - Difficulty: 2) (Auras: 259188 - -Unknown-, 18950 - -Unknown-)
(@CGUID+220, 130582, 1771, 9327, 9327, '0', '11903', 0, 0, 0, 191.2865, -2670.696, 29.27275, 3.958145, 7200, 0, 0, 0, 0, 0, 0, 0, 0, 28153), -- -Unknown- (Area: -Unknown- - Difficulty: 2) (Auras: 123169 - -Unknown-)
(@CGUID+221, 130582, 1771, 9327, 9327, '0', '11903', 0, 0, 0, 166.3004, -2662.899, 29.27249, 0.5127698, 7200, 0, 0, 0, 0, 0, 0, 0, 0, 28153), -- -Unknown- (Area: -Unknown- - Difficulty: 2) (Auras: 123169 - -Unknown-)
(@CGUID+222, 127486, 1771, 9327, 9327, '0', '11903', 0, 0, 0, 162.1007, -2661.701, 59.54061, 4.080308, 7200, 0, 0, 0, 0, 0, 0, 0, 0, 28153), -- -Unknown- (Area: -Unknown- - Difficulty: 2) (Auras: 123168 - -Unknown-, 18950 - -Unknown-)
(@CGUID+223, 130683, 1771, 9327, 9327, '0', '11903', 0, 0, 0, 123.5343, -2662.108, 59.53948, 2.039967, 7200, 0, 0, 0, 0, 0, 0, 0, 0, 28153), -- -Unknown- (Area: -Unknown- - Difficulty: 2) (Auras: 123168 - -Unknown-)
(@CGUID+224, 135366, 1771, 9327, 9327, '0', '11903', 0, 0, 0, 139.8601, -2656.007, 44.39079, 0.9091429, 7200, 0, 0, 0, 0, 0, 0, 0, 0, 28153), -- -Unknown- (Area: -Unknown- - Difficulty: 2) (Auras: 123169 - -Unknown-)
(@CGUID+225, 127485, 1771, 9327, 9327, '0', '11903', 0, 0, 0, 161.5729, -2665.788, 59.49346, 2.976025, 7200, 0, 0, 0, 0, 0, 0, 0, 0, 28153), -- -Unknown- (Area: -Unknown- - Difficulty: 2) (Auras: 123169 - -Unknown-, 130966 - -Unknown-)
(@CGUID+226, 130685, 1771, 9327, 9327, '0', '11903', 0, 0, 0, 92.22396, -2670.559, 109.7868, 0.5185611, 7200, 0, 0, 0, 0, 0, 0, 0, 0, 28153), -- -Unknown- (Area: -Unknown- - Difficulty: 2) (Auras: 123168 - -Unknown-, 151540 - -Unknown-)
(@CGUID+227, 135254, 1771, 9327, 9327, '0', '11903', 0, 0, 0, 183.0208, -2659.314, 44.29038, 3.348121, 7200, 0, 0, 0, 0, 0, 0, 0, 0, 28153), -- -Unknown- (Area: -Unknown- - Difficulty: 2) (Auras: 123168 - -Unknown-, 267601 - -Unknown-)
(@CGUID+228, 133636, 1771, 9327, 9327, '0', '11903', 0, 0, 0, 143.7934, -2650.957, 44.22728, 2.510384, 7200, 0, 0, 0, 0, 0, 0, 0, 0, 28153), -- -Unknown- (Area: -Unknown- - Difficulty: 2)
(@CGUID+229, 131112, 1771, 9327, 9327, '0', '11903', 0, 0, 0, 110.7222, -2645.62, 39.45353, 0.678436, 7200, 0, 0, 0, 0, 0, 0, 0, 0, 28153), -- -Unknown- (Area: -Unknown- - Difficulty: 2) (Auras: 123169 - -Unknown-)
(@CGUID+230, 127499, 1771, 9327, 9327, '0', '11903', 0, 0, 0, -4.96875, -2657.228, 22.74054, 2.98662, 7200, 0, 0, 0, 0, 0, 0, 0, 0, 28153), -- -Unknown- (Area: -Unknown- - Difficulty: 2) (Auras: 123168 - -Unknown-, 191779 - -Unknown-)
(@CGUID+231, 130025, 1771, 9327, 9327, '0', '11903', 0, 0, 0, 107.0469, -2644.821, 54.72837, 4.828804, 7200, 0, 0, 0, 0, 0, 0, 0, 0, 28153), -- -Unknown- (Area: -Unknown- - Difficulty: 2) (Auras: 265731 - -Unknown-, 18950 - -Unknown-)
(@CGUID+232, 131112, 1771, 9327, 9327, '0', '11903', 0, 0, 0, 144.3542, -2650.337, 28.96115, 2.244117, 7200, 0, 0, 0, 0, 0, 0, 0, 0, 28153), -- -Unknown- (Area: -Unknown- - Difficulty: 2) (Auras: 123169 - -Unknown-)
(@CGUID+233, 135366, 1771, 9327, 9327, '0', '11903', 0, 0, 0, 180.3663, -2658.377, 29.83681, 4.183011, 7200, 0, 0, 0, 0, 0, 0, 0, 0, 28153), -- -Unknown- (Area: -Unknown- - Difficulty: 2) (Auras: 123169 - -Unknown-)
(@CGUID+234, 130026, 1771, 9327, 9327, '0', '11903', 0, 0, 0, 113.0816, -2644.228, 39.43869, 1.147711, 7200, 0, 0, 0, 0, 0, 0, 0, 0, 28153), -- -Unknown- (Area: -Unknown- - Difficulty: 2) (Auras: )
(@CGUID+235, 130685, 1771, 9327, 9327, '0', '11903', 0, 0, 0, 90.38541, -2668.745, 110.0201, 0.775929, 7200, 0, 0, 0, 0, 0, 0, 0, 0, 28153), -- -Unknown- (Area: -Unknown- - Difficulty: 2) (Auras: 123168 - -Unknown-, 151540 - -Unknown-)
(@CGUID+236, 135273, 1771, 9327, 9327, '0', '11903', 0, 0, 0, 93.97916, -2650.422, 59.5074, 0, 7200, 0, 0, 0, 0, 0, 0, 0, 0, 28153), -- -Unknown- (Area: -Unknown- - Difficulty: 2)
(@CGUID+237, 130685, 1771, 9327, 9327, '0', '11903', 0, 0, 0, 85.80556, -2664.74, 110.3461, 0.01641626, 7200, 0, 0, 0, 0, 0, 0, 0, 0, 28153), -- -Unknown- (Area: -Unknown- - Difficulty: 2) (Auras: 123168 - -Unknown-, 151540 - -Unknown-)
(@CGUID+238, 130582, 1771, 9327, 9327, '0', '11903', 0, 0, 0, 176.7674, -2660.892, 44.5381, 5.823952, 7200, 0, 0, 0, 0, 0, 0, 0, 0, 28153), -- -Unknown- (Area: -Unknown- - Difficulty: 2) (Auras: 123169 - -Unknown-)
(@CGUID+239, 127486, 1771, 9327, 9327, '0', '11903', 0, 0, 0, 222.5747, -2679.878, 59.52998, 0.7655646, 7200, 0, 0, 0, 0, 0, 0, 0, 0, 28153), -- -Unknown- (Area: -Unknown- - Difficulty: 2) (Auras: 123168 - -Unknown-, 18950 - -Unknown-)
(@CGUID+240, 130685, 1771, 9327, 9327, '0', '11903', 0, 0, 0, 254.2447, -2705.121, 51.15101, 1.15734, 7200, 10, 0, 0, 0, 1, 0, 0, 0, 28153), -- -Unknown- (Area: -Unknown- - Difficulty: 2) (Auras: 123168 - -Unknown-, 151540 - -Unknown-) (possible waypoints or random movement)
(@CGUID+241, 131112, 1771, 9327, 9327, '0', '11903', 0, 0, 0, 141.6927, -2650.844, 28.96115, 1.564276, 7200, 0, 0, 0, 0, 0, 0, 0, 0, 28153), -- -Unknown- (Area: -Unknown- - Difficulty: 2) (Auras: 123169 - -Unknown-)
(@CGUID+242, 130685, 1771, 9327, 9327, '0', '11903', 0, 0, 0, 88.47743, -2667.292, 110.1508, 1.392639, 7200, 0, 0, 0, 0, 0, 0, 0, 0, 28153), -- -Unknown- (Area: -Unknown- - Difficulty: 2) (Auras: 123168 - -Unknown-, 151540 - -Unknown-)
(@CGUID+243, 127486, 1771, 9327, 9327, '0', '11903', 0, 0, 0, 107.3524, -2647.434, 54.74109, 1.687211, 7200, 0, 0, 0, 0, 0, 0, 0, 0, 28153), -- -Unknown- (Area: -Unknown- - Difficulty: 2) (Auras: 123168 - -Unknown-, 18950 - -Unknown-)
(@CGUID+244, 130027, 1771, 9327, 9327, '0', '11903', 0, 0, 0, 91.46181, -2647.995, 59.50211, 0.9384165, 7200, 0, 0, 0, 0, 0, 0, 0, 0, 28153), -- -Unknown- (Area: -Unknown- - Difficulty: 2) (Auras: 123168 - -Unknown-)
(@CGUID+245, 130026, 1771, 9327, 9327, '0', '11903', 0, 0, 0, 110.1042, -2642.273, 39.43926, 0.810385, 7200, 0, 0, 0, 0, 0, 0, 0, 0, 28153), -- -Unknown- (Area: -Unknown- - Difficulty: 2) (Auras: )
(@CGUID+246, 130582, 1771, 9327, 9327, '0', '11903', 0, 0, 0, 149.3698, -2643.941, 29.27199, 5.823952, 7200, 0, 0, 0, 0, 0, 0, 0, 0, 28153), -- -Unknown- (Area: -Unknown- - Difficulty: 2) (Auras: 123169 - -Unknown-)
(@CGUID+247, 135254, 1771, 9327, 9327, '0', '11903', 0, 0, 0, 174.6024, -2655.236, 45.26876, 2.692646, 7200, 0, 0, 0, 0, 0, 0, 0, 0, 28153), -- -Unknown- (Area: -Unknown- - Difficulty: 2) (Auras: 123168 - -Unknown-, 267601 - -Unknown-)
(@CGUID+248, 127485, 1771, 9327, 9327, '0', '11903', 0, 0, 0, 109.6281, -2644.561, 54.84727, 4.042492, 7200, 0, 0, 0, 0, 0, 0, 0, 0, 28153), -- -Unknown- (Area: -Unknown- - Difficulty: 2) (Auras: 123169 - -Unknown-)
(@CGUID+249, 135273, 1771, 9327, 9327, '0', '11903', 0, 0, 0, 219.2361, -2680.807, 59.52998, 0, 7200, 0, 0, 0, 0, 0, 0, 0, 0, 28153), -- -Unknown- (Area: -Unknown- - Difficulty: 2)
(@CGUID+250, 130685, 1771, 9327, 9327, '0', '11903', 0, 0, 0, 188.1094, -2673.764, 84.29559, 4.051307, 7200, 0, 0, 0, 0, 0, 0, 0, 0, 28153), -- -Unknown- (Area: -Unknown- - Difficulty: 2) (Auras: 123168 - -Unknown-)
(@CGUID+251, 136735, 1771, 9327, 9327, '0', '11903', 0, 0, 0, 130.9462, -2647.899, 59.49345, 4.050234, 7200, 0, 0, 0, 0, 0, 0, 0, 0, 28153), -- -Unknown- (Area: -Unknown- - Difficulty: 2) (Auras: 123168 - -Unknown-)
(@CGUID+252, 127485, 1771, 9327, 9327, '0', '11903', 0, 0, 0, 147.6146, -2641.347, 29.27187, 2.465219, 7200, 0, 0, 0, 0, 0, 0, 0, 0, 28153), -- -Unknown- (Area: -Unknown- - Difficulty: 2) (Auras: 123169 - -Unknown-)
(@CGUID+253, 127485, 1771, 9327, 9327, '0', '11903', 0, 0, 0, 172.8438, -2652.385, 30.47546, 2.465219, 7200, 0, 0, 0, 0, 0, 0, 0, 0, 28153), -- -Unknown- (Area: -Unknown- - Difficulty: 2) (Auras: 123169 - -Unknown-)
(@CGUID+254, 130027, 1771, 9327, 9327, '0', '11903', 0, 0, 0, 226.4774, -2676.106, 62.03427, 3.962894, 7200, 0, 0, 0, 0, 0, 0, 0, 0, 28153), -- -Unknown- (Area: -Unknown- - Difficulty: 2) (Auras: 123168 - -Unknown-)
(@CGUID+255, 127486, 1771, 9327, 9327, '0', '11903', 0, 0, 0, 94.87153, -2644.106, 59.49928, 0.9845653, 7200, 0, 0, 0, 0, 0, 0, 0, 0, 28153), -- -Unknown- (Area: -Unknown- - Difficulty: 2) (Auras: 18950 - -Unknown-)
(@CGUID+256, 134025, 1771, 9327, 9327, '0', '11903', 0, 0, 0, 173.6528, -2661.932, 76.96702, 0.8638996, 7200, 0, 0, 0, 0, 0, 0, 0, 0, 28153), -- -Unknown- (Area: -Unknown- - Difficulty: 2)
(@CGUID+257, 127486, 1771, 9327, 9327, '0', '11903', 0, 0, 0, 180.4115, -2657.148, 59.80386, 1.290798, 7200, 0, 0, 0, 0, 0, 0, 0, 0, 28153), -- -Unknown- (Area: -Unknown- - Difficulty: 2) (Auras: 123168 - -Unknown-, 18950 - -Unknown-)
(@CGUID+258, 135254, 1771, 9327, 9327, '0', '11903', 0, 0, 0, 165.6771, -2646.653, 45.77551, 5.607295, 7200, 0, 0, 0, 0, 0, 0, 0, 0, 28153), -- -Unknown- (Area: -Unknown- - Difficulty: 2) (Auras: 123168 - -Unknown-, 267601 - -Unknown-)
(@CGUID+259, 130582, 1771, 9327, 9327, '0', '11903', 0, 0, 0, 157.4792, -2647.707, 34.97811, 2.07491, 7200, 0, 0, 0, 0, 0, 0, 0, 0, 28153), -- -Unknown- (Area: -Unknown- - Difficulty: 2) (Auras: 123169 - -Unknown-)
(@CGUID+260, 130685, 1771, 9327, 9327, '0', '11903', 0, 0, 0, -19.8848, -2664.538, 63.72208, 5.341373, 7200, 0, 0, 0, 0, 0, 0, 0, 0, 28153), -- -Unknown- (Area: -Unknown- - Difficulty: 2) (Auras: 123168 - -Unknown-, 151540 - -Unknown-)
(@CGUID+261, 127486, 1771, 9327, 9327, '0', '11903', 0, 0, 0, 91.76389, -2643.767, 59.53012, 0.9845653, 7200, 0, 0, 0, 0, 0, 0, 0, 0, 28153), -- -Unknown- (Area: -Unknown- - Difficulty: 2) (Auras: 18950 - -Unknown-)
(@CGUID+262, 127478, 1771, 9327, 9327, '0', '11903', 0, 0, 0, 133.1435, -2647.634, 12.71603, 5.693458, 7200, 0, 0, 0, 0, 0, 0, 0, 0, 28153), -- -Unknown- (Area: -Unknown- - Difficulty: 2) (Auras: 259242 - -Unknown-)
(@CGUID+263, 127486, 1771, 9327, 9327, '0', '11903', 0, 0, 0, 181.0139, -2655.222, 59.80381, 4.370391, 7200, 0, 0, 0, 0, 0, 0, 0, 0, 28153), -- -Unknown- (Area: -Unknown- - Difficulty: 2) (Auras: 123168 - -Unknown-, 18950 - -Unknown-)
(@CGUID+264, 134025, 1771, 9327, 9327, '0', '11903', 0, 0, 0, 112.5868, -2653.998, 76.92667, 2.599496, 7200, 0, 0, 0, 0, 0, 0, 0, 0, 28153), -- -Unknown- (Area: -Unknown- - Difficulty: 2) (Auras: 263353 - -Unknown-)
(@CGUID+265, 135289, 1771, 9327, 9327, '0', '11903', 0, 0, 0, -81.63889, -2662.498, 1.923074, 2.666088, 7200, 0, 0, 0, 0, 0, 0, 0, 0, 28153), -- -Unknown- (Area: -Unknown- - Difficulty: 2) (Auras: 191779 - -Unknown-, 244874 - -Unknown-)
(@CGUID+266, 127485, 1771, 9327, 9327, '0', '11903', 0, 0, 0, 130.6198, -2626.031, 49.575, 2.674287, 7200, 0, 0, 0, 0, 0, 0, 0, 0, 28153), -- -Unknown- (Area: -Unknown- - Difficulty: 2) (Auras: 123169 - -Unknown-, 130966 - -Unknown-)
(@CGUID+267, 135289, 1771, 9327, 9327, '0', '11903', 0, 0, 0, -3.819444, -2632.918, 22.74054, 2.666088, 7200, 0, 0, 0, 0, 0, 0, 0, 0, 28153), -- -Unknown- (Area: -Unknown- - Difficulty: 2) (Auras: 191779 - -Unknown-)
(@CGUID+268, 135289, 1771, 9327, 9327, '0', '11903', 0, 0, 0, -81.63889, -2662.498, 1.923074, 2.666088, 7200, 0, 0, 0, 0, 0, 0, 0, 0, 28153), -- -Unknown- (Area: -Unknown- - Difficulty: 2) (Auras: 191779 - -Unknown-, 244874 - -Unknown-)
(@CGUID+269, 127381, 1771, 9327, 9327, '0', '11903', 0, 0, 0, 254.1161, -2678.617, 28.85419, 3.27466, 7200, 0, 0, 0, 0, 0, 0, 0, 0, 28153), -- -Unknown- (Area: -Unknown- - Difficulty: 2)
(@CGUID+270, 127381, 1771, 9327, 9327, '0', '11903', 0, 0, 0, 249.6759, -2682.669, 28.61494, 5.418815, 7200, 0, 0, 0, 0, 0, 0, 0, 0, 28153), -- -Unknown- (Area: -Unknown- - Difficulty: 2)
(@CGUID+271, 135289, 1771, 9327, 9327, '0', '11903', 0, 0, 0, 1.837596, -2631.461, 21.95155, 5.222285, 7200, 0, 0, 0, 0, 0, 0, 0, 0, 28153), -- -Unknown- (Area: -Unknown- - Difficulty: 2) (Auras: 191779 - -Unknown-, 244874 - -Unknown-)
(@CGUID+272, 127486, 1771, 9327, 9327, '0', '11903', 0, 0, 0, 189.6927, -2647.392, 59.53014, 5.749142, 7200, 0, 0, 0, 0, 0, 0, 0, 0, 28153), -- -Unknown- (Area: -Unknown- - Difficulty: 2) (Auras: 18950 - -Unknown-)
(@CGUID+273, 127485, 1771, 9327, 9327, '0', '11903', 0, 0, 0, 143.4861, -2635.953, 44.53621, 0.700487, 7200, 0, 0, 0, 0, 0, 0, 0, 0, 28153), -- -Unknown- (Area: -Unknown- - Difficulty: 2) (Auras: 123169 - -Unknown-, 130966 - -Unknown-)
(@CGUID+274, 133972, 1771, 9327, 9327, '0', '11903', 0, 0, 0, 231.7622, -2671.755, 61.98599, 0.1816313, 7200, 0, 0, 0, 0, 0, 0, 0, 0, 28153), -- -Unknown- (Area: -Unknown- - Difficulty: 2) (Auras: )
(@CGUID+275, 127488, 1771, 9327, 9327, '0', '11903', 0, 0, 0, 104.5903, -2627.936, 59.53008, 1.021993, 7200, 0, 0, 0, 0, 0, 0, 0, 0, 28153), -- -Unknown- (Area: -Unknown- - Difficulty: 2) (Auras: 123168 - -Unknown-)
(@CGUID+276, 135289, 1771, 9327, 9327, '0', '11903', 0, 0, 0, -81.63889, -2662.498, 1.923074, 2.666088, 7200, 0, 0, 0, 0, 0, 0, 0, 0, 28153), -- -Unknown- (Area: -Unknown- - Difficulty: 2) (Auras: 191779 - -Unknown-, 244874 - -Unknown-)
(@CGUID+277, 135289, 1771, 9327, 9327, '0', '11903', 0, 0, 0, 54.14757, -2628.875, 23.70497, 4.737155, 7200, 0, 0, 0, 0, 0, 0, 0, 0, 28153), -- -Unknown- (Area: -Unknown- - Difficulty: 2) (Auras: 191779 - -Unknown-)
(@CGUID+278, 130685, 1771, 9327, 9327, '0', '11903', 0, 0, 0, 115.7934, -2644.965, 76.73404, 5.590547, 7200, 0, 0, 0, 0, 0, 0, 0, 0, 28153), -- -Unknown- (Area: -Unknown- - Difficulty: 2) (Auras: 123168 - -Unknown-)
(@CGUID+279, 127485, 1771, 9327, 9327, '0', '11903', 0, 0, 0, 138.3264, -2636.318, 44.83922, 2.674287, 7200, 0, 0, 0, 0, 0, 0, 0, 0, 28153), -- -Unknown- (Area: -Unknown- - Difficulty: 2) (Auras: 123169 - -Unknown-, 130966 - -Unknown-)
(@CGUID+280, 127497, 1771, 9327, 9327, '0', '11903', 0, 0, 0, -51.42361, -2663.149, 1.924929, 3.123157, 7200, 0, 0, 0, 0, 0, 0, 0, 0, 28153), -- -Unknown- (Area: -Unknown- - Difficulty: 2) (Auras: 18950 - -Unknown-)
(@CGUID+281, 127381, 1771, 9327, 9327, '0', '11903', 0, 0, 0, 255.7448, -2681.92, 29.08359, 5.292001, 7200, 0, 0, 0, 0, 0, 0, 0, 0, 28153), -- -Unknown- (Area: -Unknown- - Difficulty: 2)
(@CGUID+282, 127381, 1771, 9327, 9327, '0', '11903', 0, 0, 0, 249.6464, -2676.651, 28.74251, 1.90543, 7200, 0, 0, 0, 0, 0, 0, 0, 0, 28153), -- -Unknown- (Area: -Unknown- - Difficulty: 2)
(@CGUID+283, 135289, 1771, 9327, 9327, '0', '11903', 0, 0, 0, -81.63889, -2662.498, 1.923074, 2.666088, 7200, 0, 0, 0, 0, 0, 0, 0, 0, 28153), -- -Unknown- (Area: -Unknown- - Difficulty: 2) (Auras: 191779 - -Unknown-, 244874 - -Unknown-)
(@CGUID+284, 127381, 1771, 9327, 9327, '0', '11903', 0, 0, 0, 255.1932, -2667.702, 28.4302, 5.331276, 7200, 0, 0, 0, 0, 0, 0, 0, 0, 28153), -- -Unknown- (Area: -Unknown- - Difficulty: 2)
(@CGUID+285, 135289, 1771, 9327, 9327, '0', '11903', 0, 0, 0, -78.02084, -2660.835, 1.923075, 0, 7200, 0, 0, 0, 0, 0, 0, 0, 0, 28153), -- -Unknown- (Area: -Unknown- - Difficulty: 2) (Auras: 191779 - -Unknown-)
(@CGUID+286, 135289, 1771, 9327, 9327, '0', '11903', 0, 0, 0, 39.77929, -2623.473, 21.95021, 1.121277, 7200, 0, 0, 0, 0, 0, 0, 0, 0, 28153), -- -Unknown- (Area: -Unknown- - Difficulty: 2) (Auras: 191779 - -Unknown-, 244874 - -Unknown-)
(@CGUID+287, 127485, 1771, 9327, 9327, '0', '11903', 0, 0, 0, 142.2049, -2631.7, 44.53684, 4.107613, 7200, 0, 0, 0, 0, 0, 0, 0, 0, 28153), -- -Unknown- (Area: -Unknown- - Difficulty: 2) (Auras: 123169 - -Unknown-, 130966 - -Unknown-)
(@CGUID+288, 129697, 1771, 9327, 9327, '0', '11903', 0, 0, 0, 201.8264, -2658.799, 59.53006, 0, 7200, 0, 0, 0, 0, 0, 0, 0, 0, 28153), -- -Unknown- (Area: -Unknown- - Difficulty: 2)
(@CGUID+289, 135289, 1771, 9327, 9327, '0', '11903', 0, 0, 0, -5.71007, -2644.354, 22.74054, 4.825912, 7200, 0, 0, 0, 0, 0, 0, 0, 0, 28153), -- -Unknown- (Area: -Unknown- - Difficulty: 2) (Auras: 191779 - -Unknown-)
(@CGUID+290, 134025, 1771, 9327, 9327, '0', '11903', 0, 0, 0, 151.1389, -2646.373, 76.96709, 0.9311338, 7200, 0, 0, 0, 0, 0, 0, 0, 0, 28153), -- -Unknown- (Area: -Unknown- - Difficulty: 2) (Auras: 263353 - -Unknown-)
(@CGUID+291, 135289, 1771, 9327, 9327, '0', '11903', 0, 0, 0, -80.51563, -2654.965, 1.923075, 0, 7200, 0, 0, 0, 0, 0, 0, 0, 0, 28153), -- -Unknown- (Area: -Unknown- - Difficulty: 2) (Auras: 191779 - -Unknown-)
(@CGUID+292, 127486, 1771, 9327, 9327, '0', '11903', 0, 0, 0, 162.6389, -2629.816, 59.5301, 5.663965, 7200, 0, 0, 0, 0, 0, 0, 0, 0, 28153), -- -Unknown- (Area: -Unknown- - Difficulty: 2) (Auras: 18950 - -Unknown-)
(@CGUID+293, 135289, 1771, 9327, 9327, '0', '11903', 0, 0, 0, -86.40452, -2655.307, 1.923075, 0, 7200, 0, 0, 0, 0, 0, 0, 0, 0, 28153), -- -Unknown- (Area: -Unknown- - Difficulty: 2) (Auras: 191779 - -Unknown-)
(@CGUID+294, 127488, 1771, 9327, 9327, '0', '11903', 0, 0, 0, 160.8941, -2625.326, 59.53017, 5.903792, 7200, 0, 0, 0, 0, 0, 0, 0, 0, 28153), -- -Unknown- (Area: -Unknown- - Difficulty: 2) (Auras: 123168 - -Unknown-)
(@CGUID+295, 135289, 1771, 9327, 9327, '0', '11903', 0, 0, 0, -77.93403, -2657.934, 1.923075, 0, 7200, 0, 0, 0, 0, 0, 0, 0, 0, 28153), -- -Unknown- (Area: -Unknown- - Difficulty: 2) (Auras: 191779 - -Unknown-)
(@CGUID+296, 135289, 1771, 9327, 9327, '0', '11903', 0, 0, 0, -83.52257, -2655.007, 1.923075, 0, 7200, 0, 0, 0, 0, 0, 0, 0, 0, 28153), -- -Unknown- (Area: -Unknown- - Difficulty: 2) (Auras: 191779 - -Unknown-)
(@CGUID+297, 135289, 1771, 9327, 9327, '0', '11903', 0, 0, 0, -78.1875, -2651.549, 1.923069, 0, 7200, 0, 0, 0, 0, 0, 0, 0, 0, 28153), -- -Unknown- (Area: -Unknown- - Difficulty: 2) (Auras: 191779 - -Unknown-)
(@CGUID+298, 135289, 1771, 9327, 9327, '0', '11903', 0, 0, 0, -80.64063, -2660.703, 1.923075, 0, 7200, 0, 0, 0, 0, 0, 0, 0, 0, 28153), -- -Unknown- (Area: -Unknown- - Difficulty: 2) (Auras: 191779 - -Unknown-)
(@CGUID+299, 135289, 1771, 9327, 9327, '0', '11903', 0, 0, 0, -86.3559, -2661.106, 1.923075, 0, 7200, 0, 0, 0, 0, 0, 0, 0, 0, 28153), -- -Unknown- (Area: -Unknown- - Difficulty: 2) (Auras: 191779 - -Unknown-)
(@CGUID+300, 129697, 1771, 9327, 9327, '0', '11903', 0, 0, 0, 155.1163, -2628.465, 59.53005, 0, 7200, 0, 0, 0, 0, 0, 0, 0, 0, 28153), -- -Unknown- (Area: -Unknown- - Difficulty: 2)
(@CGUID+301, 127497, 1771, 9327, 9327, '0', '11903', 0, 0, 0, -53.31597, -2638.439, 1.961736, 3.344924, 7200, 0, 0, 0, 0, 0, 0, 0, 0, 28153), -- -Unknown- (Area: -Unknown- - Difficulty: 2) (Auras: 259188 - -Unknown-, 191779 - -Unknown-, 18950 - -Unknown-)
(@CGUID+302, 135289, 1771, 9327, 9327, '0', '11903', 0, 0, 0, -83.47396, -2660.806, 1.923074, 0, 7200, 0, 0, 0, 0, 0, 0, 0, 0, 28153), -- -Unknown- (Area: -Unknown- - Difficulty: 2) (Auras: 191779 - -Unknown-)
(@CGUID+303, 135289, 1771, 9327, 9327, '0', '11903', 0, 0, 0, -86.52257, -2651.82, 1.923075, 0, 7200, 0, 0, 0, 0, 0, 0, 0, 0, 28153), -- -Unknown- (Area: -Unknown- - Difficulty: 2) (Auras: 191779 - -Unknown-)
(@CGUID+304, 127381, 1771, 9327, 9327, '0', '11903', 0, 0, 0, 162.3912, -2612.389, 35.91451, 3.962887, 7200, 0, 0, 0, 0, 0, 0, 0, 0, 28153), -- -Unknown- (Area: -Unknown- - Difficulty: 2)
(@CGUID+305, 135289, 1771, 9327, 9327, '0', '11903', 0, 0, 0, -78.06944, -2655.036, 1.923075, 0, 7200, 0, 0, 0, 0, 0, 0, 0, 0, 28153), -- -Unknown- (Area: -Unknown- - Difficulty: 2) (Auras: 191779 - -Unknown-)
(@CGUID+306, 135289, 1771, 9327, 9327, '0', '11903', 0, 0, 0, -83.64063, -2651.519, 1.923075, 0, 7200, 0, 0, 0, 0, 0, 0, 0, 0, 28153), -- -Unknown- (Area: -Unknown- - Difficulty: 2) (Auras: 191779 - -Unknown-)
(@CGUID+307, 135289, 1771, 9327, 9327, '0', '11903', 0, 0, 0, -80.38021, -2657.861, 1.923075, 0, 7200, 0, 0, 0, 0, 0, 0, 0, 0, 28153), -- -Unknown- (Area: -Unknown- - Difficulty: 2) (Auras: 191779 - -Unknown-)
(@CGUID+308, 135289, 1771, 9327, 9327, '0', '11903', 0, 0, 0, -86.2691, -2658.205, 1.923075, 0, 7200, 0, 0, 0, 0, 0, 0, 0, 0, 28153), -- -Unknown- (Area: -Unknown- - Difficulty: 2) (Auras: 191779 - -Unknown-)
(@CGUID+309, 127488, 1771, 9327, 9327, '0', '11903', 0, 0, 0, 158.2083, -2628.028, 59.5301, 5.903792, 7200, 0, 0, 0, 0, 0, 0, 0, 0, 28153), -- -Unknown- (Area: -Unknown- - Difficulty: 2) (Auras: 123168 - -Unknown-)
(@CGUID+310, 127381, 1771, 9327, 9327, '0', '11903', 0, 0, 0, 169.8638, -2616.05, 36.28786, 2.83591, 7200, 0, 0, 0, 0, 0, 0, 0, 0, 28153), -- -Unknown- (Area: -Unknown- - Difficulty: 2)
(@CGUID+311, 127497, 1771, 9327, 9327, '0', '11903', 0, 0, 0, 33.14583, -2610.177, 21.46772, 1.53477, 7200, 0, 0, 0, 0, 0, 0, 0, 0, 28153), -- -Unknown- (Area: -Unknown- - Difficulty: 2) (Auras: 259188 - -Unknown-, 191779 - -Unknown-, 18950 - -Unknown-)
(@CGUID+312, 135273, 1771, 9327, 9327, '0', '11903', 0, 0, 0, 102.2882, -2624.986, 59.52619, 0, 7200, 0, 0, 0, 0, 0, 0, 0, 0, 28153), -- -Unknown- (Area: -Unknown- - Difficulty: 2)
(@CGUID+313, 127497, 1771, 9327, 9327, '0', '11903', 0, 0, 0, 49.89236, -2614.253, 20.97581, 1.470678, 7200, 0, 0, 0, 0, 0, 0, 0, 0, 28153), -- -Unknown- (Area: -Unknown- - Difficulty: 2) (Auras: 259188 - -Unknown-, 191779 - -Unknown-, 18950 - -Unknown-)
(@CGUID+314, 135289, 1771, 9327, 9327, '0', '11903', 0, 0, 0, -83.38715, -2657.905, 1.923075, 0, 7200, 0, 0, 0, 0, 0, 0, 0, 0, 28153), -- -Unknown- (Area: -Unknown- - Difficulty: 2) (Auras: 191779 - -Unknown-)
(@CGUID+315, 135289, 1771, 9327, 9327, '0', '11903', 0, 0, 0, -80.67188, -2651.578, 1.923073, 0, 7200, 0, 0, 0, 0, 0, 0, 0, 0, 28153), -- -Unknown- (Area: -Unknown- - Difficulty: 2) (Auras: 191779 - -Unknown-)
(@CGUID+316, 127381, 1771, 9327, 9327, '0', '11903', 0, 0, 0, 243.7461, -2591.355, 2.155317, 4.310833, 7200, 0, 0, 0, 0, 0, 0, 0, 0, 28153), -- -Unknown- (Area: -Unknown- - Difficulty: 2)
(@CGUID+317, 127381, 1771, 9327, 9327, '0', '11903', 0, 0, 0, 297.4802, -2643.868, -0.4192272, 0.04497943, 7200, 0, 0, 0, 0, 0, 0, 0, 0, 28153), -- -Unknown- (Area: -Unknown- - Difficulty: 2)
(@CGUID+318, 127381, 1771, 9327, 9327, '0', '11903', 0, 0, 0, 219.6259, -2564.535, 0.7130435, 2.662212, 7200, 0, 0, 0, 0, 0, 0, 0, 0, 28153), -- -Unknown- (Area: -Unknown- - Difficulty: 2)
(@CGUID+319, 127381, 1771, 9327, 9327, '0', '11903', 0, 0, 0, 171.0338, -2608.236, 36.21382, 4.967325, 7200, 0, 0, 0, 0, 0, 0, 0, 0, 28153), -- -Unknown- (Area: -Unknown- - Difficulty: 2)
(@CGUID+320, 127381, 1771, 9327, 9327, '0', '11903', 0, 0, 0, 246.6247, -2595.693, 2.262462, 0.8572962, 7200, 0, 0, 0, 0, 0, 0, 0, 0, 28153), -- -Unknown- (Area: -Unknown- - Difficulty: 2)
(@CGUID+321, 127381, 1771, 9327, 9327, '0', '11903', 0, 0, 0, 288.1828, -2636.251, 0.1700106, 0.3910323, 7200, 0, 0, 0, 0, 0, 0, 0, 0, 28153), -- -Unknown- (Area: -Unknown- - Difficulty: 2)
(@CGUID+322, 127381, 1771, 9327, 9327, '0', '11903', 0, 0, 0, 198.8372, -2601.742, 25.2866, 5.669358, 7200, 0, 0, 0, 0, 0, 0, 0, 0, 28153), -- -Unknown- (Area: -Unknown- - Difficulty: 2)
(@CGUID+323, 127477, 1771, 9327, 9327, '0', '11903', 0, 0, 0, 241.4879, -2626.274, 6.205349, 0.1261582, 7200, 0, 0, 0, 0, 0, 0, 0, 0, 28153), -- -Unknown- (Area: -Unknown- - Difficulty: 2) (Auras: 123168 - -Unknown-)
(@CGUID+324, 127381, 1771, 9327, 9327, '0', '11903', 0, 0, 0, 170.8544, -2612.503, 36.37626, 3.13964, 7200, 0, 0, 0, 0, 0, 0, 0, 0, 28153), -- -Unknown- (Area: -Unknown- - Difficulty: 2)
(@CGUID+325, 127381, 1771, 9327, 9327, '0', '11903', 0, 0, 0, 254.9986, -2597.718, 1.65913, 2.782136, 7200, 0, 0, 0, 0, 0, 0, 0, 0, 28153), -- -Unknown- (Area: -Unknown- - Difficulty: 2)
(@CGUID+326, 127381, 1771, 9327, 9327, '0', '11903', 0, 0, 0, 289.0066, -2649.389, 2.874895, 2.023101, 7200, 0, 0, 0, 0, 0, 0, 0, 0, 28153), -- -Unknown- (Area: -Unknown- - Difficulty: 2)
(@CGUID+327, 127381, 1771, 9327, 9327, '0', '11903', 0, 0, 0, 207.5033, -2562.836, 0.8991704, 5.629517, 7200, 0, 0, 0, 0, 0, 0, 0, 0, 28153), -- -Unknown- (Area: -Unknown- - Difficulty: 2)
(@CGUID+328, 135289, 1771, 9327, 9327, '0', '11903', 0, 0, 0, 22.61099, -2587.547, 12.97376, 3.086853, 7200, 0, 0, 0, 0, 0, 0, 0, 0, 28153), -- -Unknown- (Area: -Unknown- - Difficulty: 2) (Auras: 191779 - -Unknown-, 244874 - -Unknown-)
(@CGUID+329, 135289, 1771, 9327, 9327, '0', '11903', 0, 0, 0, 1.550097, -2590.164, 7.702707, 3.43305, 7200, 0, 0, 0, 0, 0, 0, 0, 0, 28153), -- -Unknown- (Area: -Unknown- - Difficulty: 2) (Auras: 191779 - -Unknown-, 244874 - -Unknown-)
(@CGUID+330, 133972, 1771, 9327, 9327, '0', '11903', 0, 0, 0, 122.6997, -2595.123, 61.98591, 1.761425, 7200, 0, 0, 0, 0, 0, 0, 0, 0, 28153), -- -Unknown- (Area: -Unknown- - Difficulty: 2) (Auras: )
(@CGUID+331, 127381, 1771, 9327, 9327, '0', '11903', 0, 0, 0, 245.1354, -2601.365, 2.890268, 2.532466, 7200, 0, 0, 0, 0, 0, 0, 0, 0, 28153), -- -Unknown- (Area: -Unknown- - Difficulty: 2)
(@CGUID+332, 127381, 1771, 9327, 9327, '0', '11903', 0, 0, 0, 305.3274, -2640.241, -1.565689, 0.7287507, 7200, 0, 0, 0, 0, 0, 0, 0, 0, 28153), -- -Unknown- (Area: -Unknown- - Difficulty: 2)
(@CGUID+333, 127381, 1771, 9327, 9327, '0', '11903', 0, 0, 0, 197.1891, -2603.214, 25.2839, 2.548325, 7200, 0, 0, 0, 0, 0, 0, 0, 0, 28153), -- -Unknown- (Area: -Unknown- - Difficulty: 2)
(@CGUID+334, 135289, 1771, 9327, 9327, '0', '11903', 0, 0, 0, 40.8012, -2600.03, 19.15331, 2.095912, 7200, 0, 0, 0, 0, 0, 0, 0, 0, 28153), -- -Unknown- (Area: -Unknown- - Difficulty: 2) (Auras: 191779 - -Unknown-, 244874 - -Unknown-)
(@CGUID+335, 127381, 1771, 9327, 9327, '0', '11903', 0, 0, 0, 220.3359, -2574.157, 1.329743, 0.9968773, 7200, 0, 0, 0, 0, 0, 0, 0, 0, 28153), -- -Unknown- (Area: -Unknown- - Difficulty: 2)
(@CGUID+336, 127381, 1771, 9327, 9327, '0', '11903', 0, 0, 0, 246.997, -2594.173, 2.273899, 2.185804, 7200, 0, 0, 0, 0, 0, 0, 0, 0, 28153), -- -Unknown- (Area: -Unknown- - Difficulty: 2)
(@CGUID+337, 135289, 1771, 9327, 9327, '0', '11903', 0, 0, 0, 51.55729, -2597.021, 20.45259, 1.16634, 7200, 0, 0, 0, 0, 0, 0, 0, 0, 28153), -- -Unknown- (Area: -Unknown- - Difficulty: 2) (Auras: 191779 - -Unknown-)
(@CGUID+338, 127381, 1771, 9327, 9327, '0', '11903', 0, 0, 0, 299.1577, -2644.638, -0.7337677, 0.7107449, 7200, 0, 0, 0, 0, 0, 0, 0, 0, 28153), -- -Unknown- (Area: -Unknown- - Difficulty: 2)
(@CGUID+339, 127381, 1771, 9327, 9327, '0', '11903', 0, 0, 0, 202.1481, -2561.959, 0.6836674, 2.514207, 7200, 0, 0, 0, 0, 0, 0, 0, 0, 28153), -- -Unknown- (Area: -Unknown- - Difficulty: 2)
(@CGUID+340, 127381, 1771, 9327, 9327, '0', '11903', 0, 0, 0, 165.4818, -2611.259, 36.05466, 1.868632, 7200, 0, 0, 0, 0, 0, 0, 0, 0, 28153), -- -Unknown- (Area: -Unknown- - Difficulty: 2)
(@CGUID+341, 135289, 1771, 9327, 9327, '0', '11903', 0, 0, 0, 34.76648, -2640.116, 24.03381, 1.417736, 7200, 0, 0, 0, 0, 0, 0, 0, 0, 28153), -- -Unknown- (Area: -Unknown- - Difficulty: 2) (Auras: 191779 - -Unknown-, 244874 - -Unknown-)
(@CGUID+342, 130685, 1771, 9327, 9327, '0', '11903', 0, 0, 0, 154.9107, -2663.547, 111.2403, 3.726368, 7200, 10, 0, 0, 0, 1, 0, 0, 0, 28153), -- -Unknown- (Area: -Unknown- - Difficulty: 2) (Auras: 123168 - -Unknown-, 151540 - -Unknown-) (possible waypoints or random movement)
(@CGUID+343, 130685, 1771, 9327, 9327, '0', '11903', 0, 0, 0, 159.8215, -2672.294, 124.9832, 4.638855, 7200, 0, 0, 0, 0, 0, 0, 0, 0, 28153), -- -Unknown- (Area: -Unknown- - Difficulty: 2) (Auras: 123168 - -Unknown-, 151540 - -Unknown-)
(@CGUID+344, 135289, 1771, 9327, 9327, '0', '11903', 0, 0, 0, -81.63889, -2662.498, 1.923074, 2.666088, 7200, 0, 0, 0, 0, 0, 0, 0, 0, 28153), -- -Unknown- (Area: -Unknown- - Difficulty: 2) (Auras: 191779 - -Unknown-, 244874 - -Unknown-)
(@CGUID+345, 127381, 1771, 9327, 9327, '0', '11903', 0, 0, 0, 222.7856, -2557.831, 1.062849, 0.2299977, 7200, 0, 0, 0, 0, 0, 0, 0, 0, 28153), -- -Unknown- (Area: -Unknown- - Difficulty: 2)
(@CGUID+346, 130685, 1771, 9327, 9327, '0', '11903', 0, 0, 0, 179.5179, -2645.012, 65.80876, 5.290695, 7200, 10, 0, 0, 0, 1, 0, 0, 0, 28153), -- -Unknown- (Area: -Unknown- - Difficulty: 2) (Auras: 123168 - -Unknown-, 151540 - -Unknown-) (possible waypoints or random movement)
(@CGUID+347, 135289, 1771, 9327, 9327, '0', '11903', 0, 0, 0, 34.60838, -2641.141, 24.09723, 1.417736, 7200, 0, 0, 0, 0, 0, 0, 0, 0, 28153), -- -Unknown- (Area: -Unknown- - Difficulty: 2) (Auras: 191779 - -Unknown-, 244874 - -Unknown-)
(@CGUID+348, 135289, 1771, 9327, 9327, '0', '11903', 0, 0, 0, -81.63889, -2662.498, 1.923074, 2.666088, 7200, 0, 0, 0, 0, 0, 0, 0, 0, 28153), -- -Unknown- (Area: -Unknown- - Difficulty: 2) (Auras: 191779 - -Unknown-, 244874 - -Unknown-)
(@CGUID+349, 130685, 1771, 9327, 9327, '0', '11903', 0, 0, 0, 54.83971, -2636.737, 51.1176, 6.159214, 7200, 10, 0, 0, 0, 1, 0, 0, 0, 28153), -- -Unknown- (Area: -Unknown- - Difficulty: 2) (Auras: 123168 - -Unknown-, 151540 - -Unknown-) (possible waypoints or random movement)
(@CGUID+350, 130685, 1771, 9327, 9327, '0', '11903', 0, 0, 0, 149.0811, -2659.286, 118.0438, 4.305686, 7200, 0, 0, 0, 0, 0, 0, 0, 0, 28153), -- -Unknown- (Area: -Unknown- - Difficulty: 2) (Auras: 123168 - -Unknown-, 151540 - -Unknown-)
(@CGUID+351, 130685, 1771, 9327, 9327, '0', '11903', 0, 0, 0, 181.68, -2671.017, 121.9033, 4.705732, 7200, 0, 0, 0, 0, 0, 0, 0, 0, 28153), -- -Unknown- (Area: -Unknown- - Difficulty: 2) (Auras: 123168 - -Unknown-, 151540 - -Unknown-)
(@CGUID+352, 130685, 1771, 9327, 9327, '0', '11903', 0, 0, 0, 202.3703, -2677.325, 113.5649, 3.417747, 7200, 0, 0, 0, 0, 0, 0, 0, 0, 28153), -- -Unknown- (Area: -Unknown- - Difficulty: 2) (Auras: 123168 - -Unknown-, 151540 - -Unknown-)
(@CGUID+353, 130685, 1771, 9327, 9327, '0', '11903', 0, 0, 0, 150.0205, -2652.656, 115.3145, 4.022576, 7200, 0, 0, 0, 0, 0, 0, 0, 0, 28153), -- -Unknown- (Area: -Unknown- - Difficulty: 2) (Auras: 123168 - -Unknown-, 151540 - -Unknown-)
(@CGUID+354, 133605, 1771, 9327, 9327, '0', '11903', 0, 0, 0, 72.56717, -2771.25, 3.663046, 5.096596, 7200, 0, 0, 0, 0, 0, 0, 0, 0, 28153), -- -Unknown- (Area: -Unknown- - Difficulty: 2) (Auras: 123169 - -Unknown-)
(@CGUID+355, 135535, 1771, 9327, 9327, '0', '11903', 0, 0, 0, 196.4409, -2847.68, 1.143726, 3.292652, 7200, 0, 0, 0, 0, 0, 0, 0, 0, 28153), -- -Unknown- (Area: -Unknown- - Difficulty: 2) (Auras: 266118 - -Unknown-)
(@CGUID+356, 130685, 1771, 9327, 9327, '0', '11903', 0, 0, 0, 265.7708, -2672.289, 69.11612, 2.550198, 7200, 10, 0, 0, 0, 1, 0, 0, 0, 28153), -- -Unknown- (Area: -Unknown- - Difficulty: 2) (Auras: 123168 - -Unknown-, 151540 - -Unknown-) (possible waypoints or random movement)
(@CGUID+357, 127499, 1771, 9327, 9327, '0', '11903', 0, 0, 0, 14.62847, -2617.91, 22.00737, 2.271626, 7200, 0, 0, 0, 0, 0, 0, 0, 0, 28153), -- -Unknown- (Area: -Unknown- - Difficulty: 2) (Auras: 123168 - -Unknown-, 191779 - -Unknown-)
(@CGUID+358, 127499, 1771, 9327, 9327, '0', '11903', 0, 0, 0, 64.90799, -2608.57, 18.62841, 1.413134, 7200, 0, 0, 0, 0, 0, 0, 0, 0, 28153), -- -Unknown- (Area: -Unknown- - Difficulty: 2) (Auras: 123168 - -Unknown-, 191779 - -Unknown-)
(@CGUID+359, 130027, 1771, 9327, 9327, '0', '11903', 0, 0, 0, 151.4028, -2640.313, 62.17014, 5.74421, 7200, 0, 0, 0, 0, 0, 0, 0, 0, 28153), -- -Unknown- (Area: -Unknown- - Difficulty: 2) (Auras: 123168 - -Unknown-)
(@CGUID+360, 127477, 1771, 9327, 9327, '0', '11903', 0, 0, 0, 248.0191, -2563.705, 0.9778475, 0.1261582, 7200, 0, 0, 0, 0, 0, 0, 0, 0, 28153), -- -Unknown- (Area: -Unknown- - Difficulty: 2) (Auras: 123168 - -Unknown-)
(@CGUID+361, 130683, 1771, 9327, 9327, '0', '11903', 0, 0, 0, 121.4236, -2631.759, 34.20373, 0, 7200, 0, 0, 0, 0, 0, 0, 0, 0, 28153), -- -Unknown- (Area: -Unknown- - Difficulty: 2) (Auras: 123168 - -Unknown-)
(@CGUID+362, 130027, 1771, 9327, 9327, '0', '11903', 0, 0, 0, 104.6181, -2624.585, 59.53006, 1.048247, 7200, 0, 0, 0, 0, 0, 0, 0, 0, 28153), -- -Unknown- (Area: -Unknown- - Difficulty: 2) (Auras: 123168 - -Unknown-)
(@CGUID+363, 127499, 1771, 9327, 9327, '0', '11903', 0, 0, 0, 57.97049, -2599.892, 20.20393, 1.27052, 7200, 0, 0, 0, 0, 0, 0, 0, 0, 28153), -- -Unknown- (Area: -Unknown- - Difficulty: 2) (Auras: 123168 - -Unknown-, 191779 - -Unknown-)
(@CGUID+364, 127499, 1771, 9327, 9327, '0', '11903', 0, 0, 0, 44.37153, -2591.595, 19.21596, 1.460952, 7200, 0, 0, 0, 0, 0, 0, 0, 0, 28153), -- -Unknown- (Area: -Unknown- - Difficulty: 2) (Auras: 123168 - -Unknown-, 191779 - -Unknown-)
(@CGUID+365, 127499, 1771, 9327, 9327, '0', '11903', 0, 0, 0, -5.333333, -2638.703, 22.74054, 3.048214, 7200, 0, 0, 0, 0, 0, 0, 0, 0, 28153), -- -Unknown- (Area: -Unknown- - Difficulty: 2) (Auras: 123168 - -Unknown-, 191779 - -Unknown-)
(@CGUID+366, 130685, 1771, 9327, 9327, '0', '11903', 0, 0, 0, 141.1007, -2637.571, 76.81901, 1.295125, 7200, 0, 0, 0, 0, 0, 0, 0, 0, 28153), -- -Unknown- (Area: -Unknown- - Difficulty: 2) (Auras: 123168 - -Unknown-)
(@CGUID+367, 130027, 1771, 9327, 9327, '0', '11903', 0, 0, 0, 155.3194, -2636.349, 61.39009, 4.27086, 7200, 0, 0, 0, 0, 0, 0, 0, 0, 28153), -- -Unknown- (Area: -Unknown- - Difficulty: 2) (Auras: 123168 - -Unknown-)
(@CGUID+368, 130683, 1771, 9327, 9327, '0', '11903', 0, 0, 0, 119.1111, -2632.922, 35.19367, 0, 7200, 0, 0, 0, 0, 0, 0, 0, 0, 28153), -- -Unknown- (Area: -Unknown- - Difficulty: 2) (Auras: 123168 - -Unknown-)
(@CGUID+369, 130685, 1771, 9327, 9327, '0', '11903', 0, 0, 0, 144.2465, -2639.686, 77.13449, 0.5144439, 7200, 0, 0, 0, 0, 0, 0, 0, 0, 28153), -- -Unknown- (Area: -Unknown- - Difficulty: 2) (Auras: 123168 - -Unknown-)
(@CGUID+370, 127499, 1771, 9327, 9327, '0', '11903', 0, 0, 0, 23.20313, -2613.363, 22.32417, 2.596751, 7200, 0, 0, 0, 0, 0, 0, 0, 0, 28153), -- -Unknown- (Area: -Unknown- - Difficulty: 2) (Auras: 123168 - -Unknown-, 191779 - -Unknown-)
(@CGUID+371, 130685, 1771, 9327, 9327, '0', '11903', 0, 0, 0, 142.4653, -2639.092, 77.18918, 1.165383, 7200, 0, 0, 0, 0, 0, 0, 0, 0, 28153), -- -Unknown- (Area: -Unknown- - Difficulty: 2) (Auras: 123168 - -Unknown-)
(@CGUID+372, 130027, 1771, 9327, 9327, '0', '11903', 0, 0, 0, 191.3993, -2643.019, 59.53022, 5.318143, 7200, 0, 0, 0, 0, 0, 0, 0, 0, 28153), -- -Unknown- (Area: -Unknown- - Difficulty: 2) (Auras: 123168 - -Unknown-)
(@CGUID+373, 130027, 1771, 9327, 9327, '0', '11903', 0, 0, 0, 152.2153, -2637.764, 59.80384, 5.781968, 7200, 0, 0, 0, 0, 0, 0, 0, 0, 28153), -- -Unknown- (Area: -Unknown- - Difficulty: 2) (Auras: 123168 - -Unknown-)
(@CGUID+374, 130025, 1771, 9327, 9327, '0', '11903', 0, 0, 0, 129.2483, -2621.243, 49.5794, 2.099061, 7200, 0, 0, 0, 0, 0, 0, 0, 0, 28153), -- -Unknown- (Area: -Unknown- - Difficulty: 2) (Auras: 265731 - -Unknown-, 130966 - -Unknown-)
(@CGUID+375, 130027, 1771, 9327, 9327, '0', '11903', 0, 0, 0, 107.2865, -2626.542, 59.53001, 1.315202, 7200, 0, 0, 0, 0, 0, 0, 0, 0, 28153), -- -Unknown- (Area: -Unknown- - Difficulty: 2) (Auras: 123168 - -Unknown-)
(@CGUID+376, 130683, 1771, 9327, 9327, '0', '11903', 0, 0, 0, 122.934, -2632.377, 27.99131, 0, 7200, 0, 0, 0, 0, 0, 0, 0, 0, 28153), -- -Unknown- (Area: -Unknown- - Difficulty: 2) (Auras: 123168 - -Unknown-)
(@CGUID+377, 130027, 1771, 9327, 9327, '0', '11903', 0, 0, 0, -68.40104, -2655.851, 1.923313, 3.230364, 7200, 0, 0, 0, 0, 0, 0, 0, 0, 28153), -- -Unknown- (Area: -Unknown- - Difficulty: 2) (Auras: 123168 - -Unknown-, 191779 - -Unknown-)
(@CGUID+378, 127499, 1771, 9327, 9327, '0', '11903', 0, 0, 0, 24.88194, -2583.47, 13.26953, 1.45517, 7200, 0, 0, 0, 0, 0, 0, 0, 0, 28153), -- -Unknown- (Area: -Unknown- - Difficulty: 2) (Auras: 123168 - -Unknown-, 191779 - -Unknown-)
(@CGUID+379, 127499, 1771, 9327, 9327, '0', '11903', 0, 0, 0, 5.239583, -2585.049, 8.947435, 1.497717, 7200, 0, 0, 0, 0, 0, 0, 0, 0, 28153), -- -Unknown- (Area: -Unknown- - Difficulty: 2) (Auras: 123168 - -Unknown-, 191779 - -Unknown-)
(@CGUID+380, 130685, 1771, 9327, 9327, '0', '11903', 0, 0, 0, 34.64171, -2586.449, 59.41977, 5.149544, 7200, 0, 0, 0, 0, 0, 0, 0, 0, 28153), -- -Unknown- (Area: -Unknown- - Difficulty: 2) (Auras: 123168 - -Unknown-, 151540 - -Unknown-)
(@CGUID+381, 127499, 1771, 9327, 9327, '0', '11903', 0, 0, 0, 18.06771, -2580.557, 11.66851, 1.510527, 7200, 0, 0, 0, 0, 0, 0, 0, 0, 28153), -- -Unknown- (Area: -Unknown- - Difficulty: 2) (Auras: 123168 - -Unknown-, 191779 - -Unknown-)
(@CGUID+382, 130685, 1771, 9327, 9327, '0', '11903', 0, 0, 0, -21.44921, -2596.576, 71.3382, 5.114986, 7200, 10, 0, 0, 0, 1, 0, 0, 0, 28153), -- -Unknown- (Area: -Unknown- - Difficulty: 2) (Auras: 123168 - -Unknown-, 151540 - -Unknown-) (possible waypoints or random movement)
(@CGUID+383, 130685, 1771, 9327, 9327, '0', '11903', 0, 0, 0, 174.2923, -2579.411, 47.91137, 3.818487, 7200, 0, 0, 0, 0, 0, 0, 0, 0, 28153), -- -Unknown- (Area: -Unknown- - Difficulty: 2) (Auras: 123168 - -Unknown-, 151540 - -Unknown-)
(@CGUID+384, 130685, 1771, 9327, 9327, '0', '11903', 0, 0, 0, 112.825, -2558.632, 64.81348, 4.940137, 7200, 0, 0, 0, 0, 0, 0, 0, 0, 28153), -- -Unknown- (Area: -Unknown- - Difficulty: 2) (Auras: 123168 - -Unknown-, 151540 - -Unknown-)
(@CGUID+385, 127479, 1771, 9327, 9327, '0', '11903', 0, 0, 0, 119.8559, -2743.337, 3.821523, 4.58745, 7200, 0, 0, 0, 0, 0, 0, 0, 0, 28153), -- -Unknown- (Area: -Unknown- - Difficulty: 2) (Auras: )
(@CGUID+386, 113845, 1771, 9327, 9327, '0', '11903', 0, 0, 0, 92.08134, -2766.029, 3.975786, 0.6204703, 7200, 0, 0, 0, 0, 0, 0, 0, 0, 28153), -- -Unknown- (Area: -Unknown- - Difficulty: 2)
(@CGUID+387, 135635, 1771, 9327, 9327, '0', '11903', 0, 0, 0, 130.2361, -2700.757, 29.27194, 1.042996, 7200, 0, 0, 0, 0, 0, 0, 0, 0, 28153), -- -Unknown- (Area: -Unknown- - Difficulty: 2) (Auras: 266463 - -Unknown-)
(@CGUID+388, 135633, 1771, 9327, 9327, '0', '11903', 0, 0, 0, 144.6198, -2709.634, 29.27202, 0.9729481, 7200, 0, 0, 0, 0, 0, 0, 0, 0, 28153), -- -Unknown- (Area: -Unknown- - Difficulty: 2) (Auras: 266463 - -Unknown-)
(@CGUID+389, 135624, 1771, 9327, 9327, '0', '11903', 0, 0, 0, 176.5764, -2663.733, 29.27203, 4.025016, 7200, 0, 0, 0, 0, 0, 0, 0, 0, 28153), -- -Unknown- (Area: -Unknown- - Difficulty: 2) (Auras: 266463 - -Unknown-)
(@CGUID+390, 135629, 1771, 9327, 9327, '0', '11903', 0, 0, 0, 169.1163, -2659.63, 29.272, 4.115815, 7200, 0, 0, 0, 0, 0, 0, 0, 0, 28153), -- -Unknown- (Area: -Unknown- - Difficulty: 2) (Auras: 266463 - -Unknown-)
(@CGUID+391, 127480, 1771, 9327, 9327, '0', '11903', 0, 0, 0, 132.1372, -2717.743, 5.546876, 0, 7200, 0, 0, 0, 0, 0, 0, 0, 0, 28153), -- -Unknown- (Area: -Unknown- - Difficulty: 2) (Auras: 196285 - -Unknown-)
(@CGUID+392, 127480, 1771, 9327, 9327, '0', '11903', 0, 0, 0, 134.4444, -2719.385, 5.033646, 0, 7200, 0, 0, 0, 0, 0, 0, 0, 0, 28153), -- -Unknown- (Area: -Unknown- - Difficulty: 2) (Auras: 196285 - -Unknown-)
(@CGUID+393, 127480, 1771, 9327, 9327, '0', '11903', 0, 0, 0, 131.776, -2718.988, 5.434786, 0, 7200, 0, 0, 0, 0, 0, 0, 0, 0, 28153), -- -Unknown- (Area: -Unknown- - Difficulty: 2) (Auras: 196285 - -Unknown-)
(@CGUID+394, 127480, 1771, 9327, 9327, '0', '11903', 0, 0, 0, 134.4514, -2718.712, 5.028065, 0, 7200, 0, 0, 0, 0, 0, 0, 0, 0, 28153), -- -Unknown- (Area: -Unknown- - Difficulty: 2) (Auras: 196285 - -Unknown-)
(@CGUID+395, 127480, 1771, 9327, 9327, '0', '11903', 0, 0, 0, 133.0278, -2716.399, 5.521718, 0, 7200, 0, 0, 0, 0, 0, 0, 0, 0, 28153), -- -Unknown- (Area: -Unknown- - Difficulty: 2) (Auras: 196285 - -Unknown-)
(@CGUID+396, 127480, 1771, 9327, 9327, '0', '11903', 0, 0, 0, 135.8281, -2720.781, 5.478844, 0, 7200, 0, 0, 0, 0, 0, 0, 0, 0, 28153), -- -Unknown- (Area: -Unknown- - Difficulty: 2) (Auras: 196285 - -Unknown-)
(@CGUID+397, 127480, 1771, 9327, 9327, '0', '11903', 0, 0, 0, 136.1181, -2719.632, 5.38419, 0, 7200, 0, 0, 0, 0, 0, 0, 0, 0, 28153), -- -Unknown- (Area: -Unknown- - Difficulty: 2) (Auras: 196285 - -Unknown-)
(@CGUID+398, 127480, 1771, 9327, 9327, '0', '11903', 0, 0, 0, 112.2413, -2703.964, 5.083149, 0, 7200, 0, 0, 0, 0, 0, 0, 0, 0, 28153), -- -Unknown- (Area: -Unknown- - Difficulty: 2) (Auras: 196285 - -Unknown-)
(@CGUID+399, 127480, 1771, 9327, 9327, '0', '11903', 0, 0, 0, 112.1719, -2704.946, 5.261398, 0, 7200, 0, 0, 0, 0, 0, 0, 0, 0, 28153), -- -Unknown- (Area: -Unknown- - Difficulty: 2) (Auras: 196285 - -Unknown-)
(@CGUID+400, 127480, 1771, 9327, 9327, '0', '11903', 0, 0, 0, 109.1319, -2702.172, 5.145957, 0, 7200, 0, 0, 0, 0, 0, 0, 0, 0, 28153), -- -Unknown- (Area: -Unknown- - Difficulty: 2) (Auras: 196285 - -Unknown-)
(@CGUID+401, 127480, 1771, 9327, 9327, '0', '11903', 0, 0, 0, 111.2083, -2702.675, 4.991117, 0, 7200, 0, 0, 0, 0, 0, 0, 0, 0, 28153), -- -Unknown- (Area: -Unknown- - Difficulty: 2) (Auras: 196285 - -Unknown-)
(@CGUID+402, 127480, 1771, 9327, 9327, '0', '11903', 0, 0, 0, 109.375, -2703.575, 5.582652, 0, 7200, 0, 0, 0, 0, 0, 0, 0, 0, 28153), -- -Unknown- (Area: -Unknown- - Difficulty: 2) (Auras: 196285 - -Unknown-)
(@CGUID+403, 127480, 1771, 9327, 9327, '0', '11903', 0, 0, 0, 112.8524, -2701.92, 5.173181, 0, 7200, 0, 0, 0, 0, 0, 0, 0, 0, 28153), -- -Unknown- (Area: -Unknown- - Difficulty: 2) (Auras: 196285 - -Unknown-)
(@CGUID+404, 127480, 1771, 9327, 9327, '0', '11903', 0, 0, 0, 111.224, -2700.88, 5.365402, 0, 7200, 0, 0, 0, 0, 0, 0, 0, 0, 28153), -- -Unknown- (Area: -Unknown- - Difficulty: 2) (Auras: 196285 - -Unknown-)
(@CGUID+405, 127478, 1771, 9327, 9327, '0', '11903', 0, 0, 0, 124.2448, -2663.583, 12.61424, 0, 7200, 0, 0, 0, 0, 0, 0, 0, 0, 28153), -- -Unknown- (Area: -Unknown- - Difficulty: 2) (Auras: 259242 - -Unknown-)
(@CGUID+406, 127478, 1771, 9327, 9327, '0', '11903', 0, 0, 0, 119.9149, -2666.945, 12.61424, 0, 7200, 0, 0, 0, 0, 0, 0, 0, 0, 28153), -- -Unknown- (Area: -Unknown- - Difficulty: 2) (Auras: 259242 - -Unknown-)
(@CGUID+407, 113845, 1771, 9327, 9327, '0', '11903', 0, 0, 0, 138.6033, -2654.911, 44.22728, 3.565712, 7200, 0, 0, 0, 0, 0, 0, 0, 0, 28153), -- -Unknown- (Area: -Unknown- - Difficulty: 2)
(@CGUID+408, 127478, 1771, 9327, 9327, '0', '11903', 0, 0, 0, 147.9983, -2671.231, 12.55014, 2.391556, 7200, 0, 0, 0, 0, 0, 0, 0, 0, 28153), -- -Unknown- (Area: -Unknown- - Difficulty: 2) (Auras: 259242 - -Unknown-)
(@CGUID+409, 127478, 1771, 9327, 9327, '0', '11903', 0, 0, 0, 154.842, -2691.021, 12.29346, 5.843143, 7200, 0, 0, 0, 0, 0, 0, 0, 0, 28153), -- -Unknown- (Area: -Unknown- - Difficulty: 2) (Auras: 259242 - -Unknown-)
(@CGUID+410, 130087, 1771, 9327, 9327, '0', '11903', 0, 0, 0, 164.75, -2650.49, 44.53813, 4.171337, 7200, 0, 0, 0, 0, 0, 0, 0, 0, 28153), -- -Unknown- (Area: -Unknown- - Difficulty: 2) (Auras: 123168 - -Unknown-)
(@CGUID+411, 130087, 1771, 9327, 9327, '0', '11903', 0, 0, 0, 172.0712, -2654.991, 44.53813, 4.171337, 7200, 0, 0, 0, 0, 0, 0, 0, 0, 28153), -- -Unknown- (Area: -Unknown- - Difficulty: 2) (Auras: 123168 - -Unknown-)
(@CGUID+412, 130087, 1771, 9327, 9327, '0', '11903', 0, 0, 0, 178.9948, -2660.045, 44.53817, 4.171337, 7200, 0, 0, 0, 0, 0, 0, 0, 0, 28153), -- -Unknown- (Area: -Unknown- - Difficulty: 2) (Auras: 123168 - -Unknown-)
(@CGUID+413, 130087, 1771, 9327, 9327, '0', '11903', 0, 0, 0, 140.9653, -2714.181, 44.53812, 1.029744, 7200, 0, 0, 0, 0, 0, 0, 0, 0, 28153), -- -Unknown- (Area: -Unknown- - Difficulty: 2) (Auras: 123168 - -Unknown-)
(@CGUID+414, 130087, 1771, 9327, 9327, '0', '11903', 0, 0, 0, 133.8819, -2709.866, 44.5381, 1.029744, 7200, 0, 0, 0, 0, 0, 0, 0, 0, 28153), -- -Unknown- (Area: -Unknown- - Difficulty: 2) (Auras: 123168 - -Unknown-)
(@CGUID+415, 127478, 1771, 9327, 9327, '0', '11903', 0, 0, 0, 167.4358, -2699.524, 13.73005, 0, 7200, 0, 0, 0, 0, 0, 0, 0, 0, 28153), -- -Unknown- (Area: -Unknown- - Difficulty: 2) (Auras: 259242 - -Unknown-)
(@CGUID+416, 130655, 1771, 9327, 9327, '0', '11903', 0, 0, 0, 136.7286, -2692.397, 44.27254, 0.1115343, 7200, 0, 0, 0, 0, 0, 0, 0, 0, 28153), -- Bobby Howlis (Area: -Unknown- - Difficulty: 2) (Auras: 188236 - -Unknown-)
(@CGUID+417, 130683, 1771, 9327, 9327, '0', '11903', 0, 0, 0, 147.3889, -2675.224, 29.90658, 0, 7200, 0, 0, 0, 0, 0, 0, 0, 0, 28153), -- -Unknown- (Area: -Unknown- - Difficulty: 2) (Auras: 123168 - -Unknown-)
(@CGUID+418, 135706, 1771, 9327, 9327, '0', '11903', 0, 0, 0, -0.25, -0.25, -0.1, 0.785398, 7200, 0, 0, 0, 0, 0, 0, 0, 0, 28153), -- -Unknown- (Area: -Unknown- - Difficulty: 2) (Auras: 237554 - -Unknown-) - !!! on transport - transport template not found !!!
(@CGUID+419, 127478, 1771, 9327, 9327, '0', '11903', 0, 0, 0, 169.724, -2728.385, 19.49837, 0, 7200, 0, 0, 0, 0, 0, 0, 0, 0, 28153), -- -Unknown- (Area: -Unknown- - Difficulty: 2) (Auras: 259242 - -Unknown-)
(@CGUID+420, 127478, 1771, 9327, 9327, '0', '11903', 0, 0, 0, 142.8872, -2686.507, 12.61424, 0, 7200, 0, 0, 0, 0, 0, 0, 0, 0, 28153), -- -Unknown- (Area: -Unknown- - Difficulty: 2) (Auras: 259242 - -Unknown-)
(@CGUID+421, 127478, 1771, 9327, 9327, '0', '11903', 0, 0, 0, 176.1198, -2687.385, 13.73005, 0, 7200, 0, 0, 0, 0, 0, 0, 0, 0, 28153), -- -Unknown- (Area: -Unknown- - Difficulty: 2) (Auras: 259242 - -Unknown-)
(@CGUID+422, 130683, 1771, 9327, 9327, '0', '11903', 0, 0, 0, 124.0972, -2677.641, 28.96113, 0, 7200, 0, 0, 0, 0, 0, 0, 0, 0, 28153), -- -Unknown- (Area: -Unknown- - Difficulty: 2) (Auras: 123168 - -Unknown-)
(@CGUID+423, 127478, 1771, 9327, 9327, '0', '11903', 0, 0, 0, 191.6006, -2701.28, 26.72524, 0.2400891, 7200, 0, 0, 0, 0, 0, 0, 0, 0, 28153), -- -Unknown- (Area: -Unknown- - Difficulty: 2) (Auras: 259242 - -Unknown-)
(@CGUID+424, 130683, 1771, 9327, 9327, '0', '11903', 0, 0, 0, 114.1354, -2693.148, 29.27201, 1.205398, 7200, 0, 0, 0, 0, 0, 0, 0, 0, 28153), -- -Unknown- (Area: -Unknown- - Difficulty: 2) (Auras: 123168 - -Unknown-)
(@CGUID+425, 130683, 1771, 9327, 9327, '0', '11903', 0, 0, 0, 171.3507, -2689.109, 44.22727, 0, 7200, 0, 0, 0, 0, 0, 0, 0, 0, 28153), -- -Unknown- (Area: -Unknown- - Difficulty: 2) (Auras: 123168 - -Unknown-)
(@CGUID+426, 135273, 1771, 9327, 9327, '0', '11903', 0, 0, 0, 63.92881, -2677.893, 60.98921, 1.782742, 7200, 0, 0, 0, 0, 0, 0, 0, 0, 28153), -- -Unknown- (Area: -Unknown- - Difficulty: 2)
(@CGUID+428, 135273, 1771, 9327, 9327, '0', '11903', 0, 0, 0, 77.50174, -2677.653, 60.91631, 0, 7200, 0, 0, 0, 0, 0, 0, 0, 0, 28153), -- -Unknown- (Area: -Unknown- - Difficulty: 2) (Auras: 262305 - -Unknown-)
(@CGUID+429, 135273, 1771, 9327, 9327, '0', '11903', 0, 0, 0, 77.50174, -2677.653, 60.91631, 0, 7200, 0, 0, 0, 0, 0, 0, 0, 0, 28153), -- -Unknown- (Area: -Unknown- - Difficulty: 2) (Auras: 262305 - -Unknown-)
(@CGUID+430, 135273, 1771, 9327, 9327, '0', '11903', 0, 0, 0, 62.10938, -2686.373, 60.91629, 0, 7200, 0, 0, 0, 0, 0, 0, 0, 0, 28153), -- -Unknown- (Area: -Unknown- - Difficulty: 2) (Auras: 262305 - -Unknown-)
(@CGUID+431, 135273, 1771, 9327, 9327, '0', '11903', 0, 0, 0, 63.20765, -2668.832, 60.98921, 1.817662, 7200, 0, 0, 0, 0, 0, 0, 0, 0, 28153), -- -Unknown- (Area: -Unknown- - Difficulty: 2)
(@CGUID+432, 135273, 1771, 9327, 9327, '0', '11903', 0, 0, 0, 66.46007, -2696.208, 60.91632, 0, 7200, 0, 0, 0, 0, 0, 0, 0, 0, 28153), -- -Unknown- (Area: -Unknown- - Difficulty: 2) (Auras: 262305 - -Unknown-)
(@CGUID+433, 135273, 1771, 9327, 9327, '0', '11903', 0, 0, 0, 69.54514, -2692.198, 60.91632, 0, 7200, 0, 0, 0, 0, 0, 0, 0, 0, 28153), -- -Unknown- (Area: -Unknown- - Difficulty: 2) (Auras: 262305 - -Unknown-)
(@CGUID+434, 135273, 1771, 9327, 9327, '0', '11903', 0, 0, 0, 65.69097, -2670.795, 60.91636, 0, 7200, 0, 0, 0, 0, 0, 0, 0, 0, 28153), -- -Unknown- (Area: -Unknown- - Difficulty: 2) (Auras: 262305 - -Unknown-)
(@CGUID+435, 135273, 1771, 9327, 9327, '0', '11903', 0, 0, 0, 77.50174, -2677.653, 60.91631, 0, 7200, 0, 0, 0, 0, 0, 0, 0, 0, 28153), -- -Unknown- (Area: -Unknown- - Difficulty: 2) (Auras: 262305 - -Unknown-)
(@CGUID+436, 113845, 1771, 9327, 9327, '0', '11903', 0, 0, 0, 128.0751, -2681.832, 74.52015, 2.407811, 7200, 0, 0, 0, 0, 0, 0, 0, 0, 28153), -- -Unknown- (Area: -Unknown- - Difficulty: 2)
(@CGUID+437, 113845, 1771, 9327, 9327, '0', '11903', 0, 0, 0, 119.5248, -2671.916, 74.52016, 1.237567, 7200, 0, 0, 0, 0, 0, 0, 0, 0, 28153), -- -Unknown- (Area: -Unknown- - Difficulty: 2)
(@CGUID+438, 129271, 1771, 9327, 9327, '0', '11903', 0, 0, 0, 121.3694, -2663.016, 74.60952, 3.836683, 7200, 0, 0, 0, 0, 0, 0, 0, 0, 28153), -- -Unknown- (Area: -Unknown- - Difficulty: 2) (Auras: )
(@CGUID+439, 129274, 1771, 9327, 9327, '0', '11903', 0, 0, 0, 0, 0, 0, 0, 7200, 0, 0, 0, 0, 0, 0, 0, 0, 28153), -- -Unknown- (Area: -Unknown- - Difficulty: 2) (Auras: 46598 - -Unknown-) - !!! on transport - transport template not found !!!
(@CGUID+440, 129271, 1771, 9327, 9327, '0', '11903', 0, 0, 0, 117.9847, -2663.649, 74.59937, 3.558522, 7200, 0, 0, 0, 0, 0, 0, 0, 0, 28153), -- -Unknown- (Area: -Unknown- - Difficulty: 2) (Auras: )
(@CGUID+441, 129274, 1771, 9327, 9327, '0', '11903', 0, 0, 0, 0, 0, 0, 2.094395, 7200, 0, 0, 0, 0, 0, 0, 0, 0, 28153), -- -Unknown- (Area: -Unknown- - Difficulty: 2) (Auras: 46598 - -Unknown-) - !!! on transport - transport template not found !!!
(@CGUID+442, 129271, 1771, 9327, 9327, '0', '11903', 0, 0, 0, 117.9847, -2663.649, 74.59937, 3.124565, 7200, 0, 0, 0, 0, 0, 0, 0, 0, 28153), -- -Unknown- (Area: -Unknown- - Difficulty: 2) (Auras: )
(@CGUID+443, 129274, 1771, 9327, 9327, '0', '11903', 0, 0, 0, 0, 0, 0, 1.047198, 7200, 0, 0, 0, 0, 0, 0, 0, 0, 28153), -- -Unknown- (Area: -Unknown- - Difficulty: 2) (Auras: 46598 - -Unknown-) - !!! on transport - transport template not found !!!
(@CGUID+444, 129271, 1771, 9327, 9327, '0', '11903', 0, 0, 0, 141.1195, -2650.989, 74.59937, 1.901447, 7200, 0, 0, 0, 0, 0, 0, 0, 0, 28153); -- -Unknown- (Area: -Unknown- - Difficulty: 2) (Auras: )

DELETE FROM `creature_addon` WHERE `guid` BETWEEN @CGUID+0 AND @CGUID+444;
INSERT INTO `creature_addon` (`guid`, `path_id`, `mount`, `bytes1`, `bytes2`, `emote`, `aiAnimKit`, `movementAnimKit`, `meleeAnimKit`, `auras`) VALUES
(@CGUID+1, 0, 0, 0, 1, 0, 0, 0, 0, '262305'), -- -Unknown- - 262305 - -Unknown-
(@CGUID+2, 0, 0, 0, 1, 0, 0, 0, 0, '262305'), -- -Unknown- - 262305 - -Unknown-
(@CGUID+3, 0, 0, 0, 1, 0, 0, 0, 0, '262305'), -- -Unknown- - 262305 - -Unknown-
(@CGUID+4, 0, 0, 0, 1, 0, 0, 0, 0, ''), -- -Unknown-
(@CGUID+5, 0, 0, 0, 1, 0, 0, 0, 0, ''), -- -Unknown-
(@CGUID+6, 0, 0, 8, 1, 0, 0, 0, 0, ''), -- -Unknown-
(@CGUID+7, 0, 0, 0, 1, 0, 0, 0, 0, ''), -- -Unknown-
(@CGUID+8, 0, 0, 8, 1, 0, 0, 0, 0, ''), -- -Unknown-
(@CGUID+9, 0, 0, 0, 1, 0, 0, 0, 0, ''), -- -Unknown-
(@CGUID+10, 0, 0, 0, 1, 0, 0, 0, 0, '196285'), -- -Unknown- - 196285 - -Unknown-
(@CGUID+11, 0, 0, 8, 1, 0, 0, 0, 0, ''), -- -Unknown-
(@CGUID+12, 0, 0, 0, 1, 0, 0, 0, 0, '196285'), -- -Unknown- - 196285 - -Unknown-
(@CGUID+13, 0, 0, 0, 1, 0, 0, 0, 0, ''), -- -Unknown-
(@CGUID+14, 0, 0, 0, 1, 0, 0, 0, 0, ''), -- -Unknown-
(@CGUID+15, 0, 0, 0, 1, 0, 0, 0, 0, ''), -- -Unknown-
(@CGUID+16, 0, 0, 0, 1, 0, 0, 0, 0, ''), -- -Unknown-
(@CGUID+17, 0, 0, 0, 1, 0, 0, 0, 0, ''), -- -Unknown-
(@CGUID+18, 0, 0, 0, 1, 0, 0, 0, 0, ''), -- -Unknown-
(@CGUID+19, 0, 0, 0, 1, 0, 0, 0, 0, '196285'), -- -Unknown- - 196285 - -Unknown-
(@CGUID+20, 0, 0, 0, 1, 0, 0, 0, 0, ''), -- -Unknown-
(@CGUID+21, 0, 0, 0, 1, 0, 0, 0, 0, '196285'), -- -Unknown- - 196285 - -Unknown-
(@CGUID+22, 0, 0, 0, 1, 0, 0, 0, 0, ''), -- -Unknown-
(@CGUID+23, 0, 0, 8, 1, 0, 0, 0, 0, ''), -- -Unknown-
(@CGUID+24, 0, 0, 0, 1, 0, 0, 0, 0, ''), -- -Unknown-
(@CGUID+25, 0, 0, 0, 1, 0, 0, 0, 0, '123168'), -- -Unknown- - 123168 - -Unknown-
(@CGUID+26, 0, 0, 0, 1, 0, 0, 0, 0, ''), -- -Unknown-
(@CGUID+27, 0, 0, 50331648, 1, 0, 0, 0, 0, ''), -- -Unknown-
(@CGUID+28, 0, 0, 0, 1, 0, 0, 0, 0, ''), -- -Unknown-
(@CGUID+29, 0, 0, 0, 1, 0, 0, 0, 0, '123168'), -- -Unknown- - 123168 - -Unknown-
(@CGUID+30, 0, 0, 0, 1, 0, 0, 0, 0, '196285'), -- -Unknown- - 196285 - -Unknown-
(@CGUID+31, 0, 0, 0, 1, 0, 0, 0, 0, ''), -- -Unknown-
(@CGUID+32, 0, 0, 0, 1, 0, 0, 0, 0, '196285'), -- -Unknown- - 196285 - -Unknown-
(@CGUID+33, 0, 0, 0, 1, 0, 0, 0, 0, ''), -- -Unknown-
(@CGUID+34, 0, 0, 0, 1, 0, 0, 0, 0, ''), -- -Unknown-
(@CGUID+35, 0, 0, 0, 1, 0, 0, 0, 0, '196285'), -- -Unknown- - 196285 - -Unknown-
(@CGUID+36, 0, 0, 0, 1, 0, 0, 0, 0, ''), -- -Unknown-
(@CGUID+37, 0, 0, 50331648, 1, 0, 0, 0, 0, ''), -- -Unknown-
(@CGUID+38, 0, 0, 0, 1, 0, 0, 0, 0, ''), -- -Unknown-
(@CGUID+39, 0, 0, 0, 1, 0, 0, 0, 0, ''), -- -Unknown-
(@CGUID+40, 0, 0, 0, 1, 0, 0, 0, 0, ''), -- -Unknown-
(@CGUID+41, 0, 0, 0, 1, 0, 0, 0, 0, '196285'), -- -Unknown- - 196285 - -Unknown-
(@CGUID+42, 0, 0, 0, 1, 0, 0, 0, 0, '123168'), -- -Unknown- - 123168 - -Unknown-
(@CGUID+43, 0, 0, 0, 1, 0, 0, 0, 0, ''), -- -Unknown-
(@CGUID+44, 0, 0, 0, 1, 0, 0, 0, 0, ''), -- -Unknown-
(@CGUID+45, 0, 0, 0, 1, 0, 0, 0, 0, '196285'), -- -Unknown- - 196285 - -Unknown-
(@CGUID+46, 0, 0, 0, 1, 0, 0, 0, 0, '123168'), -- -Unknown- - 123168 - -Unknown-
(@CGUID+47, 0, 0, 0, 1, 0, 0, 0, 0, '123168'), -- -Unknown- - 123168 - -Unknown-
(@CGUID+48, 0, 0, 0, 1, 0, 0, 0, 0, ''), -- -Unknown-
(@CGUID+49, 0, 0, 50331648, 1, 0, 0, 0, 0, ''), -- -Unknown-
(@CGUID+50, 0, 0, 0, 1, 0, 0, 0, 0, '123168'), -- -Unknown- - 123168 - -Unknown-
(@CGUID+51, 0, 0, 0, 1, 0, 0, 0, 0, '123169'), -- -Unknown- - 123169 - -Unknown-
(@CGUID+52, 0, 0, 0, 1, 0, 0, 0, 0, '259188 18950'), -- -Unknown- - 259188 - -Unknown-, 18950 - -Unknown-
(@CGUID+53, 0, 0, 0, 1, 0, 0, 0, 0, '123168'), -- -Unknown- - 123168 - -Unknown-
(@CGUID+54, 0, 0, 0, 1, 0, 0, 0, 0, '123169'), -- -Unknown- - 123169 - -Unknown-
(@CGUID+55, 0, 0, 0, 1, 0, 0, 0, 0, ''), -- -Unknown-
(@CGUID+56, 0, 0, 50331648, 1, 0, 0, 0, 0, ''), -- -Unknown-
(@CGUID+57, 0, 0, 0, 1, 0, 0, 0, 0, '123169'), -- -Unknown- - 123169 - -Unknown-
(@CGUID+58, 0, 0, 0, 1, 0, 0, 0, 0, '123169'), -- -Unknown- - 123169 - -Unknown-
(@CGUID+59, 0, 0, 0, 1, 0, 0, 0, 0, '123168 267601'), -- -Unknown- - 123168 - -Unknown-, 267601 - -Unknown-
(@CGUID+60, 0, 0, 0, 1, 0, 0, 0, 0, ''), -- -Unknown-
(@CGUID+61, 0, 0, 0, 1, 0, 0, 0, 0, '123169'), -- -Unknown- - 123169 - -Unknown-
(@CGUID+62, 0, 0, 3, 2, 0, 0, 0, 0, '123168'), -- -Unknown- - 123168 - -Unknown-
(@CGUID+63, 0, 0, 0, 1, 0, 0, 0, 0, '123168 268930'), -- -Unknown- - 123168 - -Unknown-, 268930 - -Unknown-
(@CGUID+64, 0, 0, 0, 1, 0, 0, 0, 0, '123169'), -- -Unknown- - 123169 - -Unknown-
(@CGUID+65, 0, 0, 50331648, 1, 0, 0, 0, 0, ''), -- -Unknown-
(@CGUID+66, 0, 0, 0, 1, 0, 0, 0, 0, '123168'), -- -Unknown- - 123168 - -Unknown-
(@CGUID+67, 0, 0, 0, 1, 0, 0, 0, 0, ''), -- -Unknown-
(@CGUID+68, 0, 0, 0, 1, 0, 0, 0, 0, '196285'), -- -Unknown- - 196285 - -Unknown-
(@CGUID+69, 0, 0, 0, 1, 0, 0, 0, 0, ''), -- -Unknown-
(@CGUID+70, 0, 0, 0, 1, 0, 0, 0, 0, '259242'), -- -Unknown- - 259242 - -Unknown-
(@CGUID+71, 0, 0, 262144, 1, 0, 0, 0, 0, '130966'), -- -Unknown- - 130966 - -Unknown-
(@CGUID+72, 0, 0, 0, 1, 0, 0, 0, 0, '123168'), -- -Unknown- - 123168 - -Unknown-
(@CGUID+73, 0, 0, 0, 1, 0, 0, 0, 0, '123169'), -- -Unknown- - 123169 - -Unknown-
(@CGUID+74, 0, 0, 0, 1, 0, 0, 0, 0, '123168'), -- -Unknown- - 123168 - -Unknown-
(@CGUID+75, 0, 0, 1, 1, 0, 0, 0, 0, '123169'), -- -Unknown- - 123169 - -Unknown-
(@CGUID+76, 0, 0, 0, 1, 0, 0, 0, 0, '123169'), -- -Unknown- - 123169 - -Unknown-
(@CGUID+77, 0, 0, 0, 1, 0, 0, 0, 0, ''), -- -Unknown-
(@CGUID+78, 0, 0, 0, 1, 0, 0, 0, 0, '123169'), -- -Unknown- - 123169 - -Unknown-
(@CGUID+79, 0, 0, 0, 1, 0, 0, 0, 0, '123168'), -- -Unknown- - 123168 - -Unknown-
(@CGUID+80, 0, 0, 0, 1, 0, 0, 0, 0, '18950'), -- -Unknown- - 18950 - -Unknown-
(@CGUID+81, 0, 0, 0, 1, 0, 0, 0, 0, '123168'), -- -Unknown- - 123168 - -Unknown-
(@CGUID+82, 0, 0, 0, 1, 0, 0, 0, 0, '123169'), -- -Unknown- - 123169 - -Unknown-
(@CGUID+83, 0, 0, 0, 1, 0, 0, 0, 0, '123169'), -- -Unknown- - 123169 - -Unknown-
(@CGUID+84, 0, 0, 3, 1, 0, 0, 0, 0, '123169'), -- -Unknown- - 123169 - -Unknown-
(@CGUID+85, 0, 0, 0, 1, 0, 0, 0, 0, '123168'), -- -Unknown- - 123168 - -Unknown-
(@CGUID+86, 0, 0, 3, 1, 0, 0, 0, 0, '123168 267601'), -- -Unknown- - 123168 - -Unknown-, 267601 - -Unknown-
(@CGUID+87, 0, 0, 0, 1, 0, 0, 0, 0, '123168'), -- -Unknown- - 123168 - -Unknown-
(@CGUID+88, 0, 0, 0, 1, 0, 0, 0, 0, '123169'), -- -Unknown- - 123169 - -Unknown-
(@CGUID+89, 0, 0, 0, 1, 0, 0, 0, 0, ''), -- -Unknown-
(@CGUID+90, 0, 0, 0, 1, 0, 0, 0, 0, '123169'), -- -Unknown- - 123169 - -Unknown-
(@CGUID+91, 0, 0, 262144, 1, 0, 0, 0, 0, '123169 130966'), -- -Unknown- - 123169 - -Unknown-, 130966 - -Unknown-
(@CGUID+92, 0, 0, 0, 1, 0, 0, 0, 0, '123169'), -- -Unknown- - 123169 - -Unknown-
(@CGUID+93, 0, 0, 262144, 1, 0, 0, 0, 0, '130966'), -- -Unknown- - 130966 - -Unknown-
(@CGUID+94, 0, 0, 0, 1, 0, 0, 0, 0, '123168'), -- -Unknown- - 123168 - -Unknown-
(@CGUID+95, 0, 0, 0, 1, 0, 0, 0, 0, '123168'), -- -Unknown- - 123168 - -Unknown-
(@CGUID+96, 0, 0, 0, 1, 0, 0, 0, 0, '123168 18950'), -- -Unknown- - 123168 - -Unknown-, 18950 - -Unknown-
(@CGUID+97, 0, 0, 0, 1, 0, 0, 0, 0, ''), -- -Unknown-
(@CGUID+98, 0, 0, 0, 1, 0, 0, 0, 0, '123168'), -- -Unknown- - 123168 - -Unknown-
(@CGUID+99, 0, 0, 3, 1, 0, 0, 0, 0, '123169'), -- -Unknown- - 123169 - -Unknown-
(@CGUID+100, 0, 0, 1, 1, 0, 0, 0, 0, '123168'), -- -Unknown- - 123168 - -Unknown-
(@CGUID+101, 0, 0, 0, 1, 0, 0, 0, 0, ''), -- -Unknown-
(@CGUID+102, 0, 0, 0, 1, 0, 0, 0, 0, ''), -- -Unknown-
(@CGUID+103, 0, 0, 0, 1, 0, 0, 0, 0, '123169'), -- -Unknown- - 123169 - -Unknown-
(@CGUID+104, 0, 0, 0, 1, 0, 0, 0, 0, ''), -- -Unknown-
(@CGUID+105, 0, 0, 0, 1, 0, 0, 0, 0, ''), -- -Unknown-
(@CGUID+106, 0, 0, 0, 1, 0, 0, 0, 0, '123168'), -- -Unknown- - 123168 - -Unknown-
(@CGUID+107, 0, 0, 0, 1, 0, 0, 0, 0, '123169'), -- -Unknown- - 123169 - -Unknown-
(@CGUID+108, 0, 0, 0, 1, 0, 0, 0, 0, '123169'), -- -Unknown- - 123169 - -Unknown-
(@CGUID+109, 0, 0, 1, 1, 0, 0, 0, 0, '123168'), -- -Unknown- - 123168 - -Unknown-
(@CGUID+110, 0, 0, 0, 1, 0, 0, 0, 0, '259188 18950'), -- -Unknown- - 259188 - -Unknown-, 18950 - -Unknown-
(@CGUID+111, 0, 0, 0, 1, 0, 0, 0, 0, '259242'), -- -Unknown- - 259242 - -Unknown-
(@CGUID+112, 0, 0, 3, 1, 0, 0, 0, 0, '123169'), -- -Unknown- - 123169 - -Unknown-
(@CGUID+113, 0, 0, 0, 1, 0, 0, 0, 0, '123169'), -- -Unknown- - 123169 - -Unknown-
(@CGUID+114, 0, 0, 0, 1, 0, 0, 0, 0, ''), -- -Unknown-
(@CGUID+115, 0, 0, 0, 1, 0, 0, 0, 0, '259242'), -- -Unknown- - 259242 - -Unknown-
(@CGUID+116, 0, 0, 0, 1, 0, 0, 0, 0, ''), -- -Unknown-
(@CGUID+117, 0, 0, 0, 1, 0, 0, 0, 0, ''), -- -Unknown-
(@CGUID+118, 0, 0, 0, 1, 0, 0, 0, 0, '123169'), -- -Unknown- - 123169 - -Unknown-
(@CGUID+119, 0, 0, 0, 1, 0, 0, 0, 0, '259242'), -- -Unknown- - 259242 - -Unknown-
(@CGUID+120, 0, 0, 0, 1, 0, 0, 0, 0, '265731 18950'), -- -Unknown- - 265731 - -Unknown-, 18950 - -Unknown-
(@CGUID+121, 0, 0, 0, 1, 0, 0, 0, 0, '123168'), -- -Unknown- - 123168 - -Unknown-
(@CGUID+122, 0, 0, 1, 0, 0, 0, 0, 0, '123169'), -- -Unknown- - 123169 - -Unknown-
(@CGUID+123, 0, 0, 0, 2, 0, 0, 0, 0, '123168'), -- -Unknown- - 123168 - -Unknown-
(@CGUID+124, 0, 0, 0, 1, 0, 0, 0, 0, '123169'), -- -Unknown- - 123169 - -Unknown-
(@CGUID+125, 0, 0, 0, 1, 0, 0, 0, 0, '123169'), -- -Unknown- - 123169 - -Unknown-
(@CGUID+126, 0, 0, 0, 1, 0, 0, 0, 0, ''), -- -Unknown-
(@CGUID+127, 0, 0, 0, 1, 0, 0, 0, 0, '123169 174127'), -- -Unknown- - 123169 - -Unknown-, 174127 - -Unknown-
(@CGUID+128, 0, 0, 0, 1, 0, 0, 0, 0, '123169'), -- -Unknown- - 123169 - -Unknown-
(@CGUID+129, 0, 0, 0, 2, 0, 0, 0, 0, '123168'), -- -Unknown- - 123168 - -Unknown-
(@CGUID+130, 0, 0, 262144, 1, 0, 0, 0, 0, '123169 130966'), -- -Unknown- - 123169 - -Unknown-, 130966 - -Unknown-
(@CGUID+131, 0, 0, 0, 1, 0, 0, 0, 0, '123168 18950'), -- -Unknown- - 123168 - -Unknown-, 18950 - -Unknown-
(@CGUID+132, 0, 0, 0, 1, 0, 0, 0, 0, '123169'), -- -Unknown- - 123169 - -Unknown-
(@CGUID+133, 0, 0, 0, 1, 0, 0, 0, 0, '123168'), -- -Unknown- - 123168 - -Unknown-
(@CGUID+134, 0, 0, 0, 1, 0, 0, 0, 0, '123169 174127'), -- -Unknown- - 123169 - -Unknown-, 174127 - -Unknown-
(@CGUID+135, 0, 0, 0, 1, 0, 0, 0, 0, '259242'), -- -Unknown- - 259242 - -Unknown-
(@CGUID+136, 0, 0, 1, 1, 0, 0, 0, 0, '123168'), -- -Unknown- - 123168 - -Unknown-
(@CGUID+137, 0, 0, 0, 1, 0, 0, 0, 0, ''), -- -Unknown-
(@CGUID+138, 0, 0, 0, 1, 0, 0, 0, 0, '259242'), -- -Unknown- - 259242 - -Unknown-
(@CGUID+139, 0, 0, 0, 1, 0, 0, 0, 0, ''), -- -Unknown-
(@CGUID+140, 0, 0, 0, 1, 0, 0, 0, 0, ''), -- -Unknown-
(@CGUID+141, 0, 0, 0, 1, 0, 0, 0, 0, '123168'), -- -Unknown- - 123168 - -Unknown-
(@CGUID+142, 0, 0, 0, 1, 0, 0, 0, 0, '123169 174127'), -- -Unknown- - 123169 - -Unknown-, 174127 - -Unknown-
(@CGUID+143, 0, 0, 262144, 1, 0, 0, 0, 0, '123169 130966'), -- -Unknown- - 123169 - -Unknown-, 130966 - -Unknown-
(@CGUID+144, 0, 0, 262144, 1, 0, 0, 0, 0, '274047'), -- -Unknown- - 274047 - -Unknown-
(@CGUID+145, 0, 0, 0, 1, 0, 0, 0, 0, ''), -- -Unknown-
(@CGUID+146, 0, 0, 1, 1, 0, 0, 0, 0, '123168'), -- -Unknown- - 123168 - -Unknown-
(@CGUID+147, 0, 0, 0, 1, 0, 0, 0, 0, '259242'), -- -Unknown- - 259242 - -Unknown-
(@CGUID+148, 0, 0, 0, 1, 0, 0, 0, 0, ''), -- -Unknown-
(@CGUID+149, 0, 0, 0, 1, 0, 0, 0, 0, '123168'), -- -Unknown- - 123168 - -Unknown-
(@CGUID+150, 0, 0, 0, 1, 0, 0, 0, 0, '259188 18950'), -- -Unknown- - 259188 - -Unknown-, 18950 - -Unknown-
(@CGUID+151, 0, 0, 0, 1, 0, 0, 0, 0, '123168'), -- -Unknown- - 123168 - -Unknown-
(@CGUID+152, 0, 0, 0, 1, 0, 0, 0, 0, '123169 174127'), -- -Unknown- - 123169 - -Unknown-, 174127 - -Unknown-
(@CGUID+153, 0, 0, 262144, 1, 0, 0, 0, 0, '123169 130966'), -- -Unknown- - 123169 - -Unknown-, 130966 - -Unknown-
(@CGUID+154, 0, 0, 0, 1, 0, 0, 0, 0, ''), -- -Unknown-
(@CGUID+155, 0, 0, 262144, 1, 0, 0, 0, 0, '123169 130966'), -- -Unknown- - 123169 - -Unknown-, 130966 - -Unknown-
(@CGUID+156, 0, 0, 0, 1, 0, 0, 0, 0, '123169'), -- -Unknown- - 123169 - -Unknown-
(@CGUID+157, 0, 0, 0, 1, 0, 0, 0, 0, ''), -- -Unknown-
(@CGUID+158, 0, 0, 0, 1, 0, 0, 0, 0, '123169'), -- -Unknown- - 123169 - -Unknown-
(@CGUID+159, 0, 0, 0, 1, 0, 0, 0, 0, '123168'), -- -Unknown- - 123168 - -Unknown-
(@CGUID+160, 0, 0, 0, 1, 0, 0, 0, 0, ''), -- -Unknown-
(@CGUID+161, 0, 0, 0, 1, 0, 0, 0, 0, '123169 174127'), -- -Unknown- - 123169 - -Unknown-, 174127 - -Unknown-
(@CGUID+162, 0, 0, 0, 1, 0, 0, 0, 0, ''), -- -Unknown-
(@CGUID+163, 0, 0, 0, 1, 0, 0, 0, 0, ''), -- -Unknown-
(@CGUID+164, 0, 0, 0, 1, 0, 0, 0, 0, ''), -- -Unknown-
(@CGUID+165, 0, 0, 0, 1, 0, 0, 0, 0, '123169'), -- -Unknown- - 123169 - -Unknown-
(@CGUID+166, 0, 0, 0, 1, 0, 0, 0, 0, ''), -- -Unknown-
(@CGUID+167, 0, 0, 1, 1, 0, 0, 0, 0, '123168'), -- -Unknown- - 123168 - -Unknown-
(@CGUID+168, 0, 0, 0, 1, 0, 0, 0, 0, '18950'), -- -Unknown- - 18950 - -Unknown-
(@CGUID+169, 0, 0, 0, 1, 0, 0, 0, 0, '123168'), -- -Unknown- - 123168 - -Unknown-
(@CGUID+170, 0, 0, 0, 1, 0, 0, 0, 0, '259242'), -- -Unknown- - 259242 - -Unknown-
(@CGUID+171, 0, 0, 0, 1, 0, 0, 0, 0, '123168 269988 18950'), -- -Unknown- - 123168 - -Unknown-, 269988 - -Unknown-, 18950 - -Unknown-
(@CGUID+172, 0, 0, 0, 1, 0, 0, 0, 0, ''), -- -Unknown-
(@CGUID+173, 0, 0, 0, 1, 0, 0, 0, 0, ''), -- -Unknown-
(@CGUID+174, 0, 0, 0, 2, 0, 0, 0, 0, '123168 269988'), -- -Unknown- - 123168 - -Unknown-, 269988 - -Unknown-
(@CGUID+175, 0, 0, 0, 1, 0, 0, 0, 0, '123169'), -- -Unknown- - 123169 - -Unknown-
(@CGUID+176, 0, 0, 0, 0, 0, 0, 0, 0, '123169'), -- -Unknown- - 123169 - -Unknown-
(@CGUID+177, 0, 0, 0, 1, 0, 0, 0, 0, '123169'), -- -Unknown- - 123169 - -Unknown-
(@CGUID+178, 0, 0, 0, 1, 0, 0, 0, 0, ''), -- -Unknown-
(@CGUID+179, 0, 0, 1, 1, 0, 0, 0, 0, '123168'), -- -Unknown- - 123168 - -Unknown-
(@CGUID+180, 0, 0, 0, 2, 0, 0, 0, 0, '123168'), -- -Unknown- - 123168 - -Unknown-
(@CGUID+181, 0, 0, 50331648, 1, 0, 0, 0, 0, '123168 151540'), -- -Unknown- - 123168 - -Unknown-, 151540 - -Unknown-
(@CGUID+182, 0, 0, 50331648, 1, 0, 0, 0, 0, ''), -- -Unknown-
(@CGUID+183, 0, 0, 0, 1, 0, 0, 0, 0, '123168 18950'), -- -Unknown- - 123168 - -Unknown-, 18950 - -Unknown-
(@CGUID+184, 0, 0, 0, 1, 0, 0, 0, 0, '123169'), -- -Unknown- - 123169 - -Unknown-
(@CGUID+185, 0, 0, 0, 1, 0, 0, 0, 0, '123168'), -- -Unknown- - 123168 - -Unknown-
(@CGUID+186, 0, 0, 0, 1, 0, 0, 0, 0, '123169'), -- -Unknown- - 123169 - -Unknown-
(@CGUID+187, 0, 0, 0, 1, 0, 0, 0, 0, '123169'), -- -Unknown- - 123169 - -Unknown-
(@CGUID+188, 0, 0, 0, 1, 0, 0, 0, 0, ''), -- -Unknown-
(@CGUID+189, 0, 0, 0, 1, 0, 0, 0, 0, '123169'), -- -Unknown- - 123169 - -Unknown-
(@CGUID+190, 0, 0, 0, 1, 0, 0, 0, 0, ''), -- -Unknown-
(@CGUID+191, 0, 0, 0, 1, 0, 0, 0, 0, '260742'), -- -Unknown- - 260742 - -Unknown-
(@CGUID+192, 0, 0, 1, 1, 0, 0, 0, 0, '123168 151540'), -- -Unknown- - 123168 - -Unknown-, 151540 - -Unknown-
(@CGUID+193, 0, 0, 0, 1, 0, 0, 0, 0, '123169'), -- -Unknown- - 123169 - -Unknown-
(@CGUID+194, 0, 0, 0, 1, 0, 0, 0, 0, '123169'), -- -Unknown- - 123169 - -Unknown-
(@CGUID+195, 0, 0, 0, 1, 0, 0, 0, 0, ''), -- -Unknown-
(@CGUID+196, 0, 0, 0, 1, 0, 0, 0, 0, '267108'), -- -Unknown- - 267108 - -Unknown-
(@CGUID+197, 0, 0, 0, 1, 0, 0, 0, 0, '259242'), -- -Unknown- - 259242 - -Unknown-
(@CGUID+198, 0, 0, 262144, 1, 0, 0, 0, 0, '123169 130966'), -- -Unknown- - 123169 - -Unknown-, 130966 - -Unknown-
(@CGUID+199, 0, 0, 0, 1, 0, 0, 0, 0, '123169'), -- -Unknown- - 123169 - -Unknown-
(@CGUID+200, 0, 0, 0, 1, 0, 0, 0, 0, '259242'), -- -Unknown- - 259242 - -Unknown-
(@CGUID+201, 0, 0, 262144, 1, 0, 0, 0, 0, '123168 131041'), -- -Unknown- - 123168 - -Unknown-, 131041 - -Unknown-
(@CGUID+202, 0, 0, 0, 1, 0, 0, 0, 0, '123168'), -- -Unknown- - 123168 - -Unknown-
(@CGUID+203, 0, 0, 0, 1, 0, 0, 0, 0, '259242'), -- -Unknown- - 259242 - -Unknown-
(@CGUID+204, 0, 0, 0, 1, 0, 0, 0, 0, '123168'), -- -Unknown- - 123168 - -Unknown-
(@CGUID+205, 0, 0, 0, 1, 0, 0, 0, 0, '123169'), -- -Unknown- - 123169 - -Unknown-
(@CGUID+206, 0, 0, 0, 1, 0, 0, 0, 0, '123169'), -- -Unknown- - 123169 - -Unknown-
(@CGUID+207, 0, 0, 0, 1, 0, 0, 0, 0, '258153'), -- -Unknown- - 258153 - -Unknown-
(@CGUID+208, 0, 0, 1, 1, 0, 0, 0, 0, '123168 151540'), -- -Unknown- - 123168 - -Unknown-, 151540 - -Unknown-
(@CGUID+209, 0, 0, 1, 1, 0, 0, 0, 0, '123169'), -- -Unknown- - 123169 - -Unknown-
(@CGUID+210, 0, 0, 50331648, 1, 0, 0, 0, 0, '123168 151540'), -- -Unknown- - 123168 - -Unknown-, 151540 - -Unknown-
(@CGUID+211, 0, 0, 0, 1, 0, 0, 0, 0, '191779'), -- -Unknown- - 191779 - -Unknown-
(@CGUID+212, 0, 0, 0, 1, 0, 0, 0, 0, '123168'), -- -Unknown- - 123168 - -Unknown-
(@CGUID+213, 0, 0, 0, 1, 0, 0, 0, 0, '123169'), -- -Unknown- - 123169 - -Unknown-
(@CGUID+214, 0, 0, 262144, 1, 0, 0, 0, 0, '123168 267601 225458'), -- -Unknown- - 123168 - -Unknown-, 267601 - -Unknown-, 225458 - -Unknown-
(@CGUID+215, 0, 0, 1, 1, 0, 0, 0, 0, '123168'), -- -Unknown- - 123168 - -Unknown-
(@CGUID+216, 0, 0, 0, 1, 0, 0, 0, 0, '258153'), -- -Unknown- - 258153 - -Unknown-
(@CGUID+217, 0, 0, 0, 1, 0, 0, 0, 0, '123169'), -- -Unknown- - 123169 - -Unknown-
(@CGUID+218, 0, 0, 1, 1, 0, 0, 0, 0, '123169'), -- -Unknown- - 123169 - -Unknown-
(@CGUID+219, 0, 0, 0, 1, 0, 0, 0, 0, '259188 18950'), -- -Unknown- - 259188 - -Unknown-, 18950 - -Unknown-
(@CGUID+220, 0, 0, 0, 1, 0, 0, 0, 0, '123169'), -- -Unknown- - 123169 - -Unknown-
(@CGUID+221, 0, 0, 0, 1, 0, 0, 0, 0, '123169'), -- -Unknown- - 123169 - -Unknown-
(@CGUID+222, 0, 0, 0, 1, 0, 0, 0, 0, '123168 18950'), -- -Unknown- - 123168 - -Unknown-, 18950 - -Unknown-
(@CGUID+223, 0, 0, 0, 1, 0, 0, 0, 0, '123168'), -- -Unknown- - 123168 - -Unknown-
(@CGUID+224, 0, 0, 0, 1, 0, 0, 0, 0, '123169'), -- -Unknown- - 123169 - -Unknown-
(@CGUID+225, 0, 0, 262144, 1, 0, 0, 0, 0, '123169 130966'), -- -Unknown- - 123169 - -Unknown-, 130966 - -Unknown-
(@CGUID+226, 0, 0, 1, 1, 0, 0, 0, 0, '123168 151540'), -- -Unknown- - 123168 - -Unknown-, 151540 - -Unknown-
(@CGUID+227, 0, 0, 0, 1, 0, 0, 0, 0, '123168 267601'), -- -Unknown- - 123168 - -Unknown-, 267601 - -Unknown-
(@CGUID+228, 0, 0, 0, 1, 0, 0, 0, 0, ''), -- -Unknown-
(@CGUID+229, 0, 0, 0, 1, 0, 0, 0, 0, '123169'), -- -Unknown- - 123169 - -Unknown-
(@CGUID+230, 0, 0, 0, 2, 0, 0, 0, 0, '123168 191779'), -- -Unknown- - 123168 - -Unknown-, 191779 - -Unknown-
(@CGUID+231, 0, 0, 0, 1, 0, 0, 0, 0, '265731 18950'), -- -Unknown- - 265731 - -Unknown-, 18950 - -Unknown-
(@CGUID+232, 0, 0, 0, 1, 0, 0, 0, 0, '123169'), -- -Unknown- - 123169 - -Unknown-
(@CGUID+233, 0, 0, 0, 1, 0, 0, 0, 0, '123169'), -- -Unknown- - 123169 - -Unknown-
(@CGUID+234, 0, 0, 0, 1, 0, 0, 0, 0, ''), -- -Unknown-
(@CGUID+235, 0, 0, 1, 1, 0, 0, 0, 0, '123168 151540'), -- -Unknown- - 123168 - -Unknown-, 151540 - -Unknown-
(@CGUID+236, 0, 0, 0, 1, 0, 0, 0, 0, ''), -- -Unknown-
(@CGUID+237, 0, 0, 1, 1, 0, 0, 0, 0, '123168 151540'), -- -Unknown- - 123168 - -Unknown-, 151540 - -Unknown-
(@CGUID+238, 0, 0, 0, 1, 0, 0, 0, 0, '123169'), -- -Unknown- - 123169 - -Unknown-
(@CGUID+239, 0, 0, 0, 1, 0, 0, 0, 0, '123168 18950'), -- -Unknown- - 123168 - -Unknown-, 18950 - -Unknown-
(@CGUID+240, 0, 0, 50331648, 1, 0, 0, 0, 0, '123168 151540'), -- -Unknown- - 123168 - -Unknown-, 151540 - -Unknown-
(@CGUID+241, 0, 0, 0, 1, 0, 0, 0, 0, '123169'), -- -Unknown- - 123169 - -Unknown-
(@CGUID+242, 0, 0, 1, 1, 0, 0, 0, 0, '123168 151540'), -- -Unknown- - 123168 - -Unknown-, 151540 - -Unknown-
(@CGUID+243, 0, 0, 0, 1, 0, 0, 0, 0, '123168 18950'), -- -Unknown- - 123168 - -Unknown-, 18950 - -Unknown-
(@CGUID+244, 0, 0, 0, 1, 0, 0, 0, 0, '123168'), -- -Unknown- - 123168 - -Unknown-
(@CGUID+245, 0, 0, 0, 1, 0, 0, 0, 0, ''), -- -Unknown-
(@CGUID+246, 0, 0, 3, 1, 0, 0, 0, 0, '123169'), -- -Unknown- - 123169 - -Unknown-
(@CGUID+247, 0, 0, 0, 1, 0, 0, 0, 0, '123168 267601'), -- -Unknown- - 123168 - -Unknown-, 267601 - -Unknown-
(@CGUID+248, 0, 0, 0, 1, 0, 0, 0, 0, '123169'), -- -Unknown- - 123169 - -Unknown-
(@CGUID+249, 0, 0, 0, 1, 0, 0, 0, 0, ''), -- -Unknown-
(@CGUID+250, 0, 0, 1, 1, 0, 0, 0, 0, '123168'), -- -Unknown- - 123168 - -Unknown-
(@CGUID+251, 0, 0, 0, 2, 0, 0, 0, 0, '123168'), -- -Unknown- - 123168 - -Unknown-
(@CGUID+252, 0, 0, 1, 1, 0, 0, 0, 0, '123169'), -- -Unknown- - 123169 - -Unknown-
(@CGUID+253, 0, 0, 3, 1, 0, 0, 0, 0, '123169'), -- -Unknown- - 123169 - -Unknown-
(@CGUID+254, 0, 0, 0, 2, 0, 0, 0, 0, '123168'), -- -Unknown- - 123168 - -Unknown-
(@CGUID+255, 0, 0, 0, 1, 0, 0, 0, 0, '18950'), -- -Unknown- - 18950 - -Unknown-
(@CGUID+256, 0, 0, 0, 1, 0, 0, 0, 0, ''), -- -Unknown-
(@CGUID+257, 0, 0, 0, 1, 0, 0, 0, 0, '123168 18950'), -- -Unknown- - 123168 - -Unknown-, 18950 - -Unknown-
(@CGUID+258, 0, 0, 3, 1, 0, 0, 0, 0, '123168 267601'), -- -Unknown- - 123168 - -Unknown-, 267601 - -Unknown-
(@CGUID+259, 0, 0, 0, 1, 0, 0, 0, 0, '123169'), -- -Unknown- - 123169 - -Unknown-
(@CGUID+260, 0, 0, 50331648, 1, 0, 0, 0, 0, '123168 151540'), -- -Unknown- - 123168 - -Unknown-, 151540 - -Unknown-
(@CGUID+261, 0, 0, 0, 1, 0, 0, 0, 0, '18950'), -- -Unknown- - 18950 - -Unknown-
(@CGUID+262, 0, 0, 0, 1, 0, 0, 0, 0, '259242'), -- -Unknown- - 259242 - -Unknown-
(@CGUID+263, 0, 0, 0, 1, 0, 0, 0, 0, '123168 18950'), -- -Unknown- - 123168 - -Unknown-, 18950 - -Unknown-
(@CGUID+264, 0, 0, 0, 1, 0, 0, 0, 0, '263353'), -- -Unknown- - 263353 - -Unknown-
(@CGUID+265, 0, 0, 0, 1, 0, 0, 0, 0, '191779 244874'), -- -Unknown- - 191779 - -Unknown-, 244874 - -Unknown-
(@CGUID+266, 0, 0, 262144, 1, 0, 0, 0, 0, '123169 130966'), -- -Unknown- - 123169 - -Unknown-, 130966 - -Unknown-
(@CGUID+267, 0, 0, 0, 1, 0, 0, 0, 0, '191779'), -- -Unknown- - 191779 - -Unknown-
(@CGUID+268, 0, 0, 0, 1, 0, 0, 0, 0, '191779 244874'), -- -Unknown- - 191779 - -Unknown-, 244874 - -Unknown-
(@CGUID+269, 0, 0, 0, 1, 0, 0, 0, 0, ''), -- -Unknown-
(@CGUID+270, 0, 0, 0, 1, 0, 0, 0, 0, ''), -- -Unknown-
(@CGUID+271, 0, 0, 0, 1, 0, 0, 0, 0, '191779 244874'), -- -Unknown- - 191779 - -Unknown-, 244874 - -Unknown-
(@CGUID+272, 0, 0, 0, 1, 0, 0, 0, 0, '18950'), -- -Unknown- - 18950 - -Unknown-
(@CGUID+273, 0, 0, 262144, 1, 0, 0, 0, 0, '123169 130966'), -- -Unknown- - 123169 - -Unknown-, 130966 - -Unknown-
(@CGUID+274, 0, 0, 0, 1, 0, 0, 0, 0, ''), -- -Unknown-
(@CGUID+275, 0, 0, 0, 1, 0, 0, 0, 0, '123168'), -- -Unknown- - 123168 - -Unknown-
(@CGUID+276, 0, 0, 0, 1, 0, 0, 0, 0, '191779 244874'), -- -Unknown- - 191779 - -Unknown-, 244874 - -Unknown-
(@CGUID+277, 0, 0, 0, 1, 0, 0, 0, 0, '191779'), -- -Unknown- - 191779 - -Unknown-
(@CGUID+278, 0, 0, 1, 1, 0, 0, 0, 0, '123168'), -- -Unknown- - 123168 - -Unknown-
(@CGUID+279, 0, 0, 262144, 1, 0, 0, 0, 0, '123169 130966'), -- -Unknown- - 123169 - -Unknown-, 130966 - -Unknown-
(@CGUID+280, 0, 0, 0, 1, 0, 0, 0, 0, '18950'), -- -Unknown- - 18950 - -Unknown-
(@CGUID+281, 0, 0, 0, 1, 0, 0, 0, 0, ''), -- -Unknown-
(@CGUID+282, 0, 0, 0, 1, 0, 0, 0, 0, ''), -- -Unknown-
(@CGUID+283, 0, 0, 0, 1, 0, 0, 0, 0, '191779 244874'), -- -Unknown- - 191779 - -Unknown-, 244874 - -Unknown-
(@CGUID+284, 0, 0, 0, 1, 0, 0, 0, 0, ''), -- -Unknown-
(@CGUID+285, 0, 0, 0, 1, 0, 0, 0, 0, '191779'), -- -Unknown- - 191779 - -Unknown-
(@CGUID+286, 0, 0, 0, 1, 0, 0, 0, 0, '191779 244874'), -- -Unknown- - 191779 - -Unknown-, 244874 - -Unknown-
(@CGUID+287, 0, 0, 262144, 1, 0, 0, 0, 0, '123169 130966'), -- -Unknown- - 123169 - -Unknown-, 130966 - -Unknown-
(@CGUID+288, 0, 0, 0, 1, 0, 0, 0, 0, ''), -- -Unknown-
(@CGUID+289, 0, 0, 0, 1, 0, 0, 0, 0, '191779'), -- -Unknown- - 191779 - -Unknown-
(@CGUID+290, 0, 0, 0, 1, 0, 0, 0, 0, '263353'), -- -Unknown- - 263353 - -Unknown-
(@CGUID+291, 0, 0, 0, 1, 0, 0, 0, 0, '191779'), -- -Unknown- - 191779 - -Unknown-
(@CGUID+292, 0, 0, 0, 1, 0, 0, 0, 0, '18950'), -- -Unknown- - 18950 - -Unknown-
(@CGUID+293, 0, 0, 0, 1, 0, 0, 0, 0, '191779'), -- -Unknown- - 191779 - -Unknown-
(@CGUID+294, 0, 0, 0, 1, 0, 0, 0, 0, '123168'), -- -Unknown- - 123168 - -Unknown-
(@CGUID+295, 0, 0, 0, 1, 0, 0, 0, 0, '191779'), -- -Unknown- - 191779 - -Unknown-
(@CGUID+296, 0, 0, 0, 1, 0, 0, 0, 0, '191779'), -- -Unknown- - 191779 - -Unknown-
(@CGUID+297, 0, 0, 0, 1, 0, 0, 0, 0, '191779'), -- -Unknown- - 191779 - -Unknown-
(@CGUID+298, 0, 0, 0, 1, 0, 0, 0, 0, '191779'), -- -Unknown- - 191779 - -Unknown-
(@CGUID+299, 0, 0, 0, 1, 0, 0, 0, 0, '191779'), -- -Unknown- - 191779 - -Unknown-
(@CGUID+300, 0, 0, 0, 1, 0, 0, 0, 0, ''), -- -Unknown-
(@CGUID+301, 0, 0, 0, 1, 0, 0, 0, 0, '259188 191779 18950'), -- -Unknown- - 259188 - -Unknown-, 191779 - -Unknown-, 18950 - -Unknown-
(@CGUID+302, 0, 0, 0, 1, 0, 0, 0, 0, '191779'), -- -Unknown- - 191779 - -Unknown-
(@CGUID+303, 0, 0, 0, 1, 0, 0, 0, 0, '191779'), -- -Unknown- - 191779 - -Unknown-
(@CGUID+304, 0, 0, 0, 1, 0, 0, 0, 0, ''), -- -Unknown-
(@CGUID+305, 0, 0, 0, 1, 0, 0, 0, 0, '191779'), -- -Unknown- - 191779 - -Unknown-
(@CGUID+306, 0, 0, 0, 1, 0, 0, 0, 0, '191779'), -- -Unknown- - 191779 - -Unknown-
(@CGUID+307, 0, 0, 0, 1, 0, 0, 0, 0, '191779'), -- -Unknown- - 191779 - -Unknown-
(@CGUID+308, 0, 0, 0, 1, 0, 0, 0, 0, '191779'), -- -Unknown- - 191779 - -Unknown-
(@CGUID+309, 0, 0, 0, 1, 0, 0, 0, 0, '123168'), -- -Unknown- - 123168 - -Unknown-
(@CGUID+310, 0, 0, 0, 1, 0, 0, 0, 0, ''), -- -Unknown-
(@CGUID+311, 0, 0, 0, 1, 0, 0, 0, 0, '259188 191779 18950'), -- -Unknown- - 259188 - -Unknown-, 191779 - -Unknown-, 18950 - -Unknown-
(@CGUID+312, 0, 0, 0, 1, 0, 0, 0, 0, ''), -- -Unknown-
(@CGUID+313, 0, 0, 0, 1, 0, 0, 0, 0, '259188 191779 18950'), -- -Unknown- - 259188 - -Unknown-, 191779 - -Unknown-, 18950 - -Unknown-
(@CGUID+314, 0, 0, 0, 1, 0, 0, 0, 0, '191779'), -- -Unknown- - 191779 - -Unknown-
(@CGUID+315, 0, 0, 0, 1, 0, 0, 0, 0, '191779'), -- -Unknown- - 191779 - -Unknown-
(@CGUID+316, 0, 0, 0, 1, 0, 0, 0, 0, ''), -- -Unknown-
(@CGUID+317, 0, 0, 0, 1, 0, 0, 0, 0, ''), -- -Unknown-
(@CGUID+318, 0, 0, 0, 1, 0, 0, 0, 0, ''), -- -Unknown-
(@CGUID+319, 0, 0, 0, 1, 0, 0, 0, 0, ''), -- -Unknown-
(@CGUID+320, 0, 0, 0, 1, 0, 0, 0, 0, ''), -- -Unknown-
(@CGUID+321, 0, 0, 0, 1, 0, 0, 0, 0, ''), -- -Unknown-
(@CGUID+322, 0, 0, 0, 1, 0, 0, 0, 0, ''), -- -Unknown-
(@CGUID+323, 0, 0, 0, 1, 0, 0, 0, 0, '123168'), -- -Unknown- - 123168 - -Unknown-
(@CGUID+324, 0, 0, 0, 1, 0, 0, 0, 0, ''), -- -Unknown-
(@CGUID+325, 0, 0, 0, 1, 0, 0, 0, 0, ''), -- -Unknown-
(@CGUID+326, 0, 0, 0, 1, 0, 0, 0, 0, ''), -- -Unknown-
(@CGUID+327, 0, 0, 0, 1, 0, 0, 0, 0, ''), -- -Unknown-
(@CGUID+328, 0, 0, 0, 1, 0, 0, 0, 0, '191779 244874'), -- -Unknown- - 191779 - -Unknown-, 244874 - -Unknown-
(@CGUID+329, 0, 0, 0, 1, 0, 0, 0, 0, '191779 244874'), -- -Unknown- - 191779 - -Unknown-, 244874 - -Unknown-
(@CGUID+330, 0, 0, 0, 1, 0, 0, 0, 0, ''), -- -Unknown-
(@CGUID+331, 0, 0, 0, 1, 0, 0, 0, 0, ''), -- -Unknown-
(@CGUID+332, 0, 0, 0, 1, 0, 0, 0, 0, ''), -- -Unknown-
(@CGUID+333, 0, 0, 0, 1, 0, 0, 0, 0, ''), -- -Unknown-
(@CGUID+334, 0, 0, 0, 1, 0, 0, 0, 0, '191779 244874'), -- -Unknown- - 191779 - -Unknown-, 244874 - -Unknown-
(@CGUID+335, 0, 0, 0, 1, 0, 0, 0, 0, ''), -- -Unknown-
(@CGUID+336, 0, 0, 0, 1, 0, 0, 0, 0, ''), -- -Unknown-
(@CGUID+337, 0, 0, 0, 1, 0, 0, 0, 0, '191779'), -- -Unknown- - 191779 - -Unknown-
(@CGUID+338, 0, 0, 0, 1, 0, 0, 0, 0, ''), -- -Unknown-
(@CGUID+339, 0, 0, 0, 1, 0, 0, 0, 0, ''), -- -Unknown-
(@CGUID+340, 0, 0, 0, 1, 0, 0, 0, 0, ''), -- -Unknown-
(@CGUID+341, 0, 0, 0, 1, 0, 0, 0, 0, '191779 244874'), -- -Unknown- - 191779 - -Unknown-, 244874 - -Unknown-
(@CGUID+342, 0, 0, 50331648, 1, 0, 0, 0, 0, '123168 151540'), -- -Unknown- - 123168 - -Unknown-, 151540 - -Unknown-
(@CGUID+343, 0, 0, 50331648, 1, 0, 0, 0, 0, '123168 151540'), -- -Unknown- - 123168 - -Unknown-, 151540 - -Unknown-
(@CGUID+344, 0, 0, 0, 1, 0, 0, 0, 0, '191779 244874'), -- -Unknown- - 191779 - -Unknown-, 244874 - -Unknown-
(@CGUID+345, 0, 0, 0, 1, 0, 0, 0, 0, ''), -- -Unknown-
(@CGUID+346, 0, 0, 50331648, 1, 0, 0, 0, 0, '123168 151540'), -- -Unknown- - 123168 - -Unknown-, 151540 - -Unknown-
(@CGUID+347, 0, 0, 0, 1, 0, 0, 0, 0, '191779 244874'), -- -Unknown- - 191779 - -Unknown-, 244874 - -Unknown-
(@CGUID+348, 0, 0, 0, 1, 0, 0, 0, 0, '191779 244874'), -- -Unknown- - 191779 - -Unknown-, 244874 - -Unknown-
(@CGUID+349, 0, 0, 50331648, 1, 0, 0, 0, 0, '123168 151540'), -- -Unknown- - 123168 - -Unknown-, 151540 - -Unknown-
(@CGUID+350, 0, 0, 50331648, 1, 0, 0, 0, 0, '123168 151540'), -- -Unknown- - 123168 - -Unknown-, 151540 - -Unknown-
(@CGUID+351, 0, 0, 50331648, 1, 0, 0, 0, 0, '123168 151540'), -- -Unknown- - 123168 - -Unknown-, 151540 - -Unknown-
(@CGUID+352, 0, 0, 50331648, 1, 0, 0, 0, 0, '123168 151540'), -- -Unknown- - 123168 - -Unknown-, 151540 - -Unknown-
(@CGUID+353, 0, 0, 50331648, 1, 0, 0, 0, 0, '123168 151540'), -- -Unknown- - 123168 - -Unknown-, 151540 - -Unknown-
(@CGUID+354, 0, 0, 0, 1, 0, 0, 0, 0, '123169'), -- -Unknown- - 123169 - -Unknown-
(@CGUID+355, 0, 0, 0, 1, 0, 0, 0, 0, '266118'), -- -Unknown- - 266118 - -Unknown-
(@CGUID+356, 0, 0, 50331648, 1, 0, 0, 0, 0, '123168 151540'), -- -Unknown- - 123168 - -Unknown-, 151540 - -Unknown-
(@CGUID+357, 0, 0, 0, 2, 0, 0, 0, 0, '123168 191779'), -- -Unknown- - 123168 - -Unknown-, 191779 - -Unknown-
(@CGUID+358, 0, 0, 0, 2, 0, 0, 0, 0, '123168 191779'), -- -Unknown- - 123168 - -Unknown-, 191779 - -Unknown-
(@CGUID+359, 0, 0, 0, 2, 0, 0, 0, 0, '123168'), -- -Unknown- - 123168 - -Unknown-
(@CGUID+360, 0, 0, 0, 1, 0, 0, 0, 0, '123168'), -- -Unknown- - 123168 - -Unknown-
(@CGUID+361, 0, 0, 0, 1, 0, 0, 0, 0, '123168'), -- -Unknown- - 123168 - -Unknown-
(@CGUID+362, 0, 0, 0, 2, 0, 0, 0, 0, '123168'), -- -Unknown- - 123168 - -Unknown-
(@CGUID+363, 0, 0, 0, 2, 0, 0, 0, 0, '123168 191779'), -- -Unknown- - 123168 - -Unknown-, 191779 - -Unknown-
(@CGUID+364, 0, 0, 0, 2, 0, 0, 0, 0, '123168 191779'), -- -Unknown- - 123168 - -Unknown-, 191779 - -Unknown-
(@CGUID+365, 0, 0, 0, 2, 0, 0, 0, 0, '123168 191779'), -- -Unknown- - 123168 - -Unknown-, 191779 - -Unknown-
(@CGUID+366, 0, 0, 1, 1, 0, 0, 0, 0, '123168'), -- -Unknown- - 123168 - -Unknown-
(@CGUID+367, 0, 0, 0, 2, 0, 0, 0, 0, '123168'), -- -Unknown- - 123168 - -Unknown-
(@CGUID+368, 0, 0, 0, 1, 0, 0, 0, 0, '123168'), -- -Unknown- - 123168 - -Unknown-
(@CGUID+369, 0, 0, 0, 1, 0, 0, 0, 0, '123168'), -- -Unknown- - 123168 - -Unknown-
(@CGUID+370, 0, 0, 0, 2, 0, 0, 0, 0, '123168 191779'), -- -Unknown- - 123168 - -Unknown-, 191779 - -Unknown-
(@CGUID+371, 0, 0, 0, 1, 0, 0, 0, 0, '123168'), -- -Unknown- - 123168 - -Unknown-
(@CGUID+372, 0, 0, 0, 2, 0, 0, 0, 0, '123168'), -- -Unknown- - 123168 - -Unknown-
(@CGUID+373, 0, 0, 0, 2, 0, 0, 0, 0, '123168'), -- -Unknown- - 123168 - -Unknown-
(@CGUID+374, 0, 0, 262144, 1, 0, 0, 0, 0, '265731 130966'), -- -Unknown- - 265731 - -Unknown-, 130966 - -Unknown-
(@CGUID+375, 0, 0, 0, 2, 0, 0, 0, 0, '123168'), -- -Unknown- - 123168 - -Unknown-
(@CGUID+376, 0, 0, 0, 1, 0, 0, 0, 0, '123168'), -- -Unknown- - 123168 - -Unknown-
(@CGUID+377, 0, 0, 0, 1, 0, 0, 0, 0, '123168 191779'), -- -Unknown- - 123168 - -Unknown-, 191779 - -Unknown-
(@CGUID+378, 0, 0, 0, 1, 0, 0, 0, 0, ''), -- -Unknown-
(@CGUID+379, 0, 0, 0, 2, 0, 0, 0, 0, '123168 191779'), -- -Unknown- - 123168 - -Unknown-, 191779 - -Unknown-
(@CGUID+380, 0, 0, 0, 2, 0, 0, 0, 0, '123168 191779'), -- -Unknown- - 123168 - -Unknown-, 191779 - -Unknown-
(@CGUID+381, 0, 0, 50331648, 1, 0, 0, 0, 0, '123168 151540'), -- -Unknown- - 123168 - -Unknown-, 151540 - -Unknown-
(@CGUID+382, 0, 0, 0, 2, 0, 0, 0, 0, '123168 191779'), -- -Unknown- - 123168 - -Unknown-, 191779 - -Unknown-
(@CGUID+383, 0, 0, 50331648, 1, 0, 0, 0, 0, '123168 151540'), -- -Unknown- - 123168 - -Unknown-, 151540 - -Unknown-
(@CGUID+384, 0, 0, 50331648, 1, 0, 0, 0, 0, '123168 151540'), -- -Unknown- - 123168 - -Unknown-, 151540 - -Unknown-
(@CGUID+385, 0, 0, 50331648, 1, 0, 0, 0, 0, '123168 151540'), -- -Unknown- - 123168 - -Unknown-, 151540 - -Unknown-
(@CGUID+386, 0, 0, 0, 1, 0, 0, 0, 0, ''), -- -Unknown-
(@CGUID+387, 0, 0, 0, 1, 0, 0, 0, 0, ''), -- -Unknown-
(@CGUID+388, 0, 0, 0, 1, 0, 0, 0, 0, '266463'), -- -Unknown- - 266463 - -Unknown-
(@CGUID+389, 0, 0, 0, 1, 0, 0, 0, 0, '266463'), -- -Unknown- - 266463 - -Unknown-
(@CGUID+390, 0, 0, 0, 1, 0, 0, 0, 0, '266463'), -- -Unknown- - 266463 - -Unknown-
(@CGUID+391, 0, 0, 0, 1, 0, 0, 0, 0, '266463'), -- -Unknown- - 266463 - -Unknown-
(@CGUID+392, 0, 0, 0, 1, 0, 0, 0, 0, '196285'), -- -Unknown- - 196285 - -Unknown-
(@CGUID+393, 0, 0, 0, 1, 0, 0, 0, 0, '196285'), -- -Unknown- - 196285 - -Unknown-
(@CGUID+394, 0, 0, 0, 1, 0, 0, 0, 0, '196285'), -- -Unknown- - 196285 - -Unknown-
(@CGUID+395, 0, 0, 0, 1, 0, 0, 0, 0, '196285'), -- -Unknown- - 196285 - -Unknown-
(@CGUID+396, 0, 0, 0, 1, 0, 0, 0, 0, '196285'), -- -Unknown- - 196285 - -Unknown-
(@CGUID+397, 0, 0, 0, 1, 0, 0, 0, 0, '196285'), -- -Unknown- - 196285 - -Unknown-
(@CGUID+398, 0, 0, 0, 1, 0, 0, 0, 0, '196285'), -- -Unknown- - 196285 - -Unknown-
(@CGUID+399, 0, 0, 0, 1, 0, 0, 0, 0, '196285'), -- -Unknown- - 196285 - -Unknown-
(@CGUID+400, 0, 0, 0, 1, 0, 0, 0, 0, '196285'), -- -Unknown- - 196285 - -Unknown-
(@CGUID+401, 0, 0, 0, 1, 0, 0, 0, 0, '196285'), -- -Unknown- - 196285 - -Unknown-
(@CGUID+402, 0, 0, 0, 1, 0, 0, 0, 0, '196285'), -- -Unknown- - 196285 - -Unknown-
(@CGUID+403, 0, 0, 0, 1, 0, 0, 0, 0, '196285'), -- -Unknown- - 196285 - -Unknown-
(@CGUID+404, 0, 0, 0, 1, 0, 0, 0, 0, '196285'), -- -Unknown- - 196285 - -Unknown-
(@CGUID+405, 0, 0, 0, 1, 0, 0, 0, 0, '196285'), -- -Unknown- - 196285 - -Unknown-
(@CGUID+406, 0, 0, 0, 1, 0, 0, 0, 0, '259242'), -- -Unknown- - 259242 - -Unknown-
(@CGUID+407, 0, 0, 0, 1, 0, 0, 0, 0, '259242'), -- -Unknown- - 259242 - -Unknown-
(@CGUID+408, 0, 0, 0, 1, 0, 0, 0, 0, ''), -- -Unknown-
(@CGUID+409, 0, 0, 0, 1, 0, 0, 0, 0, '259242'), -- -Unknown- - 259242 - -Unknown-
(@CGUID+410, 0, 0, 0, 1, 0, 0, 0, 0, '259242'), -- -Unknown- - 259242 - -Unknown-
(@CGUID+411, 0, 0, 0, 1, 0, 0, 0, 0, '123168'), -- -Unknown- - 123168 - -Unknown-
(@CGUID+412, 0, 0, 0, 1, 0, 0, 0, 0, '123168'), -- -Unknown- - 123168 - -Unknown-
(@CGUID+413, 0, 0, 0, 1, 0, 0, 0, 0, '123168'), -- -Unknown- - 123168 - -Unknown-
(@CGUID+414, 0, 0, 0, 1, 0, 0, 0, 0, '123168'), -- -Unknown- - 123168 - -Unknown-
(@CGUID+415, 0, 0, 0, 1, 0, 0, 0, 0, '123168'), -- -Unknown- - 123168 - -Unknown-
(@CGUID+416, 0, 0, 0, 1, 0, 0, 0, 0, '259242'), -- -Unknown- - 259242 - -Unknown-
(@CGUID+417, 0, 0, 0, 1, 0, 0, 0, 0, '188236'), -- Bobby Howlis - 188236 - -Unknown-
(@CGUID+418, 0, 0, 0, 1, 0, 0, 0, 0, '123168'), -- -Unknown- - 123168 - -Unknown-
(@CGUID+419, 0, 0, 0, 1, 0, 0, 0, 0, '237554'), -- -Unknown- - 237554 - -Unknown-
(@CGUID+420, 0, 0, 0, 1, 0, 0, 0, 0, '259242'), -- -Unknown- - 259242 - -Unknown-
(@CGUID+421, 0, 0, 0, 1, 0, 0, 0, 0, '259242'), -- -Unknown- - 259242 - -Unknown-
(@CGUID+422, 0, 0, 0, 1, 0, 0, 0, 0, '259242'), -- -Unknown- - 259242 - -Unknown-
(@CGUID+423, 0, 0, 0, 1, 0, 0, 0, 0, '123168'), -- -Unknown- - 123168 - -Unknown-
(@CGUID+424, 0, 0, 0, 1, 0, 0, 0, 0, '259242'), -- -Unknown- - 259242 - -Unknown-
(@CGUID+425, 0, 0, 0, 1, 0, 0, 0, 0, '123168'), -- -Unknown- - 123168 - -Unknown-
(@CGUID+426, 0, 0, 0, 1, 0, 0, 0, 0, '123168'), -- -Unknown- - 123168 - -Unknown-
(@CGUID+427, 0, 0, 0, 1, 0, 0, 0, 0, ''), -- -Unknown-
(@CGUID+428, 0, 0, 0, 1, 0, 0, 0, 0, '262305'), -- -Unknown- - 262305 - -Unknown-
(@CGUID+429, 0, 0, 0, 1, 0, 0, 0, 0, '262305'), -- -Unknown- - 262305 - -Unknown-
(@CGUID+430, 0, 0, 0, 1, 0, 0, 0, 0, '262305'), -- -Unknown- - 262305 - -Unknown-
(@CGUID+431, 0, 0, 0, 1, 0, 0, 0, 0, ''), -- -Unknown-
(@CGUID+432, 0, 0, 0, 1, 0, 0, 0, 0, '262305'), -- -Unknown- - 262305 - -Unknown-
(@CGUID+433, 0, 0, 0, 1, 0, 0, 0, 0, '262305'), -- -Unknown- - 262305 - -Unknown-
(@CGUID+434, 0, 0, 0, 1, 0, 0, 0, 0, '262305'), -- -Unknown- - 262305 - -Unknown-
(@CGUID+435, 0, 0, 0, 1, 0, 0, 0, 0, '262305'), -- -Unknown- - 262305 - -Unknown-
(@CGUID+436, 0, 0, 0, 1, 0, 0, 0, 0, ''), -- -Unknown-
(@CGUID+437, 0, 0, 0, 1, 0, 0, 0, 0, ''), -- -Unknown-
(@CGUID+438, 0, 0, 0, 1, 0, 0, 0, 0, ''), -- -Unknown-
(@CGUID+439, 0, 0, 0, 1, 0, 0, 0, 0, '46598'), -- -Unknown- - 46598 - -Unknown-
(@CGUID+440, 0, 0, 0, 1, 0, 0, 0, 0, ''), -- -Unknown-
(@CGUID+441, 0, 0, 0, 1, 0, 0, 0, 0, '46598'), -- -Unknown- - 46598 - -Unknown-
(@CGUID+442, 0, 0, 0, 1, 0, 0, 0, 0, ''), -- -Unknown-
(@CGUID+443, 0, 0, 0, 1, 0, 0, 0, 0, '46598'), -- -Unknown- - 46598 - -Unknown-
(@CGUID+444, 0, 0, 0, 1, 0, 0, 0, 0, ''); -- -Unknown-


delete from creature_template_model where CreatureId in (143539, 143524, 127479, 133605, 135535, 136735, 127499, 135289, 131445, 136737, 127484, 135779, 136724, 130207, 129697,131856, 131444,
136665, 127486, 127490, 134025, 129437, 131112, 130026, 127485, 130025, 127488, 127497, 127478,130027, 135254, 135366, 133636,
130028, 133972,133599, 127477, 136696, 136692, 127482, 127480, 127381, 140367, 137103, 138538, 131597, 134419, 135169, 138338, 132051,
132080, 135178, 134701, 132398, 144306, 138740,131383, 138281, 131817, 134284, 133836, 132137, 133912, 138187, 133852, 140593, 131318,
133835, 133870, 133685, 133663, 135219, 131492, 131436, 131402, 130646, 127484, 127479,130655, 135624, 130087,131785,129877,135635);

INSERT INTO `creature_template_model`(`CreatureID`, `Idx`, `CreatureDisplayID`, `DisplayScale`, `Probability`, `VerifiedBuild`) VALUES 
(127381, 1, 42751, 1, 1, 28153),
(127381, 0, 42978, 1, 1, 28153),
(127477, 0, 46043, 1, 1, 28153),
(127477, 1, 51128, 1, 1, 28153),
(127478, 0, 36638, 1, 1, 28153),
(127479, 0, 82983, 1, 1, 28153),
(127480, 0, 5990, 1, 1, 28153),
(127482, 0, 84333, 1, 1, 28153),
(127484, 0, 81739, 1, 1, 28153),
(127485, 0, 79322, 1, 1, 28153),
(127485, 3, 79323, 1, 1, 28153),
(127485, 1, 79912, 1, 0, 28153),
(127485, 2, 79913, 1, 0, 28153),
(127486, 1, 84046, 1, 1, 28153),
(127486, 2, 84099, 1, 1, 28153),
(127486, 3, 84100, 1, 1, 28153),
(127486, 0, 84380, 1, 0, 28153),
(127488, 0, 81520, 1, 1, 28153),
(127488, 1, 81521, 1, 1, 28153),
(127490, 0, 81498, 1, 1, 28153),
(127497, 0, 81496, 1, 1, 28153),
(127497, 1, 81497, 1, 1, 28153),
(127499, 0, 81529, 1, 1, 28153),
(127499, 1, 81531, 1, 1, 28153),
(127499, 2, 81543, 1, 1, 28153),
(127499, 3, 81544, 1, 1, 28153),
(129437, 0, 84201, 1, 1, 28153),
(129697, 0, 84201, 1, 1, 28153),
(130025, 0, 81499, 1, 1, 28153),
(130025, 1, 81500, 1, 1, 28153),
(130026, 1, 42056, 1, 1, 28153),
(130026, 0, 42840, 1, 1, 28153),
(130026, 2, 47361, 1, 1, 28153),
(130027, 0, 81513, 1, 1, 28153),
(130027, 1, 81514, 1, 1, 28153),
(130028, 0, 81550, 1, 1, 28153),
(130028, 1, 81551, 1, 1, 28153),
(130207, 0, 21131, 1, 1, 28153),
(131112, 0, 78990, 1, 1, 28153),
(131112, 1, 78992, 1, 1, 28153),
(131112, 2, 78993, 1, 1, 28153),
(131112, 3, 78994, 1, 1, 28153),
(131318, 0, 82394, 1.5, 1, 28153),
(131383, 0, 81977, 1.25, 1, 28153),
(131402, 0, 81808, 1.6, 1, 28153),
(131436, 0, 85816, 1.5, 1, 28153),
(131444, 0, 81497, 1, 1, 28153),
(131445, 0, 81496, 1, 1, 28153),
(131492, 0, 75861, 1, 1, 28153),
(131597, 0, 11686, 1, 1, 28153),
(131817, 0, 78855, 2.25, 1, 28153),
(131856, 0, 81501, 1, 1, 28153),
(132051, 0, 82290, 1.33, 1, 28153),
(132080, 0, 11686, 1, 1, 28153),
(132137, 0, 80459, 1.25, 1, 28153),
(132398, 0, 169, 1, 0, 28153),
(132398, 1, 11686, 1, 1, 28153),
(133599, 0, 18783, 1, 0, 28153),
(133599, 1, 21342, 1, 1, 28153),
(133605, 0, 78990, 1, 1, 28153),
(133605, 1, 78992, 1, 1, 28153),
(133605, 2, 78993, 1, 1, 28153),
(133605, 3, 78994, 1, 1, 28153),
(133636, 0, 18783, 1, 0, 28153),
(133636, 1, 21342, 1, 1, 28153),
(133663, 0, 79499, 1, 1, 28153),
(133663, 1, 79500, 1, 1, 28153),
(133663, 2, 79501, 1, 1, 28153),
(133663, 3, 79502, 1, 1, 28153),
(133685, 0, 80852, 5, 1, 28153),
(133835, 0, 76653, 1, 1, 28153),
(133836, 0, 88121, 1.25, 1, 28153),
(133852, 0, 83311, 1, 1, 28153),
(133870, 0, 80467, 1, 1, 28153),
(133912, 0, 79182, 1, 1, 28153),
(133972, 0, 81645, 1, 0, 28153),
(134025, 0, 81645, 1, 0, 28153),
(134284, 0, 85815, 1.25, 1, 28153),
(134419, 0, 76851, 1, 1, 28153),
(134701, 0, 82394, 1.5, 1, 28153),
(135169, 0, 80042, 1, 1, 28153),
(135178, 0, 169, 1, 0, 28153),
(135178, 1, 11686, 1, 1, 28153),
(135219, 0, 84145, 5, 1, 28153),
(135254, 0, 79064, 1, 1, 28153),
(135254, 1, 79065, 1, 1, 28153),
(135254, 2, 79066, 1, 1, 28153),
(135254, 3, 79067, 1, 1, 28153),
(135289, 0, 78990, 1, 1, 28153),
(135289, 1, 78992, 1, 1, 28153),
(135289, 2, 78993, 1, 1, 28153),
(135289, 3, 78994, 1, 1, 28153),
(135366, 2, 84392, 1, 1, 28153),
(135366, 3, 84393, 1, 1, 28153),
(135366, 0, 84394, 1, 1, 28153),
(135366, 1, 84395, 1, 1, 28153),
(135535, 0, 18783, 1, 0, 28153),
(135535, 1, 21342, 1, 1, 28153),
(135779, 0, 78990, 1, 1, 28153),
(135779, 1, 78992, 1, 1, 28153),
(135779, 2, 78993, 1, 1, 28153),
(135779, 3, 78994, 1, 1, 28153),
(136665, 0, 81513, 1, 1, 28153),
(136665, 1, 81514, 1, 1, 28153),
(136692, 0, 81291, 1.2, 1, 28153),
(136696, 0, 81351, 1, 1, 28153),
(136696, 1, 81352, 1, 1, 28153),
(136724, 1, 23830, 1, 1, 28153),
(136724, 0, 76291, 1, 0, 28153),
(136735, 0, 81513, 1, 1, 28153),
(136735, 1, 81514, 1, 1, 28153),
(136737, 0, 81198, 1, 1, 28153),
(136737, 1, 81201, 1, 1, 28153),
(136737, 2, 81202, 1, 1, 28153),
(136737, 3, 81203, 1, 1, 28153),
(137103, 0, 84871, 1, 1, 28153),
(138187, 0, 84808, 1.5, 1, 28153),
(138281, 0, 84376, 2, 1, 28153),
(138338, 0, 79985, 1.4, 1, 28153),
(138538, 0, 76612, 0.5, 1, 28153),
(138740, 0, 83603, 1, 1, 28153),
(140367, 0, 26353, 1, 1, 28153),
(140593, 0, 84330, 1.5, 1, 28153),
(143524, 0, 81351, 1, 1, 28153),
(143524, 1, 81352, 1, 1, 28153),
(143539, 0, 87341, 1, 1, 28153),
(130646, 0, 81498, 1, 1, 28153),
(144306, 0, 79182, 1, 1, 28153),
(130655, 0, 81740, 1, 1, 28153),
(135624, 0, 34095, 1, 1, 28153),
(130087, 0, 79065, 1, 1, 28153),
(131785, 0, 3233, 1, 1, 28153), 
(129877, 1, 80951, 1, 1, 28153), 
(135635, 0, 53420, 1, 1, 28153);

DELETE FROM `creature_model_info` WHERE `DisplayID` IN (81740, 82983, 81543, 81531, 81544, 84100, 81529, 84394, 81739, 81501, 84201, 81497, 81505, 84046, 81513, 81498, 84099, 81521, 81499, 84393, 84395, 81520, 81514, 82791, 82828, 81496, 84392, 81551, 81645, 81550, 84333);
INSERT INTO `creature_model_info` (`DisplayID`, `BoundingRadius`, `CombatReach`, `DisplayID_Other_Gender`, `VerifiedBuild`) VALUES
(81740, 0.347222, 1.5, 0, 28153),
(82983, 5.247568, 8, 0, 28153),
(81543, 0.306, 1.5, 0, 28153),
(81531, 0.208, 1.5, 0, 28153),
(81544, 0.306, 1.5, 0, 28153),
(84100, 0.347222, 1.5, 0, 28153),
(81529, 0.208, 1.5, 0, 28153),
(84394, 0.347, 1.5, 0, 28153),
(81739, 0.4513886, 1.95, 0, 28153),
(81501, 0.306, 1.5, 0, 28153),
(84201, 1, 0, 0, 28153),
(81497, 0.6902447, 1.5, 0, 28153),
(81505, 0.3978, 1.95, 0, 28153),
(84046, 0.347222, 1.5, 0, 28153),
(81513, 0.306, 1.5, 0, 28153),
(81498, 0.2704, 1.95, 0, 28153),
(84099, 0.347222, 1.5, 0, 28153),
(81521, 0.208, 1.5, 0, 28153),
(81499, 0.6902447, 1.5, 0, 28153),
(84393, 0.347, 1.5, 0, 28153),
(84395, 0.347, 1.5, 0, 28153),
(81520, 0.208, 1.5, 0, 28153),
(81514, 0.306, 1.5, 0, 28153),
(82791, 0.347222, 1.5, 0, 28153),
(82828, 0.347222, 1.5, 0, 28153),
(81496, 0.6902447, 1.5, 0, 28153),
(84392, 0.347, 1.5, 0, 28153),
(81551, 0.208, 1.5, 0, 28153),
(81645, 4.203424, 0, 0, 28153),
(81550, 0.208, 1.5, 0, 28153),
(84333, 2.745841, 2.55, 0, 28153);

UPDATE `creature_model_info` SET `VerifiedBuild`=28153 WHERE `DisplayID`=79066;
UPDATE `creature_model_info` SET `VerifiedBuild`=28153 WHERE `DisplayID`=79067;
UPDATE `creature_model_info` SET `VerifiedBuild`=28153 WHERE `DisplayID`=79065;
UPDATE `creature_model_info` SET `VerifiedBuild`=28153 WHERE `DisplayID`=25901;
UPDATE `creature_model_info` SET `VerifiedBuild`=28153 WHERE `DisplayID`=34095;
UPDATE `creature_model_info` SET `BoundingRadius`=1, `CombatReach`=1.5, `VerifiedBuild`=28153 WHERE `DisplayID`=53420;
UPDATE `creature_model_info` SET `VerifiedBuild`=28153 WHERE `DisplayID`=11596;
UPDATE `creature_model_info` SET `VerifiedBuild`=28153 WHERE `DisplayID`=3233;
UPDATE `creature_model_info` SET `VerifiedBuild`=28153 WHERE `DisplayID`=59799;
UPDATE `creature_model_info` SET `BoundingRadius`=2.610028, `VerifiedBuild`=28153 WHERE `DisplayID`=14511;
UPDATE `creature_model_info` SET `VerifiedBuild`=28153 WHERE `DisplayID`=19073;
UPDATE `creature_model_info` SET `VerifiedBuild`=28153 WHERE `DisplayID`=19075;
UPDATE `creature_model_info` SET `VerifiedBuild`=28153 WHERE `DisplayID`=19071;
UPDATE `creature_model_info` SET `VerifiedBuild`=28153 WHERE `DisplayID`=19074;
UPDATE `creature_model_info` SET `VerifiedBuild`=28153 WHERE `DisplayID`=78994;
UPDATE `creature_model_info` SET `BoundingRadius`=0.807, `CombatReach`=2.2, `VerifiedBuild`=28153 WHERE `DisplayID`=47361;
UPDATE `creature_model_info` SET `VerifiedBuild`=28153 WHERE `DisplayID`=81201;
UPDATE `creature_model_info` SET `VerifiedBuild`=28153 WHERE `DisplayID`=79064;
UPDATE `creature_model_info` SET `VerifiedBuild`=28153 WHERE `DisplayID`=78990;
UPDATE `creature_model_info` SET `VerifiedBuild`=28153 WHERE `DisplayID`=78992;
UPDATE `creature_model_info` SET `BoundingRadius`=0.5954026, `CombatReach`=0.5, `VerifiedBuild`=28153 WHERE `DisplayID`=21131;
UPDATE `creature_model_info` SET `VerifiedBuild`=28153 WHERE `DisplayID`=23830;
UPDATE `creature_model_info` SET `VerifiedBuild`=28153 WHERE `DisplayID`=81500;
UPDATE `creature_model_info` SET `BoundingRadius`=0.807, `CombatReach`=2.2, `VerifiedBuild`=28153 WHERE `DisplayID`=42056;
UPDATE `creature_model_info` SET `VerifiedBuild`=28153 WHERE `DisplayID`=78993;
UPDATE `creature_model_info` SET `VerifiedBuild`=28153 WHERE `DisplayID`=42840;
UPDATE `creature_model_info` SET `BoundingRadius`=0.075, `CombatReach`=0.9375, `VerifiedBuild`=28153 WHERE `DisplayID`=35994;
UPDATE `creature_model_info` SET `VerifiedBuild`=28153 WHERE `DisplayID`=79322;
UPDATE `creature_model_info` SET `BoundingRadius`=0.2148239, `VerifiedBuild`=28153 WHERE `DisplayID`=36638;
UPDATE `creature_model_info` SET `VerifiedBuild`=28153 WHERE `DisplayID`=74845;
UPDATE `creature_model_info` SET `VerifiedBuild`=28153 WHERE `DisplayID`=17188;
UPDATE `creature_model_info` SET `VerifiedBuild`=28153 WHERE `DisplayID`=46043;
UPDATE `creature_model_info` SET `BoundingRadius`=2.5, `CombatReach`=3.75, `VerifiedBuild`=28153 WHERE `DisplayID`=51128;
UPDATE `creature_model_info` SET `BoundingRadius`=0.85298, `VerifiedBuild`=28153 WHERE `DisplayID`=5990;
UPDATE `creature_model_info` SET `BoundingRadius`=0.27456, `CombatReach`=1.98, `VerifiedBuild`=28153 WHERE `DisplayID`=81291;
UPDATE `creature_model_info` SET `VerifiedBuild`=28153 WHERE `DisplayID`=42978;
UPDATE `creature_model_info` SET `BoundingRadius`=1.506195, `CombatReach`=2.25, `VerifiedBuild`=28153 WHERE `DisplayID`=37363;
UPDATE `creature_model_info` SET `VerifiedBuild`=28153 WHERE `DisplayID`=53373;

DELETE FROM `creature_equip_template` WHERE (`CreatureID`=135699 AND `ID`=1) OR (`CreatureID`=135706 AND `ID`=1) OR (`CreatureID`=136735 AND `ID`=1) OR (`CreatureID`=127499 AND `ID`=1) OR (`CreatureID`=131445 AND `ID`=1) OR (`CreatureID`=135779 AND `ID`=1) OR (`CreatureID`=131444 AND `ID`=1) OR (`CreatureID`=127503 AND `ID`=1) OR (`CreatureID`=136665 AND `ID`=1) OR (`CreatureID`=127490 AND `ID`=1) OR (`CreatureID`=130026 AND `ID`=1) OR (`CreatureID`=127486 AND `ID`=1) OR (`CreatureID`=130025 AND `ID`=1) OR (`CreatureID`=127485 AND `ID`=1) OR (`CreatureID`=127488 AND `ID`=1) OR (`CreatureID`=130027 AND `ID`=1) OR (`CreatureID`=127497 AND `ID`=1) OR (`CreatureID`=135366 AND `ID`=1) OR (`CreatureID`=130028 AND `ID`=1) OR (`CreatureID`=136692 AND `ID`=1) OR (`CreatureID`=136696 AND `ID`=2) OR (`CreatureID`=136696 AND `ID`=1) OR (`CreatureID`=76672 AND `ID`=1);
INSERT INTO `creature_equip_template` (`CreatureID`, `ID`, `ItemID1`, `AppearanceModID1`, `ItemVisual1`, `ItemID2`, `AppearanceModID2`, `ItemVisual2`, `ItemID3`, `AppearanceModID3`, `ItemVisual3`) VALUES
(135699, 1, 155788, 0, 0, 2376, 0, 0, 0, 0, 0), -- -Unknown-
(135706, 1, 6651, 0, 0, 0, 0, 0, 0, 0, 0), -- -Unknown-
(136735, 1, 155762, 0, 0, 0, 0, 0, 155817, 0, 0), -- -Unknown-
(127499, 1, 155761, 0, 0, 0, 0, 0, 155816, 0, 0), -- -Unknown-
(131445, 1, 155800, 0, 0, 164576, 0, 0, 0, 0, 0), -- -Unknown-
(135779, 1, 155788, 0, 0, 2376, 0, 0, 0, 0, 0), -- -Unknown-
(131444, 1, 155800, 0, 0, 164576, 0, 0, 0, 0, 0), -- -Unknown-
(127503, 1, 0, 0, 0, 0, 0, 0, 155817, 0, 0), -- -Unknown-
(136665, 1, 155762, 0, 0, 0, 0, 0, 155817, 0, 0), -- -Unknown-
(127490, 1, 158881, 0, 0, 62234, 0, 0, 0, 0, 0), -- -Unknown-
(130026, 1, 5276, 0, 0, 0, 0, 0, 0, 0, 0), -- -Unknown-
(127486, 1, 155788, 0, 0, 164576, 0, 0, 0, 0, 0), -- -Unknown-
(130025, 1, 2695, 0, 0, 0, 0, 0, 0, 0, 0), -- -Unknown-
(127485, 1, 6651, 0, 0, 6651, 0, 0, 0, 0, 0), -- -Unknown-
(127488, 1, 159129, 0, 0, 0, 0, 0, 0, 0, 0), -- -Unknown-
(130027, 1, 155762, 0, 0, 0, 0, 0, 155817, 0, 0), -- -Unknown-
(127497, 1, 158900, 0, 0, 0, 0, 0, 0, 0, 0), -- -Unknown-
(135366, 1, 161122, 0, 0, 0, 0, 0, 0, 0, 0), -- -Unknown-
(130028, 1, 111489, 0, 0, 0, 0, 0, 0, 0, 0), -- -Unknown-
(136692, 1, 155757, 0, 0, 0, 0, 0, 0, 0, 0), -- -Unknown-
(136696, 2, 155799, 0, 0, 155837, 0, 0, 0, 0, 0), -- -Unknown-
(136696, 1, 158900, 0, 0, 0, 0, 0, 0, 0, 0), -- -Unknown-
(76672, 1, 109583, 0, 0, 109583, 0, 0, 0, 0, 0); -- -Unknown-

DELETE FROM `creature_template_addon` WHERE `entry` IN (129274 /*129274 - -Unknown-*/, 129271 /*129271*/, 129272 /*129272*/, 135699 /*135699 - -Unknown-*/, 135706 /*135706 - -Unknown-*/, 130655 /*130655 (Bobby Howlis) - -Unknown-*/, 130087 /*130087 - -Unknown-*/, 135629 /*135629 - -Unknown-*/, 135624 /*135624 - -Unknown-*/, 135633 /*135633 - -Unknown-*/, 135635 /*135635 - -Unknown-*/, 131785 /*131785 (Buzzing Drone)*/, 113845 /*113845*/, 127479 /*127479*/, 135535 /*135535 - -Unknown-*/, 133605 /*133605 - -Unknown-*/, 136735 /*136735 - -Unknown-*/, 127499 /*127499 - -Unknown-, -Unknown-*/, 131445 /*131445 - -Unknown-, -Unknown-*/, 136737 /*136737 - -Unknown-*/, 135289 /*135289 - -Unknown-*/, 135779 /*135779 - -Unknown-, -Unknown-*/, 127484 /*127484 - -Unknown-*/, 131856 /*131856 - -Unknown-*/, 130207 /*130207 - -Unknown-*/, 136724 /*136724*/, 129697 /*129697*/, 131444 /*131444 - -Unknown-*/, 127503 /*127503*/, 136665 /*136665 - -Unknown-*/, 127490 /*127490*/, 129437 /*129437*/, 131112 /*131112 - -Unknown-*/, 130026 /*130026*/, 130685 /*130685 - -Unknown-*/, 134025 /*134025*/, 127486 /*127486 - -Unknown-, -Unknown-*/, 130025 /*130025 - -Unknown-*/, 127485 /*127485 - -Unknown-*/, 127478 /*127478 - -Unknown-*/, 130683 /*130683 - -Unknown-*/, 127488 /*127488 - -Unknown-, -Unknown-*/, 130027 /*130027 - -Unknown-*/, 135254 /*135254 - -Unknown-, -Unknown-*/, 130582 /*130582 - -Unknown-*/, 127497 /*127497 - -Unknown-, -Unknown-*/, 135366 /*135366 - -Unknown-*/, 133636 /*133636*/, 133972 /*133972*/, 130028 /*130028 - -Unknown-*/, 133599 /*133599*/, 127477 /*127477 - -Unknown-*/, 127480 /*127480 - -Unknown-*/, 136692 /*136692*/, 127381 /*127381*/, 136696 /*136696*/, 127482 /*127482*/, 78694 /*78694*/, 76672 /*76672 - -Unknown-*/);
INSERT INTO `creature_template_addon` (`entry`, `path_id`, `mount`, `bytes1`, `bytes2`, `emote`, `aiAnimKit`, `movementAnimKit`, `meleeAnimKit`, `auras`) VALUES
(129274, 0, 0, 0, 1, 0, 0, 0, 0, '46598'), -- 129274 - -Unknown-
(129271, 0, 0, 0, 1, 0, 0, 0, 0, ''), -- 129271
(129272, 0, 0, 0, 1, 0, 0, 0, 0, ''), -- 129272
(135699, 0, 0, 0, 1, 0, 0, 0, 0, '123168'), -- 135699 - -Unknown-
(135706, 0, 0, 0, 1, 0, 0, 0, 0, '237554'), -- 135706 - -Unknown-
(130655, 0, 0, 0, 1, 0, 0, 0, 0, '188236'), -- 130655 (Bobby Howlis) - -Unknown-
(130087, 0, 0, 0, 1, 0, 0, 0, 0, '123168'), -- 130087 - -Unknown-
(135629, 0, 0, 0, 1, 0, 0, 0, 0, '266463'), -- 135629 - -Unknown-
(135624, 0, 0, 0, 1, 0, 0, 0, 0, '266463'), -- 135624 - -Unknown-
(135633, 0, 0, 0, 1, 0, 0, 0, 0, '266463'), -- 135633 - -Unknown-
(135635, 0, 0, 0, 1, 0, 0, 0, 0, '266463'), -- 135635 - -Unknown-
(131785, 0, 0, 0, 1, 0, 0, 0, 0, ''), -- 131785 (Buzzing Drone)
(113845, 0, 0, 0, 1, 0, 0, 0, 0, ''), -- 113845
(127479, 0, 0, 0, 1, 0, 0, 0, 0, ''), -- 127479
(135535, 0, 0, 0, 1, 0, 0, 0, 0, '266118'), -- 135535 - -Unknown-
(133605, 0, 0, 0, 1, 0, 0, 0, 0, '123169'), -- 133605 - -Unknown-
(136735, 0, 0, 0, 2, 0, 0, 0, 0, '123168'), -- 136735 - -Unknown-
(127499, 0, 0, 0, 2, 0, 0, 0, 0, '123168 191779'), -- 127499 - -Unknown-, -Unknown-
(131445, 0, 0, 0, 1, 0, 0, 0, 0, '259188 18950'), -- 131445 - -Unknown-, -Unknown-
(136737, 0, 0, 0, 1, 0, 0, 0, 0, '123169'), -- 136737 - -Unknown-
(135289, 0, 0, 0, 1, 0, 0, 0, 0, '191779'), -- 135289 - -Unknown-
(135779, 0, 0, 262144, 1, 0, 0, 0, 0, '123168 131041'), -- 135779 - -Unknown-, -Unknown-
(127484, 0, 0, 0, 1, 0, 0, 0, 0, '267108'), -- 127484 - -Unknown-
(131856, 0, 0, 0, 1, 0, 0, 0, 0, '260742'), -- 131856 - -Unknown-
(130207, 0, 0, 0, 1, 0, 0, 0, 0, '123168'), -- 130207 - -Unknown-
(136724, 0, 0, 50331648, 1, 0, 0, 0, 0, ''), -- 136724
(129697, 0, 0, 0, 1, 0, 0, 0, 0, ''), -- 129697
(131444, 0, 0, 262144, 1, 0, 0, 0, 0, '274047'), -- 131444 - -Unknown-
(127503, 0, 0, 0, 1, 0, 0, 0, 0, ''), -- 127503
(136665, 0, 0, 0, 2, 0, 0, 0, 0, '123168'), -- 136665 - -Unknown-
(127490, 0, 0, 0, 1, 0, 0, 0, 0, ''), -- 127490
(129437, 0, 0, 0, 1, 0, 0, 0, 0, ''), -- 129437
(131112, 0, 0, 0, 1, 0, 0, 0, 0, '123169'), -- 131112 - -Unknown-
(130026, 0, 0, 0, 1, 0, 0, 0, 0, ''), -- 130026
(130685, 0, 0, 1, 1, 0, 0, 0, 0, '123168'), -- 130685 - -Unknown-
(134025, 0, 0, 0, 1, 0, 0, 0, 0, ''), -- 134025
(127486, 0, 0, 0, 1, 0, 0, 0, 0, '123168 18950'), -- 127486 - -Unknown-, -Unknown-
(130025, 0, 0, 0, 1, 0, 0, 0, 0, '18950'), -- 130025 - -Unknown-
(127485, 0, 0, 1, 1, 0, 0, 0, 0, '123169'), -- 127485 - -Unknown-
(127478, 0, 0, 0, 1, 0, 0, 0, 0, '259242'), -- 127478 - -Unknown-
(130683, 0, 0, 0, 1, 0, 0, 0, 0, '123168'), -- 130683 - -Unknown-
(127488, 0, 0, 0, 1, 0, 0, 0, 0, '123168 268930'), -- 127488 - -Unknown-, -Unknown-
(130027, 0, 0, 3, 2, 0, 0, 0, 0, '123168'), -- 130027 - -Unknown-
(135254, 0, 0, 0, 1, 0, 0, 0, 0, '123168 267601'), -- 135254 - -Unknown-, -Unknown-
(130582, 0, 0, 0, 1, 0, 0, 0, 0, '123169'), -- 130582 - -Unknown-
(127497, 0, 0, 0, 1, 0, 0, 0, 0, '259188 18950'), -- 127497 - -Unknown-, -Unknown-
(135366, 0, 0, 0, 1, 0, 0, 0, 0, '123169'), -- 135366 - -Unknown-
(133636, 0, 0, 0, 1, 0, 0, 0, 0, ''), -- 133636
(133972, 0, 0, 0, 1, 0, 0, 0, 0, ''), -- 133972
(130028, 0, 0, 0, 1, 0, 0, 0, 0, '123168'), -- 130028 - -Unknown-
(133599, 0, 0, 50331648, 1, 0, 0, 0, 0, ''), -- 133599
(127477, 0, 0, 0, 1, 0, 0, 0, 0, '123168'), -- 127477 - -Unknown-
(127480, 0, 0, 0, 1, 0, 0, 0, 0, '196285'), -- 127480 - -Unknown-
(136692, 0, 0, 8, 1, 0, 0, 0, 0, ''), -- 136692
(127381, 0, 0, 0, 1, 0, 0, 0, 0, ''), -- 127381
(136696, 0, 0, 0, 1, 0, 0, 0, 0, ''), -- 136696
(127482, 0, 0, 0, 1, 0, 0, 0, 0, ''), -- 127482
(78694, 0, 0, 0, 1, 0, 0, 0, 0, ''), -- 78694
(76672, 0, 0, 0, 1, 0, 0, 0, 0, '159974'); -- 76672 - -Unknown-

DELETE FROM `creature_template_scaling` WHERE `Entry` IN (129274, 129271, 129272, 135699, 135706, 130655, 130087, 135629, 135624, 135633, 135635, 131785, 95072, 113845, 127479, 135535, 133605, 136735, 127499, 131445, 136737, 135289, 135779, 127484, 131856, 130207, 136724, 129697, 131444, 127503, 136665, 127490, 129437, 131112, 130026, 130685, 134025, 127486, 130025, 127485, 127478, 130683, 127488, 130027, 135254, 130582, 127497, 135366, 133636, 133972, 130028, 133599, 127477, 127480, 136692, 127381, 136696, 127482, 78694, 76672);
INSERT INTO `creature_template_scaling` (`Entry`, `LevelScalingMin`, `LevelScalingMax`, `LevelScalingDeltaMin`, `LevelScalingDeltaMax`, `VerifiedBuild`) VALUES
(129274, 110,120, 0, 0, 28153),
(129271, 110, 120, 0, 0, 28153),
(129272, 110, 120, 0, 0, 28153),
(135699, 110, 120, 0, 0, 28153),
(135706, 110, 120, 0, 0, 28153),
(130655, 110, 120, 0, 0, 28153),
(130087, 110, 120, 0, 0, 28153),
(135629, 110, 120, 0, 0, 28153),
(135624, 110, 120, 0, 0, 28153),
(135633, 110, 120, 0, 0, 28153),
(135635, 110, 120, 0, 0, 28153),
(131785, 110, 120, 0, 0, 28153),
(113845, 110, 120, 0, 0, 28153),
(127479, 110, 120, 0, 0, 28153),
(135535, 110, 120, 0, 0, 28153),
(133605, 110, 120, 0, 0, 28153),
(136735, 110, 120, 0, 0, 28153),
(127499, 110, 120, 0, 0, 28153),
(131445, 110, 120, 0, 0, 28153),
(136737, 110, 120, 0, 0, 28153),
(135289, 110, 120, 0, 0, 28153),
(135779, 110, 120, 0, 0, 28153),
(127484, 110, 120, 0, 0, 28153),
(131856, 110, 120, 0, 0, 28153),
(130207, 110, 120, 0, 0, 28153),
(136724, 110, 120, 0, 0, 28153),
(129697, 110, 120, 0, 0, 28153),
(131444, 110, 120, 0, 0, 28153),
(127503, 110, 120, 2, 2, 28153),
(136665, 110, 120, 0, 0, 28153),
(127490, 110, 120, 2, 2, 28153),
(129437, 110, 120, 0, 0, 28153),
(131112, 110, 120, 0, 0, 28153),
(130026, 110, 120, 0, 0, 28153),
(130685, 110, 120, 0, 0, 28153),
(134025, 110, 120, 0, 0, 28153),
(127486, 110, 120, 0, 0, 28153),
(130025, 110, 120, 0, 0, 28153),
(127485, 110, 120, 0, 0, 28153),
(127478, 120, 120, 0, 0, 28153),
(130683, 120, 120, 0, 0, 28153),
(127488, 120, 120, 0, 0, 28153),
(130027, 120, 120, 0, 0, 28153),
(135254, 120, 120, 0, 0, 28153),
(130582, 120, 120, 0, 0, 28153),
(127497, 120, 120, 0, 0, 28153),
(135366, 120, 120, 0, 0, 28153),
(133636, 120, 120, 0, 0, 28153),
(133972, 120, 120, 0, 0, 28153),
(130028, 120, 120, 0, 0, 28153),
(133599, 120, 120, 0, 0, 28153),
(127477, 120, 120, 0, 0, 28153),
(127480, 120, 120, 0, 0, 28153),
(136692, 120, 120, 0, 0, 28153),
(127381, 120 , 120, 0, 0, 28153),
(136696, 120, 120, 0, 0, 28153),
(127482, 120, 120, 0, 0, 28153);


DELETE from `creature_loot_template` where `entry` in (127479,127484,127490,127503);
INSERT INTO `creature_loot_template`(`Entry`, `Item`, `Reference`, `Chance`, `QuestRequired`, `LootMode`, `GroupId`, `MinCount`, `MaxCount`, `Comment`) VALUES 
(127479, 159656, 0, 0.001, 0, 1, 0, 1, 1, NULL),
(127479, 159392, 0, 2.66, 0, 1, 0, 1, 1, NULL),
(127479, 160215, 0, 10.89, 0, 1, 0, 1, 1, NULL),
(127479, 158360, 0, 1.723, 0, 1, 0, 1, 1, NULL),
(127479, 159332, 0, 0.158, 0, 1, 0, 1, 1, NULL),
(127479, 160110, 0, 0.038, 0, 1, 0, 1, 1, NULL),
(127479, 159460, 0, 0.156, 0, 1, 0, 1, 1, NULL),
(127479, 159668, 0, 0.065, 0, 1, 0, 1, 1, NULL),
(127484, 159293, 0, 12.00, 0, 1, 0, 1, 1, NULL),
(127484, 159306, 0, 3.00, 0, 1, 0, 1, 1, NULL),
(127484, 159266, 0, 3.00, 0, 1, 0, 1, 1, NULL),
(127484, 159627, 0, 2.00, 0, 1, 0, 1, 1, NULL),
(127484, 159363, 0, 1.70, 0, 1, 0, 1, 1, NULL),
(127484, 159666, 0, 1.70, 0, 1, 0, 1, 1, NULL),
(127484, 159131, 0, 0.11, 0, 1, 0, 1, 1, NULL),
(127490, 159441, 0, 0.158, 0, 1, 0, 1, 1, NULL),
(127490, 159277, 0, 0.038, 0, 1, 0, 1, 1, NULL),
(127490, 159333, 0, 0.156, 0, 1, 0, 1, 1, NULL),
(127490, 159274, 0, 0.065, 0, 1, 0, 1, 1, NULL),
(127490, 159444, 0, 12.00, 0, 1, 0, 1, 1, NULL),
(127490, 159343, 0, 3.00, 0, 1, 0, 1, 1, NULL),
(127490, 159389, 0, 3.00, 0, 1, 0, 1, 1, NULL),
(127490, 159390, 0, 2.00, 0, 1, 0, 1, 1, NULL),
(127490, 159615, 0, 1.70, 0, 1, 0, 1, 1, NULL),
(127503, 159666, 0, 1.70, 0, 1, 0, 1, 1, NULL),
(127503, 159131, 0, 0.11, 0, 1, 0, 1, 1, NULL);


DELETE FROM `gameobject` WHERE `guid` BETWEEN @OGUID+0 AND @OGUID+60;
INSERT INTO `gameobject` (`guid`, `id`, `map`, `zoneId`, `areaId`, `spawnDifficulties`, `PhaseId`, `PhaseGroup`, `position_x`, `position_y`, `position_z`, `orientation`, `rotation0`, `rotation1`, `rotation2`, `rotation3`, `spawntimesecs`, `animprogress`, `state`, `VerifiedBuild`) VALUES
(@OGUID+0, 280662, 1771, 9327, 9327, '0', '11903', 0, 79.27257, -2941.302, -0.2384153, 4.660105, 0, 0, -0.7253485, 0.6883819, 7200, 255, 1, 28153), -- Boat (Area: -Unknown- - Difficulty: 2)
(@OGUID+1, 252245, 1771, 9327, 9327, '0', '11903', 0, 79.10938, -2942.524, 1.989226, 1.44067, 0, 0, 0.6596365, 0.7515848, 7200, 255, 1, 28153), -- -Unknown- (Area: -Unknown- - Difficulty: 2)
(@OGUID+2, 284467, 1771, 9327, 9327, '0', '11903', 0, 141.6034, -2734.176, 4.933897, 0.9599299, 0, 0, 0.4617481, 0.8870111, 7200, 255, 0, 28153), -- Sewer Grate (Area: -Unknown- - Difficulty: 2)
(@OGUID+3, 281044, 1771, 9327, 9327, '0', '11903', 0, 145.7906, -2707.734, 44.1004, 0.9599299, 0, 0, 0.4617481, 0.8870111, 7200, 255, 1, 28153), -- Prison Bars (Area: -Unknown- - Difficulty: 2)
(@OGUID+4, 281057, 1771, 9327, 9327, '0', '11903', 0, 155.6115, -2714.594, 13.50222, 0.9599299, 0, 0, 0.4617481, 0.8870111, 7200, 255, 0, 28153), -- Doodad_8DU_KulTirasPrison_halldoor_long010 (Area: -Unknown- - Difficulty: 2)
(@OGUID+5, 282420, 1771, 9327, 9327, '0', '11903', 0, 158.2743, -2737.186, 45.26189, 2.608522, 0, 0, 0.9646893, 0.2633906, 7200, 255, 1, 28153), -- Discarded Cell Key (Area: -Unknown- - Difficulty: 2)
(@OGUID+6, 281046, 1771, 9327, 9327, '0', '11903', 0, 145.7905, -2707.734, 28.81423, 0.9599299, 0, 0, 0.4617481, 0.8870111, 7200, 255, 1, 28153), -- Prison Bars (Area: -Unknown- - Difficulty: 2)
(@OGUID+7, 281045, 1771, 9327, 9327, '0', '11903', 0, 132.0367, -2697.47, 28.81423, 4.101525, 0, 0, -0.8870106, 0.4617491, 7200, 255, 1, 28153), -- Prison Bars (Area: -Unknown- - Difficulty: 2)
(@OGUID+8, 281049, 1771, 9327, 9327, '0', '11903', 0, 85.1086, -2695.388, 60.97876, 2.530723, 0, 0, 0.9537163, 0.3007079, 7200, 255, 0, 28153), -- Armory Gate (Area: -Unknown- - Difficulty: 2)
(@OGUID+9, 281048, 1771, 9327, 9327, '0', '11903', 0, 124.7249, -2692.984, 28.81423, 0.9599299, 0, 0, 0.4617481, 0.8870111, 7200, 255, 1, 28153), -- Prison Bars (Area: -Unknown- - Difficulty: 2)
(@OGUID+10, 281033, 1771, 9327, 9327, '0', '11903', 0, 154.5183, -2702.965, 28.77837, 2.530723, 0, 0, 0.9537163, 0.3007079, 7200, 255, 1, 28153), -- Prison Grate (Area: -Unknown- - Difficulty: 2)
(@OGUID+11, 281043, 1771, 9327, 9327, '0', '11903', 0, 139.0067, -2702.351, 44.1004, 4.101525, 0, 0, -0.8870106, 0.4617491, 7200, 255, 1, 28153), -- Prison Bars (Area: -Unknown- - Difficulty: 2)
(@OGUID+12, 281042, 1771, 9327, 9327, '0', '11903', 0, 131.8206, -2697.952, 44.1004, 0.9599299, 0, 0, 0.4617481, 0.8870111, 7200, 255, 1, 28153), -- Prison Bars (Area: -Unknown- - Difficulty: 2)
(@OGUID+13, 281198, 1771, 9327, 9327, '0', '11903', 0, 163.2907, -2704.028, 11.79921, 0.9599299, 0.8870111, 0.4617481, 0, 0, 7200, 255, 1, 28153), -- Sewer Grate (Area: -Unknown- - Difficulty: 2)
(@OGUID+14, 281035, 1771, 9327, 9327, '0', '11903', 0, 154.4131, -2702.74, 59.48944, 5.67232, 0, 0, -0.3007059, 0.9537169, 7200, 255, 1, 28153), -- Prison Grate (Area: -Unknown- - Difficulty: 2)
(@OGUID+15, 242273, 1771, 9327, 9327, '0', '11903', 0, 141.3785, -2708.399, 76.88374, 4.062675, 0, 0, -0.895812, 0.4444331, 7200, 255, 1, 28153), -- Collision PC Size (Area: -Unknown- - Difficulty: 2)
(@OGUID+16, 281047, 1771, 9327, 9327, '0', '11903', 0, 118.0401, -2687.67, 28.81423, 4.101525, 0, 0, -0.8870106, 0.4617491, 7200, 255, 1, 28153), -- Prison Bars (Area: -Unknown- - Difficulty: 2)
(@OGUID+17, 281051, 1771, 9327, 9327, '0', '11903', 0, 176.8682, -2698.766, 59.38685, 5.67232, 0, 0, -0.3007059, 0.9537169, 7200, 255, 0, 28153), -- Doodad_8DU_KulTirasPrison_halldoor_long004 (Area: -Unknown- - Difficulty: 2)
(@OGUID+18, 282420, 1771, 9327, 9327, '0', '11903', 0, 121.8194, -2683.764, 10.69549, 5.608119, 0, 0, -0.3311605, 0.9435744, 7200, 255, 1, 28153), -- Discarded Cell Key (Area: -Unknown- - Difficulty: 2)
(@OGUID+19, 281126, 1771, 9327, 9327, '0', '11903', 0, 102.9748, -2690.02, 29.18408, 2.268925, 0, 0, 0.9063072, 0.4226195, 7200, 255, 1, 28153), -- Stool (Area: -Unknown- - Difficulty: 2)
(@OGUID+20, 281125, 1771, 9327, 9327, '0', '11903', 0, 101.2511, -2687.686, 29.18408, 2.268925, 0, 0, 0.9063072, 0.4226195, 7200, 255, 1, 28153), -- Stool (Area: -Unknown- - Difficulty: 2)
(@OGUID+21, 281243, 1771, 9327, 9327, '0', '11903', 0, 122.1425, -2697.336, 59.73675, 2.530723, 0, 0, 0.9537163, 0.3007079, 7200, 255, 1, 28153), -- Chair (Area: -Unknown- - Difficulty: 2)
(@OGUID+22, 281244, 1771, 9327, 9327, '0', '11903', 0, 119.7813, -2695.72, 59.73675, 5.67232, 0, 0, -0.3007059, 0.9537169, 7200, 255, 1, 28153), -- Chair (Area: -Unknown- - Difficulty: 2)
(@OGUID+23, 242273, 1771, 9327, 9327, '0', '11903', 0, 118.6944, -2692.597, 76.88358, 4.087878, 0, 0, -0.8901405, 0.4556861, 7200, 255, 1, 28153), -- Collision PC Size (Area: -Unknown- - Difficulty: 2)
(@OGUID+24, 281050, 1771, 9327, 9327, '0', '11903', 0, 204.3, -2702.303, 59.38685, 4.101525, 0, 0, -0.8870106, 0.4617491, 7200, 255, 0, 28153), -- Doodad_8DU_KulTirasPrison_halldoor_long003 (Area: -Unknown- - Difficulty: 2)
(@OGUID+25, 281054, 1771, 9327, 9327, '0', '11903', 0, 105.8257, -2668.916, 44.13253, 5.67232, 0, 0, -0.3007059, 0.9537169, 7200, 255, 0, 28153), -- Doodad_8DU_KulTirasPrison_halldoor_long007 (Area: -Unknown- - Difficulty: 2)
(@OGUID+26, 293959, 1771, 9327, 9327, '0', '11903', 0, 87.35243, -2686.632, 63.70531, 3.851717, 0, 0, -0.9376249, 0.3476485, 7200, 255, 1, 28153), -- Ashvane Skeleton Keys (Area: -Unknown- - Difficulty: 2)
(@OGUID+27, 281056, 1771, 9327, 9327, '0', '11903', 0, 186.6305, -2685.731, 28.80179, 2.530723, 0, 0, 0.9537163, 0.3007079, 7200, 255, 0, 28153), -- Doodad_8DU_KulTirasPrison_halldoor_long009 (Area: -Unknown- - Difficulty: 2)
(@OGUID+28, 282420, 1771, 9327, 9327, '0', '11903', 0, 161.7951, -2688.104, 32.07758, 5.869371, 0, 0, -0.2054338, 0.978671, 7200, 255, 1, 28153), -- Discarded Cell Key (Area: -Unknown- - Difficulty: 2)
(@OGUID+29, 281032, 1771, 9327, 9327, '0', '11903', 0, 121.1677, -2670.216, 44.03715, 4.101525, 0, 0, -0.8870106, 0.4617491, 7200, 255, 1, 28153), -- Prison Grate (Area: -Unknown- - Difficulty: 2)
(@OGUID+30, 242273, 1771, 9327, 9327, '0', '11903', 0, 179.7656, -2700.786, 76.84337, 5.640946, 0, 0, -0.315629, 0.9488827, 7200, 255, 1, 28153), -- Collision PC Size (Area: -Unknown- - Difficulty: 2)
(@OGUID+31, 281052, 1771, 9327, 9327, '0', '11903', 0, 105.8257, -2668.916, 59.38685, 5.67232, 0, 0, -0.3007059, 0.9537169, 7200, 255, 0, 28153), -- Doodad_8DU_KulTirasPrison_halldoor_long005 (Area: -Unknown- - Difficulty: 2)
(@OGUID+32, 281034, 1771, 9327, 9327, '0', '11903', 0, 117.3431, -2667.794, 59.48944, 0.9599299, 0, 0, 0.4617481, 0.8870111, 7200, 255, 1, 28153), -- Prison Grate (Area: -Unknown- - Difficulty: 2)
(@OGUID+33, 282420, 1771, 9327, 9327, '0', '11903', 0, 169.224, -2684.366, 14.1876, 2.247102, 0, 0, 0.9016418, 0.4324835, 7200, 255, 1, 28153), -- Discarded Cell Key (Area: -Unknown- - Difficulty: 2)
(@OGUID+34, 281030, 1771, 9327, 9327, '0', '11903', 0, 79.9553, -2665.522, 60.97876, 4.101525, 0, 0, -0.8870106, 0.4617491, 7200, 255, 0, 28153), -- Armory Gate (Area: -Unknown- - Difficulty: 2)
(@OGUID+35, 282420, 1771, 9327, 9327, '0', '11903', 0, 172.2153, -2684.826, 29.93265, 1.755509, 0, 0, 0.7693062, 0.6388803, 7200, 255, 1, 28153), -- Discarded Cell Key (Area: -Unknown- - Difficulty: 2)
(@OGUID+36, 281028, 1771, 9327, 9327, '0', '11903', 0, 130.9566, -2656.236, 44.03715, 0.9599299, 0, 0, 0.4617481, 0.8870111, 7200, 255, 0, 28153), -- Doodad_8DU_KulTirasPrison_door_long001 (Area: -Unknown- - Difficulty: 2)
(@OGUID+37, 281241, 1771, 9327, 9327, '0', '11903', 0, 190.9137, -2684.593, 59.73703, 0.8726639, 0, 0, 0.4226179, 0.9063079, 7200, 255, 1, 28153), -- Chair (Area: -Unknown- - Difficulty: 2)
(@OGUID+38, 281039, 1771, 9327, 9327, '0', '11903', 0, 174.3271, -2666.979, 28.81423, 0.9599299, 0, 0, 0.4617481, 0.8870111, 7200, 255, 1, 28153), -- Prison Bars (Area: -Unknown- - Difficulty: 2)
(@OGUID+39, 281038, 1771, 9327, 9327, '0', '11903', 0, 167.5841, -2661.625, 28.81423, 4.101525, 0, 0, -0.8870106, 0.4617491, 7200, 255, 1, 28153), -- Prison Bars (Area: -Unknown- - Difficulty: 2)
(@OGUID+40, 281037, 1771, 9327, 9327, '0', '11903', 0, 174.3272, -2666.98, 44.1004, 0.9599299, 0, 0, 0.4617481, 0.8870111, 7200, 255, 1, 28153), -- Prison Bars (Area: -Unknown- - Difficulty: 2)
(@OGUID+41, 282420, 1771, 9327, 9327, '0', '11903', 0, 183.7587, -2676.024, 49.23442, 0.8193529, 0, 0, 0.3983126, 0.9172497, 7200, 255, 1, 28153), -- Discarded Cell Key (Area: -Unknown- - Difficulty: 2)
(@OGUID+42, 281123, 1771, 9327, 9327, '0', '11903', 0, 187.1082, -2670.412, 29.18408, 2.530723, 0, 0, 0.9537163, 0.3007079, 7200, 255, 1, 28153), -- Stool (Area: -Unknown- - Difficulty: 2)
(@OGUID+43, 281031, 1771, 9327, 9327, '0', '11903', 0, 160.3572, -2657.198, 44.1004, 0.9599299, 0, 0, 0.4617481, 0.8870111, 7200, 255, 1, 28153), -- Prison Bars (Area: -Unknown- - Difficulty: 2)
(@OGUID+44, 281029, 1771, 9327, 9327, '0', '11903', 0, 137.8017, -2651.606, 28.77837, 5.67232, 0, 0, -0.3007059, 0.9537169, 7200, 255, 1, 28153), -- Prison Grate (Area: -Unknown- - Difficulty: 2)
(@OGUID+45, 281240, 1771, 9327, 9327, '0', '11903', 0, 198.7469, -2684.45, 59.73703, 0.8726639, 0, 0, 0.4226179, 0.9063079, 7200, 255, 1, 28153), -- Chair (Area: -Unknown- - Difficulty: 2)
(@OGUID+46, 281036, 1771, 9327, 9327, '0', '11903', 0, 167.5433, -2661.597, 44.1004, 4.101525, 0, 0, -0.8870106, 0.4617491, 7200, 255, 1, 28153), -- Prison Bars (Area: -Unknown- - Difficulty: 2)
(@OGUID+47, 281162, 1771, 9327, 9327, '0', '11903', 0, 112.6093, -2649.811, 54.59174, 2.313023, 0, 0, 0.9154043, 0.4025356, 7200, 255, 1, 28153), -- Doodad_8hu_KulTiras_ChairSmall003 (Area: -Unknown- - Difficulty: 2)
(@OGUID+48, 281041, 1771, 9327, 9327, '0', '11903', 0, 153.3364, -2652.282, 28.81423, 0.9599299, 0, 0, 0.4617481, 0.8870111, 7200, 255, 1, 28153), -- Prison Bars (Area: -Unknown- - Difficulty: 2)
(@OGUID+49, 281055, 1771, 9327, 9327, '0', '11903', 0, 136.7563, -2640.08, 28.83296, 4.101525, 0, 0, -0.8870106, 0.4617491, 7200, 255, 0, 28153), -- Doodad_8DU_KulTirasPrison_halldoor_long008 (Area: -Unknown- - Difficulty: 2)
(@OGUID+50, 281239, 1771, 9327, 9327, '0', '11903', 0, 188.0503, -2675.053, 59.73703, 5.759588, 0, 0, -0.2588186, 0.9659259, 7200, 255, 1, 28153), -- Chair (Area: -Unknown- - Difficulty: 2)
(@OGUID+51, 281238, 1771, 9327, 9327, '0', '11903', 0, 190.8619, -2672.769, 59.73703, 4.188792, 0, 0, -0.866025, 0.5000008, 7200, 255, 1, 28153), -- Chair (Area: -Unknown- - Difficulty: 2)
(@OGUID+52, 281236, 1771, 9327, 9327, '0', '11903', 0, 179.7037, -2668.746, 59.73703, 5.759588, 0, 0, -0.2588186, 0.9659259, 7200, 255, 1, 28153), -- Chair (Area: -Unknown- - Difficulty: 2)
(@OGUID+53, 281124, 1771, 9327, 9327, '0', '11903', 0, 184.8392, -2668.604, 29.18408, 5.67232, 0, 0, -0.3007059, 0.9537169, 7200, 255, 1, 28153), -- Stool (Area: -Unknown- - Difficulty: 2)
(@OGUID+54, 281040, 1771, 9327, 9327, '0', '11903', 0, 146.5767, -2646.916, 28.81423, 4.101525, 0, 0, -0.8870106, 0.4617491, 7200, 255, 1, 28153), -- Prison Bars (Area: -Unknown- - Difficulty: 2)
(@OGUID+55, 281053, 1771, 9327, 9327, '0', '11903', 0, 136.7357, -2640.066, 44.04676, 4.101525, 0, 0, -0.8870106, 0.4617491, 7200, 255, 0, 28153), -- Iron Bars (Area: -Unknown- - Difficulty: 2)
(@OGUID+56, 242273, 1771, 9327, 9327, '0', '11903', 0, 112.4774, -2653.965, 76.844, 2.503618, 0, 0, 0.9495535, 0.3136051, 7200, 255, 1, 28153), -- Collision PC Size (Area: -Unknown- - Difficulty: 2)
(@OGUID+57, 281237, 1771, 9327, 9327, '0', '11903', 0, 195.4532, -2670.325, 59.73703, 3.57793, 0, 0, -0.9762955, 0.2164421, 7200, 255, 1, 28153), -- Chair (Area: -Unknown- - Difficulty: 2)
(@OGUID+58, 281242, 1771, 9327, 9327, '0', '11903', 0, 181.6117, -2666.143, 59.73703, 5.061456, 0, 0, -0.573576, 0.8191524, 7200, 255, 1, 28153), -- Chair (Area: -Unknown- - Difficulty: 2)
(@OGUID+59, 242273, 1771, 9327, 9327, '0', '11903', 0, 173.6094, -2662.078, 76.88357, 0.949751, 0, 0, 0.4572277, 0.8893496, 7200, 255, 1, 28153), -- Collision PC Size (Area: -Unknown- - Difficulty: 2)
(@OGUID+60, 242273, 1771, 9327, 9327, '0', '11903', 0, 151.059, -2646.142, 76.88383, 0.9149683, 0, 0, 0.4416924, 0.8971666, 7200, 255, 1, 28153); -- Collision PC Size (Area: -Unknown- - Difficulty: 2)

DELETE FROM `gameobject_addon` WHERE `guid` BETWEEN @OGUID+0 AND @OGUID+60;
INSERT INTO `gameobject_addon` (`guid`, `parent_rotation0`, `parent_rotation1`, `parent_rotation2`, `parent_rotation3`) VALUES
(@OGUID+2, 0, 0, -0.3007061, 0.9537169), -- Sewer Grate
(@OGUID+3, 0, 0, -0.3007061, 0.9537169), -- Prison Bars
(@OGUID+4, 0, 0, -0.3007061, 0.9537169), -- Doodad_8DU_KulTirasPrison_halldoor_long010
(@OGUID+6, 0, 0, -0.3007061, 0.9537169), -- Prison Bars
(@OGUID+7, 0, 0, -0.3007061, 0.9537169), -- Prison Bars
(@OGUID+8, 0, 0, -0.3007061, 0.9537169), -- Armory Gate
(@OGUID+9, 0, 0, -0.3007061, 0.9537169), -- Prison Bars
(@OGUID+10, 0, 0, -0.3007061, 0.9537169), -- Prison Grate
(@OGUID+11, 0, 0, -0.3007061, 0.9537169), -- Prison Bars
(@OGUID+12, 0, 0, -0.3007061, 0.9537169), -- Prison Bars
(@OGUID+13, 0, 0, -0.3007061, 0.9537169), -- Sewer Grate
(@OGUID+14, 0, 0, -0.3007061, 0.9537169), -- Prison Grate
(@OGUID+16, 0, 0, -0.3007061, 0.9537169), -- Prison Bars
(@OGUID+17, 0, 0, -0.3007061, 0.9537169), -- Doodad_8DU_KulTirasPrison_halldoor_long004
(@OGUID+19, 0, 0, -0.3007061, 0.9537169), -- Stool
(@OGUID+20, 0, 0, -0.3007061, 0.9537169), -- Stool
(@OGUID+21, 0, 0, -0.3007061, 0.9537169), -- Chair
(@OGUID+22, 0, 0, -0.3007061, 0.9537169), -- Chair
(@OGUID+24, 0, 0, -0.3007061, 0.9537169), -- Doodad_8DU_KulTirasPrison_halldoor_long003
(@OGUID+25, 0, 0, -0.3007061, 0.9537169), -- Doodad_8DU_KulTirasPrison_halldoor_long007
(@OGUID+27, 0, 0, -0.3007061, 0.9537169), -- Doodad_8DU_KulTirasPrison_halldoor_long009
(@OGUID+29, 0, 0, -0.3007061, 0.9537169), -- Prison Grate
(@OGUID+31, 0, 0, -0.3007061, 0.9537169), -- Doodad_8DU_KulTirasPrison_halldoor_long005
(@OGUID+32, 0, 0, -0.3007061, 0.9537169), -- Prison Grate
(@OGUID+34, 0, 0, -0.3007061, 0.9537169), -- Armory Gate
(@OGUID+36, 0, 0, -0.3007061, 0.9537169), -- Doodad_8DU_KulTirasPrison_door_long001
(@OGUID+37, 0, 0, -0.3007061, 0.9537169), -- Chair
(@OGUID+38, 0, 0, -0.3007061, 0.9537169), -- Prison Bars
(@OGUID+39, 0, 0, -0.3007061, 0.9537169), -- Prison Bars
(@OGUID+40, 0, 0, -0.3007061, 0.9537169), -- Prison Bars
(@OGUID+42, 0, 0, -0.3007061, 0.9537169), -- Stool
(@OGUID+43, 0, 0, -0.3007061, 0.9537169), -- Prison Bars
(@OGUID+44, 0, 0, -0.3007061, 0.9537169), -- Prison Grate
(@OGUID+45, 0, 0, -0.3007061, 0.9537169), -- Chair
(@OGUID+46, 0, 0, -0.3007061, 0.9537169), -- Prison Bars
(@OGUID+47, 0, 0, -0.3007061, 0.9537169), -- Doodad_8hu_KulTiras_ChairSmall003
(@OGUID+48, 0, 0, -0.3007061, 0.9537169), -- Prison Bars
(@OGUID+49, 0, 0, -0.3007061, 0.9537169), -- Doodad_8DU_KulTirasPrison_halldoor_long008
(@OGUID+50, 0, 0, -0.3007061, 0.9537169), -- Chair
(@OGUID+51, 0, 0, -0.3007061, 0.9537169), -- Chair
(@OGUID+52, 0, 0, -0.3007061, 0.9537169), -- Chair
(@OGUID+53, 0, 0, -0.3007061, 0.9537169), -- Stool
(@OGUID+54, 0, 0, -0.3007061, 0.9537169), -- Prison Bars
(@OGUID+55, 0, 0, -0.3007061, 0.9537169), -- Iron Bars
(@OGUID+57, 0, 0, -0.3007061, 0.9537169), -- Chair
(@OGUID+58, 0, 0, -0.3007061, 0.9537169); -- Chair


DELETE FROM `gameobject_template` WHERE `entry` IN (281053 /*Iron Bars*/, 281237 /*Chair*/, 281242 /*Chair*/, 281055 /*Doodad_8DU_KulTirasPrison_halldoor_long008*/, 281238 /*Chair*/, 281236 /*Chair*/, 281040 /*Prison Bars*/, 281124 /*Stool*/, 281239 /*Chair*/, 281123 /*Stool*/, 281041 /*Prison Bars*/, 281162 /*Doodad_8hu_KulTiras_ChairSmall003*/, 281240 /*Chair*/, 281031 /*Prison Bars*/, 281029 /*Prison Grate*/, 281036 /*Prison Bars*/, 281241 /*Chair*/, 281038 /*Prison Bars*/, 281037 /*Prison Bars*/, 281028 /*Doodad_8DU_KulTirasPrison_door_long001*/, 281039 /*Prison Bars*/, 281030 /*Armory Gate*/, 281034 /*Prison Grate*/, 281052 /*Doodad_8DU_KulTirasPrison_halldoor_long005*/, 281032 /*Prison Grate*/, 281056 /*Doodad_8DU_KulTirasPrison_halldoor_long009*/, 281054 /*Doodad_8DU_KulTirasPrison_halldoor_long007*/, 281050 /*Doodad_8DU_KulTirasPrison_halldoor_long003*/, 293959 /*Ashvane Skeleton Keys*/, 281125 /*Stool*/, 281051 /*Doodad_8DU_KulTirasPrison_halldoor_long004*/, 281244 /*Chair*/, 281243 /*Chair*/, 281126 /*Stool*/, 281047 /*Prison Bars*/, 281035 /*Prison Grate*/, 281049 /*Armory Gate*/, 281048 /*Prison Bars*/, 281042 /*Prison Bars*/, 281198 /*Sewer Grate*/, 281033 /*Prison Grate*/, 281045 /*Prison Bars*/, 281043 /*Prison Bars*/, 281044 /*Prison Bars*/, 281046 /*Prison Bars*/, 281057 /*Doodad_8DU_KulTirasPrison_halldoor_long010*/, 282420 /*Discarded Cell Key*/, 284467 /*Sewer Grate*/, 280662 /*Boat*/);
INSERT INTO `gameobject_template` (`entry`, `type`, `displayId`, `name`, `IconName`, `castBarCaption`, `unk1`, `size`, `Data0`, `Data1`, `Data2`, `Data3`, `Data4`, `Data5`, `Data6`, `Data7`, `Data8`, `Data9`, `Data10`, `Data11`, `Data12`, `Data13`, `Data14`, `Data15`, `Data16`, `Data17`, `Data18`, `Data19`, `Data20`, `Data21`, `Data22`, `Data23`, `Data24`, `Data25`, `Data26`, `Data27`, `Data28`, `Data29`, `Data30`, `Data31`, `Data32`, `Data33`, `RequiredLevel`, `VerifiedBuild`) VALUES
(281053, 0, 47448, 'Iron Bars', '', '', '', 1, 0, 5, 0, 0, 0, 0, 0, 0, 0, 0, 0, 0, 0, 0, 0, 0, 0, 0, 0, 0, 0, 0, 0, 0, 0, 0, 0, 0, 0, 0, 0, 0, 0, 0, 0, 28153), -- Iron Bars
(281237, 7, 47630, 'Chair', '', '', '', 1, 1, 1, 0, 0, 0, 0, 0, 0, 0, 0, 0, 0, 0, 0, 0, 0, 0, 0, 0, 0, 0, 0, 0, 0, 0, 0, 0, 0, 0, 0, 0, 0, 0, 0, 0, 28153), -- Chair
(281242, 7, 47630, 'Chair', '', '', '', 1, 1, 1, 0, 0, 0, 0, 0, 0, 0, 0, 0, 0, 0, 0, 0, 0, 0, 0, 0, 0, 0, 0, 0, 0, 0, 0, 0, 0, 0, 0, 0, 0, 0, 0, 0, 28153), -- Chair
(281055, 0, 47448, 'Doodad_8DU_KulTirasPrison_halldoor_long008', '', '', '', 1, 1, 0, 0, 0, 0, 0, 0, 0, 1, 0, 0, 0, 0, 0, 0, 0, 0, 0, 0, 0, 0, 0, 0, 0, 0, 0, 0, 0, 0, 0, 0, 0, 0, 0, 0, 28153), -- Doodad_8DU_KulTirasPrison_halldoor_long008
(281238, 7, 47630, 'Chair', '', '', '', 1, 1, 1, 0, 0, 0, 0, 0, 0, 0, 0, 0, 0, 0, 0, 0, 0, 0, 0, 0, 0, 0, 0, 0, 0, 0, 0, 0, 0, 0, 0, 0, 0, 0, 0, 0, 28153), -- Chair
(281236, 7, 47630, 'Chair', '', '', '', 1, 1, 1, 0, 0, 0, 0, 0, 0, 0, 0, 0, 0, 0, 0, 0, 0, 0, 0, 0, 0, 0, 0, 0, 0, 0, 0, 0, 0, 0, 0, 0, 0, 0, 0, 0, 28153), -- Chair
(281040, 0, 47449, 'Prison Bars', '', '', '', 1, 0, 2837, 12000, 0, 0, 0, 0, 0, 0, 1, 0, 0, 0, 0, 0, 0, 0, 0, 0, 0, 0, 0, 0, 0, 0, 0, 0, 0, 0, 0, 0, 0, 0, 0, 0, 28153), -- Prison Bars
(281124, 7, 47037, 'Stool', '', '', '', 1, 1, 0, 0, 0, 0, 0, 0, 0, 0, 0, 0, 0, 0, 0, 0, 0, 0, 0, 0, 0, 0, 0, 0, 0, 0, 0, 0, 0, 0, 0, 0, 0, 0, 0, 0, 28153), -- Stool
(281239, 7, 47630, 'Chair', '', '', '', 1, 1, 1, 0, 0, 0, 0, 0, 0, 0, 0, 0, 0, 0, 0, 0, 0, 0, 0, 0, 0, 0, 0, 0, 0, 0, 0, 0, 0, 0, 0, 0, 0, 0, 0, 0, 28153), -- Chair
(281123, 7, 47037, 'Stool', '', '', '', 1, 1, 0, 0, 0, 0, 0, 0, 0, 0, 0, 0, 0, 0, 0, 0, 0, 0, 0, 0, 0, 0, 0, 0, 0, 0, 0, 0, 0, 0, 0, 0, 0, 0, 0, 0, 28153), -- Stool
(281041, 0, 47449, 'Prison Bars', '', '', '', 1, 0, 2837, 12000, 0, 0, 0, 0, 0, 0, 1, 0, 0, 0, 0, 0, 0, 0, 0, 0, 0, 0, 0, 0, 0, 0, 0, 0, 0, 0, 0, 0, 0, 0, 0, 0, 28153), -- Prison Bars
(281162, 0, 47541, 'Doodad_8hu_KulTiras_ChairSmall003', '', '', '', 1, 0, 0, 3000, 0, 0, 0, 0, 0, 1, 0, 0, 0, 0, 0, 0, 0, 0, 0, 0, 0, 0, 0, 0, 0, 0, 0, 0, 0, 0, 0, 0, 0, 0, 0, 0, 28153), -- Doodad_8hu_KulTiras_ChairSmall003
(281240, 7, 47630, 'Chair', '', '', '', 1, 1, 1, 0, 0, 0, 0, 0, 0, 0, 0, 0, 0, 0, 0, 0, 0, 0, 0, 0, 0, 0, 0, 0, 0, 0, 0, 0, 0, 0, 0, 0, 0, 0, 0, 0, 28153), -- Chair
(281031, 0, 47449, 'Prison Bars', '', '', '', 1, 0, 2837, 12000, 0, 0, 0, 0, 0, 0, 1, 0, 0, 0, 0, 0, 0, 0, 0, 0, 0, 0, 0, 0, 0, 0, 0, 0, 0, 0, 0, 0, 0, 0, 0, 0, 28153), -- Prison Bars
(281029, 0, 47447, 'Prison Grate', '', '', '', 1, 0, 2348, 0, 0, 0, 0, 0, 0, 1, 0, 0, 0, 0, 0, 0, 0, 0, 0, 0, 0, 0, 0, 0, 0, 0, 0, 0, 0, 0, 0, 0, 0, 0, 0, 0, 28153), -- Prison Grate
(281036, 0, 47449, 'Prison Bars', '', '', '', 1, 0, 2837, 12000, 0, 0, 0, 0, 0, 0, 1, 0, 0, 0, 0, 0, 0, 0, 0, 0, 0, 0, 0, 0, 0, 0, 0, 0, 0, 0, 0, 0, 0, 0, 0, 0, 28153), -- Prison Bars
(281241, 7, 47630, 'Chair', '', '', '', 1, 1, 1, 0, 0, 0, 0, 0, 0, 0, 0, 0, 0, 0, 0, 0, 0, 0, 0, 0, 0, 0, 0, 0, 0, 0, 0, 0, 0, 0, 0, 0, 0, 0, 0, 0, 28153), -- Chair
(281038, 0, 47449, 'Prison Bars', '', '', '', 1, 0, 2837, 12000, 0, 0, 0, 0, 0, 0, 1, 0, 0, 0, 0, 0, 0, 0, 0, 0, 0, 0, 0, 0, 0, 0, 0, 0, 0, 0, 0, 0, 0, 0, 0, 0, 28153), -- Prison Bars
(281037, 0, 47449, 'Prison Bars', '', '', '', 1, 0, 2837, 12000, 0, 0, 0, 0, 0, 0, 1, 0, 0, 0, 0, 0, 0, 0, 0, 0, 0, 0, 0, 0, 0, 0, 0, 0, 0, 0, 0, 0, 0, 0, 0, 0, 28153), -- Prison Bars
(281028, 0, 47446, 'Doodad_8DU_KulTirasPrison_door_long001', '', '', '', 1, 1, 0, 0, 0, 0, 0, 0, 0, 1, 0, 0, 0, 0, 0, 0, 0, 0, 0, 0, 0, 0, 0, 0, 0, 0, 0, 0, 0, 0, 0, 0, 0, 0, 0, 0, 28153), -- Doodad_8DU_KulTirasPrison_door_long001
(281039, 0, 47449, 'Prison Bars', '', '', '', 1, 0, 2837, 12000, 0, 0, 0, 0, 0, 0, 1, 0, 0, 0, 0, 0, 0, 0, 0, 0, 0, 0, 0, 0, 0, 0, 0, 0, 0, 0, 0, 0, 0, 0, 0, 0, 28153), -- Prison Bars
(281030, 0, 47448, 'Armory Gate', '', '', '', 1, 1, 0, 0, 0, 0, 0, 0, 0, 0, 0, 0, 0, 0, 0, 0, 0, 0, 0, 0, 0, 0, 0, 0, 0, 0, 0, 0, 0, 0, 0, 0, 0, 0, 0, 0, 28153), -- Armory Gate
(281034, 0, 47447, 'Prison Grate', '', '', '', 1, 0, 2348, 0, 0, 0, 0, 0, 0, 1, 0, 0, 0, 0, 0, 0, 0, 0, 0, 0, 0, 0, 0, 0, 0, 0, 0, 0, 0, 0, 0, 0, 0, 0, 0, 0, 28153), -- Prison Grate
(281052, 0, 47448, 'Doodad_8DU_KulTirasPrison_halldoor_long005', '', '', '', 1, 1, 0, 0, 0, 0, 0, 0, 0, 1, 0, 0, 0, 0, 0, 0, 0, 0, 0, 0, 0, 0, 0, 0, 0, 0, 0, 0, 0, 0, 0, 0, 0, 0, 0, 0, 28153), -- Doodad_8DU_KulTirasPrison_halldoor_long005
(281032, 0, 47446, 'Prison Grate', '', '', '', 1, 0, 0, 0, 0, 0, 0, 0, 0, 1, 0, 0, 0, 0, 0, 0, 0, 0, 0, 0, 0, 0, 0, 0, 0, 0, 0, 0, 0, 0, 0, 0, 0, 0, 0, 0, 28153), -- Prison Grate
(281056, 0, 47448, 'Doodad_8DU_KulTirasPrison_halldoor_long009', '', '', '', 1, 1, 0, 0, 0, 0, 0, 0, 0, 1, 0, 0, 0, 0, 0, 0, 0, 0, 0, 0, 0, 0, 0, 0, 0, 0, 0, 0, 0, 0, 0, 0, 0, 0, 0, 0, 28153), -- Doodad_8DU_KulTirasPrison_halldoor_long009
(281054, 0, 47448, 'Doodad_8DU_KulTirasPrison_halldoor_long007', '', '', '', 1, 1, 0, 0, 0, 0, 0, 0, 0, 0, 0, 0, 0, 0, 0, 0, 0, 0, 0, 0, 0, 0, 0, 0, 0, 0, 0, 0, 0, 0, 0, 0, 0, 0, 0, 0, 28153), -- Doodad_8DU_KulTirasPrison_halldoor_long007
(281050, 0, 47448, 'Doodad_8DU_KulTirasPrison_halldoor_long003', '', '', '', 1, 1, 0, 0, 0, 0, 0, 0, 0, 1, 0, 0, 0, 0, 0, 0, 0, 0, 0, 0, 0, 0, 0, 0, 0, 0, 0, 0, 0, 0, 0, 0, 0, 0, 0, 0, 28153), -- Doodad_8DU_KulTirasPrison_halldoor_long003
(293959, 3, 32110, 'Ashvane Skeleton Keys', '', 'Collecting', '', 1, 1690, 0, 1, 0, 0, 0, 0, 0, 52445, 0, 0, 0, 0, 0, 19676, 0, 0, 64275, 0, 0, 0, 0, 0, 0, 0, 0, 0, 0, 0, 0, 89453, 0, 0, 0, 0, 28153), -- Ashvane Skeleton Keys
(281125, 7, 47037, 'Stool', '', '', '', 0.9999999, 1, 0, 0, 0, 0, 0, 0, 0, 0, 0, 0, 0, 0, 0, 0, 0, 0, 0, 0, 0, 0, 0, 0, 0, 0, 0, 0, 0, 0, 0, 0, 0, 0, 0, 0, 28153), -- Stool
(281051, 0, 47448, 'Doodad_8DU_KulTirasPrison_halldoor_long004', '', '', '', 1, 1, 0, 0, 0, 0, 0, 0, 0, 1, 0, 0, 0, 0, 0, 0, 0, 0, 0, 0, 0, 0, 0, 0, 0, 0, 0, 0, 0, 0, 0, 0, 0, 0, 0, 0, 28153), -- Doodad_8DU_KulTirasPrison_halldoor_long004
(281244, 7, 47541, 'Chair', '', '', '', 1, 1, 1, 0, 0, 0, 0, 0, 0, 0, 0, 0, 0, 0, 0, 0, 0, 0, 0, 0, 0, 0, 0, 0, 0, 0, 0, 0, 0, 0, 0, 0, 0, 0, 0, 0, 28153), -- Chair
(281243, 7, 47541, 'Chair', '', '', '', 1, 1, 1, 0, 0, 0, 0, 0, 0, 0, 0, 0, 0, 0, 0, 0, 0, 0, 0, 0, 0, 0, 0, 0, 0, 0, 0, 0, 0, 0, 0, 0, 0, 0, 0, 0, 28153), -- Chair
(281126, 7, 47037, 'Stool', '', '', '', 0.9999999, 1, 0, 0, 0, 0, 0, 0, 0, 0, 0, 0, 0, 0, 0, 0, 0, 0, 0, 0, 0, 0, 0, 0, 0, 0, 0, 0, 0, 0, 0, 0, 0, 0, 0, 0, 28153), -- Stool
(281047, 0, 47449, 'Prison Bars', '', '', '', 1, 0, 2837, 12000, 0, 0, 0, 0, 0, 0, 1, 0, 0, 0, 0, 0, 0, 0, 0, 0, 0, 0, 0, 0, 0, 0, 0, 0, 0, 0, 0, 0, 0, 0, 0, 0, 28153), -- Prison Bars
(281035, 0, 47447, 'Prison Grate', '', '', '', 1, 0, 2348, 0, 0, 0, 0, 0, 0, 1, 0, 0, 0, 0, 0, 0, 0, 0, 0, 0, 0, 0, 0, 0, 0, 0, 0, 0, 0, 0, 0, 0, 0, 0, 0, 0, 28153), -- Prison Grate
(281049, 0, 47448, 'Armory Gate', '', '', '', 1, 0, 0, 0, 0, 0, 0, 0, 0, 0, 0, 0, 0, 0, 0, 0, 0, 0, 0, 0, 0, 0, 0, 0, 0, 0, 0, 0, 0, 0, 0, 0, 0, 0, 0, 0, 28153), -- Armory Gate
(281048, 0, 47449, 'Prison Bars', '', '', '', 1, 0, 2837, 12000, 0, 0, 0, 0, 0, 0, 1, 0, 0, 0, 0, 0, 0, 0, 0, 0, 0, 0, 0, 0, 0, 0, 0, 0, 0, 0, 0, 0, 0, 0, 0, 0, 28153), -- Prison Bars
(281042, 0, 47449, 'Prison Bars', '', '', '', 1, 0, 2837, 12000, 0, 0, 0, 0, 0, 0, 1, 0, 0, 0, 0, 0, 0, 0, 0, 0, 0, 0, 0, 0, 0, 0, 0, 0, 0, 0, 0, 0, 0, 0, 0, 0, 28153), -- Prison Bars
(281198, 0, 47449, 'Sewer Grate', '', '', '', 1.387, 0, 2348, 0, 0, 0, 0, 0, 0, 0, 0, 0, 0, 0, 0, 0, 0, 0, 0, 0, 0, 0, 0, 0, 0, 0, 0, 0, 0, 0, 0, 0, 0, 0, 0, 0, 28153), -- Sewer Grate
(281033, 0, 47447, 'Prison Grate', '', '', '', 1, 0, 2348, 0, 0, 0, 0, 0, 0, 1, 0, 0, 0, 0, 0, 0, 0, 0, 0, 0, 0, 0, 0, 0, 0, 0, 0, 0, 0, 0, 0, 0, 0, 0, 0, 0, 28153), -- Prison Grate
(281045, 0, 47449, 'Prison Bars', '', '', '', 1, 0, 2837, 12000, 0, 0, 0, 0, 0, 0, 1, 0, 0, 0, 0, 0, 0, 0, 0, 0, 0, 0, 0, 0, 0, 0, 0, 0, 0, 0, 0, 0, 0, 0, 0, 0, 28153), -- Prison Bars
(281043, 0, 47449, 'Prison Bars', '', '', '', 1, 0, 2837, 12000, 0, 0, 0, 0, 0, 0, 1, 0, 0, 0, 0, 0, 0, 0, 0, 0, 0, 0, 0, 0, 0, 0, 0, 0, 0, 0, 0, 0, 0, 0, 0, 0, 28153), -- Prison Bars
(281044, 0, 47449, 'Prison Bars', '', '', '', 1, 0, 2837, 12000, 0, 0, 0, 0, 0, 0, 1, 0, 0, 0, 0, 0, 0, 0, 0, 0, 0, 0, 0, 0, 0, 0, 0, 0, 0, 0, 0, 0, 0, 0, 0, 0, 28153), -- Prison Bars
(281046, 0, 47449, 'Prison Bars', 'interact', '', '', 1, 0, 2837, 12000, 0, 0, 0, 0, 0, 0, 1, 0, 0, 0, 0, 0, 0, 0, 0, 0, 0, 0, 0, 0, 0, 0, 0, 0, 0, 0, 0, 0, 0, 0, 0, 0, 28153), -- Prison Bars
(281057, 0, 47448, 'Doodad_8DU_KulTirasPrison_halldoor_long010', '', '', '', 1, 1, 0, 0, 0, 0, 0, 0, 0, 1, 0, 0, 0, 0, 0, 0, 0, 0, 0, 0, 0, 0, 0, 0, 0, 0, 0, 0, 0, 0, 0, 0, 0, 0, 0, 0, 28153), -- Doodad_8DU_KulTirasPrison_halldoor_long010
(282420, 3, 20158, 'Discarded Cell Key', '', '', '', 2, 2826, 87171, 0, 1, 0, 0, 0, 0, 0, 0, 0, 0, 0, 0, 0, 0, 0, 0, 0, 0, 0, 0, 0, 0, 0, 0, 0, 0, 0, 0, 0, 0, 0, 0, 0, 28153), -- Discarded Cell Key
(284467, 0, 47449, 'Sewer Grate', '', '', '', 1.387, 0, 0, 0, 0, 0, 0, 0, 0, 1, 0, 0, 0, 0, 0, 0, 0, 0, 0, 0, 0, 0, 0, 0, 0, 0, 0, 0, 0, 0, 0, 0, 0, 0, 0, 0, 28153), -- Sewer Grate
(280662, 5, 44134, 'Boat', '', '', '', 1, 0, 0, 0, 0, 0, 0, 0, 0, 0, 0, 0, 0, 0, 0, 0, 0, 0, 0, 0, 0, 0, 0, 0, 0, 0, 0, 0, 0, 0, 0, 0, 0, 0, 0, 0, 28153); -- Boat

UPDATE `gameobject_template` SET `name`='Collision PC Size', `VerifiedBuild`=28153 WHERE `entry`=242273; -- Collision PC Size

DELETE FROM `gameobject_questitem` WHERE (`GameObjectEntry`=293959 AND `Idx`=0);
INSERT INTO `gameobject_questitem` (`GameObjectEntry`, `Idx`, `ItemId`, `VerifiedBuild`) VALUES
(293959, 0, 162008, 28153); -- Ashvane Skeleton Keys

delete from game_tele where map = 1771;
INSERT INTO `game_tele`(`id`, `position_x`, `position_y`, `position_z`, `orientation`, `map`, `name`) VALUES (@maxGameTele, 268.253, -2774.395, 0.6795, 3.6338, 1771, 'TolDagor');




UPDATE `creature_template` SET `lootid` = 127479 WHERE `entry` = 127479;
UPDATE `creature_template` SET `lootid` = 127484 WHERE `entry` = 127484;
UPDATE `creature_template` SET `lootid` = 127490 WHERE `entry` = 127490;
UPDATE `creature_template` SET `lootid` = 127503 WHERE `entry` = 127503;

/*delete from reference_loot_template WHERE entry BETWEEN @maxReferenceEntry+1 and @maxReferenceEntry+32;
INSERT INTO `reference_loot_template`(`Entry`, `Item`, `Reference`, `Chance`, `QuestRequired`, `LootMode`, `GroupId`, `MinCount`, `MaxCount`, `Comment`) VALUES (@maxReferenceEntry+1, 159187, 0, 0, 0, 1, 1, 1, 1, 'Reference Loot'),
(@maxReferenceEntry+1, 159229, 0, 0, 0, 1, 1, 1, 1, 'Reference Loot'),
(@maxReferenceEntry+1, 159494, 0, 0, 0, 1, 1, 1, 1, 'Reference Loot'),
*/

DELETE FROM `gameobject` WHERE `guid` BETWEEN @OGUID+0 AND @OGUID+60;
INSERT INTO `gameobject` (`guid`, `id`, `map`, `zoneId`, `areaId`, `spawnDifficulties`, `PhaseId`, `PhaseGroup`, `position_x`, `position_y`, `position_z`, `orientation`, `rotation0`, `rotation1`, `rotation2`, `rotation3`, `spawntimesecs`, `animprogress`, `state`, `VerifiedBuild`) VALUES
(@OGUID+0, 280662, 1771, 9327, 9327, '0', '11903', 0, 79.27257, -2941.302, -0.2384153, 4.660105, 0, 0, -0.7253485, 0.6883819, 7200, 255, 1, 28153), -- Boat (Area: -Unknown- - Difficulty: 2)
(@OGUID+1, 252245, 1771, 9327, 9327, '0', '11903', 0, 79.10938, -2942.524, 1.989226, 1.44067, 0, 0, 0.6596365, 0.7515848, 7200, 255, 1, 28153), -- -Unknown- (Area: -Unknown- - Difficulty: 2)
(@OGUID+2, 284467, 1771, 9327, 9327, '0', '11903', 0, 141.6034, -2734.176, 4.933897, 0.9599299, 0, 0, 0.4617481, 0.8870111, 7200, 255, 0, 28153), -- Sewer Grate (Area: -Unknown- - Difficulty: 2)
(@OGUID+3, 281044, 1771, 9327, 9327, '0', '11903', 0, 145.7906, -2707.734, 44.1004, 0.9599299, 0, 0, 0.4617481, 0.8870111, 7200, 255, 1, 28153), -- Prison Bars (Area: -Unknown- - Difficulty: 2)
(@OGUID+4, 281057, 1771, 9327, 9327, '0', '11903', 0, 155.6115, -2714.594, 13.50222, 0.9599299, 0, 0, 0.4617481, 0.8870111, 7200, 255, 0, 28153), -- Doodad_8DU_KulTirasPrison_halldoor_long010 (Area: -Unknown- - Difficulty: 2)
(@OGUID+5, 282420, 1771, 9327, 9327, '0', '11903', 0, 158.2743, -2737.186, 45.26189, 2.608522, 0, 0, 0.9646893, 0.2633906, 7200, 255, 1, 28153), -- Discarded Cell Key (Area: -Unknown- - Difficulty: 2)
(@OGUID+6, 281046, 1771, 9327, 9327, '0', '11903', 0, 145.7905, -2707.734, 28.81423, 0.9599299, 0, 0, 0.4617481, 0.8870111, 7200, 255, 1, 28153), -- Prison Bars (Area: -Unknown- - Difficulty: 2)
(@OGUID+7, 281045, 1771, 9327, 9327, '0', '11903', 0, 132.0367, -2697.47, 28.81423, 4.101525, 0, 0, -0.8870106, 0.4617491, 7200, 255, 1, 28153), -- Prison Bars (Area: -Unknown- - Difficulty: 2)
(@OGUID+8, 281049, 1771, 9327, 9327, '0', '11903', 0, 85.1086, -2695.388, 60.97876, 2.530723, 0, 0, 0.9537163, 0.3007079, 7200, 255, 0, 28153), -- Armory Gate (Area: -Unknown- - Difficulty: 2)
(@OGUID+9, 281048, 1771, 9327, 9327, '0', '11903', 0, 124.7249, -2692.984, 28.81423, 0.9599299, 0, 0, 0.4617481, 0.8870111, 7200, 255, 1, 28153), -- Prison Bars (Area: -Unknown- - Difficulty: 2)
(@OGUID+10, 281033, 1771, 9327, 9327, '0', '11903', 0, 154.5183, -2702.965, 28.77837, 2.530723, 0, 0, 0.9537163, 0.3007079, 7200, 255, 1, 28153), -- Prison Grate (Area: -Unknown- - Difficulty: 2)
(@OGUID+11, 281043, 1771, 9327, 9327, '0', '11903', 0, 139.0067, -2702.351, 44.1004, 4.101525, 0, 0, -0.8870106, 0.4617491, 7200, 255, 1, 28153), -- Prison Bars (Area: -Unknown- - Difficulty: 2)
(@OGUID+12, 281042, 1771, 9327, 9327, '0', '11903', 0, 131.8206, -2697.952, 44.1004, 0.9599299, 0, 0, 0.4617481, 0.8870111, 7200, 255, 1, 28153), -- Prison Bars (Area: -Unknown- - Difficulty: 2)
(@OGUID+13, 281198, 1771, 9327, 9327, '0', '11903', 0, 163.2907, -2704.028, 11.79921, 0.9599299, 0.8870111, 0.4617481, 0, 0, 7200, 255, 1, 28153), -- Sewer Grate (Area: -Unknown- - Difficulty: 2)
(@OGUID+14, 281035, 1771, 9327, 9327, '0', '11903', 0, 154.4131, -2702.74, 59.48944, 5.67232, 0, 0, -0.3007059, 0.9537169, 7200, 255, 1, 28153), -- Prison Grate (Area: -Unknown- - Difficulty: 2)
(@OGUID+15, 242273, 1771, 9327, 9327, '0', '11903', 0, 141.3785, -2708.399, 76.88374, 4.062675, 0, 0, -0.895812, 0.4444331, 7200, 255, 1, 28153), -- Collision PC Size (Area: -Unknown- - Difficulty: 2)
(@OGUID+16, 281047, 1771, 9327, 9327, '0', '11903', 0, 118.0401, -2687.67, 28.81423, 4.101525, 0, 0, -0.8870106, 0.4617491, 7200, 255, 1, 28153), -- Prison Bars (Area: -Unknown- - Difficulty: 2)
(@OGUID+17, 281051, 1771, 9327, 9327, '0', '11903', 0, 176.8682, -2698.766, 59.38685, 5.67232, 0, 0, -0.3007059, 0.9537169, 7200, 255, 0, 28153), -- Doodad_8DU_KulTirasPrison_halldoor_long004 (Area: -Unknown- - Difficulty: 2)
(@OGUID+18, 282420, 1771, 9327, 9327, '0', '11903', 0, 121.8194, -2683.764, 10.69549, 5.608119, 0, 0, -0.3311605, 0.9435744, 7200, 255, 1, 28153), -- Discarded Cell Key (Area: -Unknown- - Difficulty: 2)
(@OGUID+19, 281126, 1771, 9327, 9327, '0', '11903', 0, 102.9748, -2690.02, 29.18408, 2.268925, 0, 0, 0.9063072, 0.4226195, 7200, 255, 1, 28153), -- Stool (Area: -Unknown- - Difficulty: 2)
(@OGUID+20, 281125, 1771, 9327, 9327, '0', '11903', 0, 101.2511, -2687.686, 29.18408, 2.268925, 0, 0, 0.9063072, 0.4226195, 7200, 255, 1, 28153), -- Stool (Area: -Unknown- - Difficulty: 2)
(@OGUID+21, 281243, 1771, 9327, 9327, '0', '11903', 0, 122.1425, -2697.336, 59.73675, 2.530723, 0, 0, 0.9537163, 0.3007079, 7200, 255, 1, 28153), -- Chair (Area: -Unknown- - Difficulty: 2)
(@OGUID+22, 281244, 1771, 9327, 9327, '0', '11903', 0, 119.7813, -2695.72, 59.73675, 5.67232, 0, 0, -0.3007059, 0.9537169, 7200, 255, 1, 28153), -- Chair (Area: -Unknown- - Difficulty: 2)
(@OGUID+23, 242273, 1771, 9327, 9327, '0', '11903', 0, 118.6944, -2692.597, 76.88358, 4.087878, 0, 0, -0.8901405, 0.4556861, 7200, 255, 1, 28153), -- Collision PC Size (Area: -Unknown- - Difficulty: 2)
(@OGUID+24, 281050, 1771, 9327, 9327, '0', '11903', 0, 204.3, -2702.303, 59.38685, 4.101525, 0, 0, -0.8870106, 0.4617491, 7200, 255, 0, 28153), -- Doodad_8DU_KulTirasPrison_halldoor_long003 (Area: -Unknown- - Difficulty: 2)
(@OGUID+25, 281054, 1771, 9327, 9327, '0', '11903', 0, 105.8257, -2668.916, 44.13253, 5.67232, 0, 0, -0.3007059, 0.9537169, 7200, 255, 0, 28153), -- Doodad_8DU_KulTirasPrison_halldoor_long007 (Area: -Unknown- - Difficulty: 2)
(@OGUID+26, 293959, 1771, 9327, 9327, '0', '11903', 0, 87.35243, -2686.632, 63.70531, 3.851717, 0, 0, -0.9376249, 0.3476485, 7200, 255, 1, 28153), -- Ashvane Skeleton Keys (Area: -Unknown- - Difficulty: 2)
(@OGUID+27, 281056, 1771, 9327, 9327, '0', '11903', 0, 186.6305, -2685.731, 28.80179, 2.530723, 0, 0, 0.9537163, 0.3007079, 7200, 255, 0, 28153), -- Doodad_8DU_KulTirasPrison_halldoor_long009 (Area: -Unknown- - Difficulty: 2)
(@OGUID+28, 282420, 1771, 9327, 9327, '0', '11903', 0, 161.7951, -2688.104, 32.07758, 5.869371, 0, 0, -0.2054338, 0.978671, 7200, 255, 1, 28153), -- Discarded Cell Key (Area: -Unknown- - Difficulty: 2)
(@OGUID+29, 281032, 1771, 9327, 9327, '0', '11903', 0, 121.1677, -2670.216, 44.03715, 4.101525, 0, 0, -0.8870106, 0.4617491, 7200, 255, 1, 28153), -- Prison Grate (Area: -Unknown- - Difficulty: 2)
(@OGUID+30, 242273, 1771, 9327, 9327, '0', '11903', 0, 179.7656, -2700.786, 76.84337, 5.640946, 0, 0, -0.315629, 0.9488827, 7200, 255, 1, 28153), -- Collision PC Size (Area: -Unknown- - Difficulty: 2)
(@OGUID+31, 281052, 1771, 9327, 9327, '0', '11903', 0, 105.8257, -2668.916, 59.38685, 5.67232, 0, 0, -0.3007059, 0.9537169, 7200, 255, 0, 28153), -- Doodad_8DU_KulTirasPrison_halldoor_long005 (Area: -Unknown- - Difficulty: 2)
(@OGUID+32, 281034, 1771, 9327, 9327, '0', '11903', 0, 117.3431, -2667.794, 59.48944, 0.9599299, 0, 0, 0.4617481, 0.8870111, 7200, 255, 1, 28153), -- Prison Grate (Area: -Unknown- - Difficulty: 2)
(@OGUID+33, 282420, 1771, 9327, 9327, '0', '11903', 0, 169.224, -2684.366, 14.1876, 2.247102, 0, 0, 0.9016418, 0.4324835, 7200, 255, 1, 28153), -- Discarded Cell Key (Area: -Unknown- - Difficulty: 2)
(@OGUID+34, 281030, 1771, 9327, 9327, '0', '11903', 0, 79.9553, -2665.522, 60.97876, 4.101525, 0, 0, -0.8870106, 0.4617491, 7200, 255, 0, 28153), -- Armory Gate (Area: -Unknown- - Difficulty: 2)
(@OGUID+35, 282420, 1771, 9327, 9327, '0', '11903', 0, 172.2153, -2684.826, 29.93265, 1.755509, 0, 0, 0.7693062, 0.6388803, 7200, 255, 1, 28153), -- Discarded Cell Key (Area: -Unknown- - Difficulty: 2)
(@OGUID+36, 281028, 1771, 9327, 9327, '0', '11903', 0, 130.9566, -2656.236, 44.03715, 0.9599299, 0, 0, 0.4617481, 0.8870111, 7200, 255, 0, 28153), -- Doodad_8DU_KulTirasPrison_door_long001 (Area: -Unknown- - Difficulty: 2)
(@OGUID+37, 281241, 1771, 9327, 9327, '0', '11903', 0, 190.9137, -2684.593, 59.73703, 0.8726639, 0, 0, 0.4226179, 0.9063079, 7200, 255, 1, 28153), -- Chair (Area: -Unknown- - Difficulty: 2)
(@OGUID+38, 281039, 1771, 9327, 9327, '0', '11903', 0, 174.3271, -2666.979, 28.81423, 0.9599299, 0, 0, 0.4617481, 0.8870111, 7200, 255, 1, 28153), -- Prison Bars (Area: -Unknown- - Difficulty: 2)
(@OGUID+39, 281038, 1771, 9327, 9327, '0', '11903', 0, 167.5841, -2661.625, 28.81423, 4.101525, 0, 0, -0.8870106, 0.4617491, 7200, 255, 1, 28153), -- Prison Bars (Area: -Unknown- - Difficulty: 2)
(@OGUID+40, 281037, 1771, 9327, 9327, '0', '11903', 0, 174.3272, -2666.98, 44.1004, 0.9599299, 0, 0, 0.4617481, 0.8870111, 7200, 255, 1, 28153), -- Prison Bars (Area: -Unknown- - Difficulty: 2)
(@OGUID+41, 282420, 1771, 9327, 9327, '0', '11903', 0, 183.7587, -2676.024, 49.23442, 0.8193529, 0, 0, 0.3983126, 0.9172497, 7200, 255, 1, 28153), -- Discarded Cell Key (Area: -Unknown- - Difficulty: 2)
(@OGUID+42, 281123, 1771, 9327, 9327, '0', '11903', 0, 187.1082, -2670.412, 29.18408, 2.530723, 0, 0, 0.9537163, 0.3007079, 7200, 255, 1, 28153), -- Stool (Area: -Unknown- - Difficulty: 2)
(@OGUID+43, 281031, 1771, 9327, 9327, '0', '11903', 0, 160.3572, -2657.198, 44.1004, 0.9599299, 0, 0, 0.4617481, 0.8870111, 7200, 255, 1, 28153), -- Prison Bars (Area: -Unknown- - Difficulty: 2)
(@OGUID+44, 281029, 1771, 9327, 9327, '0', '11903', 0, 137.8017, -2651.606, 28.77837, 5.67232, 0, 0, -0.3007059, 0.9537169, 7200, 255, 1, 28153), -- Prison Grate (Area: -Unknown- - Difficulty: 2)
(@OGUID+45, 281240, 1771, 9327, 9327, '0', '11903', 0, 198.7469, -2684.45, 59.73703, 0.8726639, 0, 0, 0.4226179, 0.9063079, 7200, 255, 1, 28153), -- Chair (Area: -Unknown- - Difficulty: 2)
(@OGUID+46, 281036, 1771, 9327, 9327, '0', '11903', 0, 167.5433, -2661.597, 44.1004, 4.101525, 0, 0, -0.8870106, 0.4617491, 7200, 255, 1, 28153), -- Prison Bars (Area: -Unknown- - Difficulty: 2)
(@OGUID+47, 281162, 1771, 9327, 9327, '0', '11903', 0, 112.6093, -2649.811, 54.59174, 2.313023, 0, 0, 0.9154043, 0.4025356, 7200, 255, 1, 28153), -- Doodad_8hu_KulTiras_ChairSmall003 (Area: -Unknown- - Difficulty: 2)
(@OGUID+48, 281041, 1771, 9327, 9327, '0', '11903', 0, 153.3364, -2652.282, 28.81423, 0.9599299, 0, 0, 0.4617481, 0.8870111, 7200, 255, 1, 28153), -- Prison Bars (Area: -Unknown- - Difficulty: 2)
(@OGUID+49, 281055, 1771, 9327, 9327, '0', '11903', 0, 136.7563, -2640.08, 28.83296, 4.101525, 0, 0, -0.8870106, 0.4617491, 7200, 255, 0, 28153), -- Doodad_8DU_KulTirasPrison_halldoor_long008 (Area: -Unknown- - Difficulty: 2)
(@OGUID+50, 281239, 1771, 9327, 9327, '0', '11903', 0, 188.0503, -2675.053, 59.73703, 5.759588, 0, 0, -0.2588186, 0.9659259, 7200, 255, 1, 28153), -- Chair (Area: -Unknown- - Difficulty: 2)
(@OGUID+51, 281238, 1771, 9327, 9327, '0', '11903', 0, 190.8619, -2672.769, 59.73703, 4.188792, 0, 0, -0.866025, 0.5000008, 7200, 255, 1, 28153), -- Chair (Area: -Unknown- - Difficulty: 2)
(@OGUID+52, 281236, 1771, 9327, 9327, '0', '11903', 0, 179.7037, -2668.746, 59.73703, 5.759588, 0, 0, -0.2588186, 0.9659259, 7200, 255, 1, 28153), -- Chair (Area: -Unknown- - Difficulty: 2)
(@OGUID+53, 281124, 1771, 9327, 9327, '0', '11903', 0, 184.8392, -2668.604, 29.18408, 5.67232, 0, 0, -0.3007059, 0.9537169, 7200, 255, 1, 28153), -- Stool (Area: -Unknown- - Difficulty: 2)
(@OGUID+54, 281040, 1771, 9327, 9327, '0', '11903', 0, 146.5767, -2646.916, 28.81423, 4.101525, 0, 0, -0.8870106, 0.4617491, 7200, 255, 1, 28153), -- Prison Bars (Area: -Unknown- - Difficulty: 2)
(@OGUID+55, 281053, 1771, 9327, 9327, '0', '11903', 0, 136.7357, -2640.066, 44.04676, 4.101525, 0, 0, -0.8870106, 0.4617491, 7200, 255, 0, 28153), -- Iron Bars (Area: -Unknown- - Difficulty: 2)
(@OGUID+56, 242273, 1771, 9327, 9327, '0', '11903', 0, 112.4774, -2653.965, 76.844, 2.503618, 0, 0, 0.9495535, 0.3136051, 7200, 255, 1, 28153), -- Collision PC Size (Area: -Unknown- - Difficulty: 2)
(@OGUID+57, 281237, 1771, 9327, 9327, '0', '11903', 0, 195.4532, -2670.325, 59.73703, 3.57793, 0, 0, -0.9762955, 0.2164421, 7200, 255, 1, 28153), -- Chair (Area: -Unknown- - Difficulty: 2)
(@OGUID+58, 281242, 1771, 9327, 9327, '0', '11903', 0, 181.6117, -2666.143, 59.73703, 5.061456, 0, 0, -0.573576, 0.8191524, 7200, 255, 1, 28153), -- Chair (Area: -Unknown- - Difficulty: 2)
(@OGUID+59, 242273, 1771, 9327, 9327, '0', '11903', 0, 173.6094, -2662.078, 76.88357, 0.949751, 0, 0, 0.4572277, 0.8893496, 7200, 255, 1, 28153), -- Collision PC Size (Area: -Unknown- - Difficulty: 2)
(@OGUID+60, 242273, 1771, 9327, 9327, '0', '11903', 0, 151.059, -2646.142, 76.88383, 0.9149683, 0, 0, 0.4416924, 0.8971666, 7200, 255, 1, 28153); -- Collision PC Size (Area: -Unknown- - Difficulty: 2)

DELETE FROM `gameobject_addon` WHERE `guid` BETWEEN @OGUID+0 AND @OGUID+60;
INSERT INTO `gameobject_addon` (`guid`, `parent_rotation0`, `parent_rotation1`, `parent_rotation2`, `parent_rotation3`) VALUES
(@OGUID+2, 0, 0, -0.3007061, 0.9537169), -- Sewer Grate
(@OGUID+3, 0, 0, -0.3007061, 0.9537169), -- Prison Bars
(@OGUID+4, 0, 0, -0.3007061, 0.9537169), -- Doodad_8DU_KulTirasPrison_halldoor_long010
(@OGUID+6, 0, 0, -0.3007061, 0.9537169), -- Prison Bars
(@OGUID+7, 0, 0, -0.3007061, 0.9537169), -- Prison Bars
(@OGUID+8, 0, 0, -0.3007061, 0.9537169), -- Armory Gate
(@OGUID+9, 0, 0, -0.3007061, 0.9537169), -- Prison Bars
(@OGUID+10, 0, 0, -0.3007061, 0.9537169), -- Prison Grate
(@OGUID+11, 0, 0, -0.3007061, 0.9537169), -- Prison Bars
(@OGUID+12, 0, 0, -0.3007061, 0.9537169), -- Prison Bars
(@OGUID+13, 0, 0, -0.3007061, 0.9537169), -- Sewer Grate
(@OGUID+14, 0, 0, -0.3007061, 0.9537169), -- Prison Grate
(@OGUID+16, 0, 0, -0.3007061, 0.9537169), -- Prison Bars
(@OGUID+17, 0, 0, -0.3007061, 0.9537169), -- Doodad_8DU_KulTirasPrison_halldoor_long004
(@OGUID+19, 0, 0, -0.3007061, 0.9537169), -- Stool
(@OGUID+20, 0, 0, -0.3007061, 0.9537169), -- Stool
(@OGUID+21, 0, 0, -0.3007061, 0.9537169), -- Chair
(@OGUID+22, 0, 0, -0.3007061, 0.9537169), -- Chair
(@OGUID+24, 0, 0, -0.3007061, 0.9537169), -- Doodad_8DU_KulTirasPrison_halldoor_long003
(@OGUID+25, 0, 0, -0.3007061, 0.9537169), -- Doodad_8DU_KulTirasPrison_halldoor_long007
(@OGUID+27, 0, 0, -0.3007061, 0.9537169), -- Doodad_8DU_KulTirasPrison_halldoor_long009
(@OGUID+29, 0, 0, -0.3007061, 0.9537169), -- Prison Grate
(@OGUID+31, 0, 0, -0.3007061, 0.9537169), -- Doodad_8DU_KulTirasPrison_halldoor_long005
(@OGUID+32, 0, 0, -0.3007061, 0.9537169), -- Prison Grate
(@OGUID+34, 0, 0, -0.3007061, 0.9537169), -- Armory Gate
(@OGUID+36, 0, 0, -0.3007061, 0.9537169), -- Doodad_8DU_KulTirasPrison_door_long001
(@OGUID+37, 0, 0, -0.3007061, 0.9537169), -- Chair
(@OGUID+38, 0, 0, -0.3007061, 0.9537169), -- Prison Bars
(@OGUID+39, 0, 0, -0.3007061, 0.9537169), -- Prison Bars
(@OGUID+40, 0, 0, -0.3007061, 0.9537169), -- Prison Bars
(@OGUID+42, 0, 0, -0.3007061, 0.9537169), -- Stool
(@OGUID+43, 0, 0, -0.3007061, 0.9537169), -- Prison Bars
(@OGUID+44, 0, 0, -0.3007061, 0.9537169), -- Prison Grate
(@OGUID+45, 0, 0, -0.3007061, 0.9537169), -- Chair
(@OGUID+46, 0, 0, -0.3007061, 0.9537169), -- Prison Bars
(@OGUID+47, 0, 0, -0.3007061, 0.9537169), -- Doodad_8hu_KulTiras_ChairSmall003
(@OGUID+48, 0, 0, -0.3007061, 0.9537169), -- Prison Bars
(@OGUID+49, 0, 0, -0.3007061, 0.9537169), -- Doodad_8DU_KulTirasPrison_halldoor_long008
(@OGUID+50, 0, 0, -0.3007061, 0.9537169), -- Chair
(@OGUID+51, 0, 0, -0.3007061, 0.9537169), -- Chair
(@OGUID+52, 0, 0, -0.3007061, 0.9537169), -- Chair
(@OGUID+53, 0, 0, -0.3007061, 0.9537169), -- Stool
(@OGUID+54, 0, 0, -0.3007061, 0.9537169), -- Prison Bars
(@OGUID+55, 0, 0, -0.3007061, 0.9537169), -- Iron Bars
(@OGUID+57, 0, 0, -0.3007061, 0.9537169), -- Chair
(@OGUID+58, 0, 0, -0.3007061, 0.9537169); -- Chair

DELETE FROM `spell_script_names` WHERE `spell_id` in ('257092', '257615', '256976', '256970','256710','256200','256105','256101','256128','256037','256039','256083');
INSERT INTO `spell_script_names` (`spell_id`, `ScriptName`) VALUES ('257615', 'spell_upheaval_target');
INSERT INTO `spell_script_names` (`spell_id`, `ScriptName`) VALUES ('257092', 'spell_sand_trap_target');
INSERT INTO `spell_script_names` (`spell_id`, `ScriptName`) VALUES ('256976', 'spell_ignition');
INSERT INTO `spell_script_names` (`spell_id`, `ScriptName`) VALUES ('256970', 'spell_ignition_target');
INSERT INTO `spell_script_names` (`spell_id`, `ScriptName`) VALUES ('256710', 'spell_burning_arsenal');
INSERT INTO `spell_script_names` (`spell_id`, `ScriptName`) VALUES ('256200', 'spell_heartstopper_venom_aura');
INSERT INTO `spell_script_names` (`spell_id`, `ScriptName`) VALUES ('256105', 'spell_explosive_burst_aura');
INSERT INTO `spell_script_names` (`spell_id`, `ScriptName`) VALUES ('256101', 'spell_explosive_burst_target');
INSERT INTO `spell_script_names` (`spell_id`, `ScriptName`) VALUES ('256128', 'spell_explosive_burst_damage');
INSERT INTO `spell_script_names` (`spell_id`, `ScriptName`) VALUES ('256037', 'spell_deadeye_target');
INSERT INTO `spell_script_names` (`spell_id`, `ScriptName`) VALUES ('256039', 'spell_deadeye');
INSERT INTO `spell_script_names` (`spell_id`, `ScriptName`) VALUES ('256083', 'spell_cross_ignition');

DELETE FROM `areatrigger_template` WHERE `Id` IN (16610, 18268, 17289, 16682, 16869, 16868);
INSERT INTO `areatrigger_template` (`Id`, `Type`, `Flags`, `Data0`, `Data1`, `Data2`, `Data3`, `Data4`, `Data5`,`ScriptName`, `VerifiedBuild`) VALUES
(16610, 3, 0, 0, 0, 0, 0, 0, 0, 'at_cross_ignition', 28153),
(18268, 0, 0, 4, 4, 0, 0, 0, 0,'', 28153),
(17289, 0, 2, 5, 5, 0, 0, 0, 0,'', 28153),
(16682, 0, 2, 2, 2, 0, 0, 0, 0, 'at_sand_tramp', 28153),
(16869, 1, 0, 5, 2.5, 7.5, 5, 2.5, 7.5,'', 28153),
(16868, 1, 0, 5, 2.5, 7.5, 5, 2.5, 7.5,'', 28153);

DELETE FROM `areatrigger_template_polygon_vertices` WHERE (`AreaTriggerId`=16610 AND `Idx`=3) OR (`AreaTriggerId`=16610 AND `Idx`=2) OR (`AreaTriggerId`=16610 AND `Idx`=1) OR (`AreaTriggerId`=16610 AND `Idx`=0);
INSERT INTO `areatrigger_template_polygon_vertices` (`AreaTriggerId`, `Idx`, `VerticeX`, `VerticeY`, `VerticeTargetX`, `VerticeTargetY`, `VerifiedBuild`) VALUES
(16610, 3, 40, 12, NULL, NULL, 28153),
(16610, 2, 40, -12, NULL, NULL, 28153),
(16610, 1, 1, 0, NULL, NULL, 28153),
(16610, 0, 1, 0, NULL, NULL, 28153);

DELETE FROM `spell_areatrigger` WHERE (`AreaTriggerId`=16610) OR (`AreaTriggerId`=16682) OR (`AreaTriggerId`=17289);
INSERT INTO `spell_areatrigger` (`SpellMiscId`, `AreaTriggerId`, `MoveCurveId`, `ScaleCurveId`, `MorphCurveId`, `FacingCurveId`, `AnimId`, `AnimKitId`, `DecalPropertiesId`, `TimeToTarget`, `TimeToTargetScale`, `VerifiedBuild`) VALUES
(11915, 16610, 0, 0, 0, 0, 0, 0, 221, 0, 4000, 28153), -- SpellId : 256057
(11991, 16682, 0, 5065, 0, 0, 0, 0, 0, 0, 30000, 28153), -- SpellId : 257093
(12615, 17289, 0, 6156, 0, 0, 0, 0, 0, 0, 8000, 28153); -- SpellId : 262305

DELETE FROM `conversation_actors` WHERE (`ConversationId`=7579 AND `Idx`=0) OR (`ConversationId`=7578 AND `ConversationActorId`=136692 AND `Idx`=0) OR (`ConversationId`=7580 AND `ConversationActorId`=139055 AND `Idx`=0) OR (`ConversationId`=7568 AND `Idx`=0) OR (`ConversationId`=7576 AND `Idx`=0) OR (`ConversationId`=7577 AND `ConversationActorId`=130839 AND `Idx`=0) OR (`ConversationId`=7577 AND `ConversationActorId`=127503 AND `Idx`=1) OR (`ConversationId`=7583 AND `Idx`=0);
INSERT INTO `conversation_actors` (`ConversationId`, `ConversationActorId`, `Idx`, `VerifiedBuild`) VALUES
(7579, 130027, 0, 28153), -- Full: 0x2016F4DD607EFAC000121F0002F8150E Creature/0 R1469/S4639 Map: 1771 Entry: 130027 Low: 49812750
(7578, 136692, 0, 28153),
(7580, 139055, 0, 28153),
(7568, 136692, 0, 28153), -- Full: 0x2016F4DD60857D0000121F0000781533 Creature/0 R1469/S4639 Map: 1771 Entry: 136692 Low: 7869747
(7576, 127484, 0, 28153), -- Full: 0x2016F4DD607C7F0000121F000078150D Creature/0 R1469/S4639 Map: 1771 Entry: 127484 Low: 7869709
(7577, 130839, 0, 28153),
(7577, 127503, 1, 28153),
(7583, 136692, 0, 28153); -- Full: 0x2016F4DD60857D0000121F0000781BB6 Creature/0 R1469/S4639 Map: 1771 Entry: 136692 Low: 7871414

DELETE FROM `conversation_actor_template` WHERE `Id` IN (136692, 139055, 127503, 130839);
INSERT INTO `conversation_actor_template` (`Id`, `CreatureId`, `CreatureModelId`, `VerifiedBuild`) VALUES
(136692, 81291, 0, 28153),
(139055, 81351, 0, 28153),
(127503, 81505, 0, 28153),
(130839, 76291, 0, 28153);

DELETE FROM `conversation_line_template` WHERE `Id` IN (17237, 17236, 17235, 17234, 17238, 17215, 17214, 17213, 17230, 17229, 17233, 17232, 17231, 17245, 17244, 17243);
INSERT INTO `conversation_line_template` (`Id`, `StartTime`, `UiCameraID`, `ActorIdx`, `Flags`, `VerifiedBuild`) VALUES
(17237, 4264, 192, 0, 0, 28153),
(17236, 0, 192, 0, 0, 28153),
(17235, 3489, 84, 0, 0, 28153),
(17234, 0, 84, 0, 0, 28153),
(17238, 0, 82, 0, 0, 28153),
(17215, 11541, 192, 0, 0, 28153),
(17214, 3660, 192, 0, 0, 28153),
(17213, 0, 192, 0, 0, 28153),
(17230, 4794, 192, 0, 0, 28153),
(17229, 0, 192, 0, 0, 28153),
(17233, 17002, 1240, 0, 0, 28153),
(17232, 10070, 83, 1, 0, 28153),
(17231, 0, 1240, 0, 0, 28153),
(17245, 12243, 192, 0, 0, 28153),
(17244, 4870, 192, 0, 0, 28153),
(17243, 0, 192, 0, 0, 28153);

DELETE FROM `conversation_template` WHERE `Id` IN (7583, 7579, 7580, 7578, 7576, 7577, 7568);
INSERT INTO `conversation_template` (`Id`, `FirstLineID`, `LastLineEndTime`, `TextureKitId`, `VerifiedBuild`) VALUES
(7583, 17243, 16345, 0, 28153),
(7579, 17236, 13472, 0, 28153),
(7580, 17238, 6332, 0, 28153),
(7578, 17234, 8389, 0, 28153),
(7576, 17229, 13005, 0, 28153),
(7577, 17231, 26282, 0, 28153),
(7568, 17213, 18591, 0, 28153);

DELETE FROM `creature_text` WHERE `CreatureID` IN (127479, 127484, 127485, 127490, 127503, 130025, 130655,131856,133605,135254,135624,135629, 135699, 135706, 136665, 136692);
INSERT INTO `creature_text` (`CreatureID`, `GroupID`, `ID`, `Text`, `Type`, `Language`, `Probability`, `Emote`, `Duration`, `Sound`, `BroadcastTextId`, `comment`) VALUES
(127479, 0, 0, '|TInterface\\Icons\\SPELL_NATURE_EARTHQUAKE:20|t%s targets |cFFFF0000$n|r with |cFFFF0000|Hspell:257617|h[Upheaval]|h|r! Spread out!', 41, 0, 100, 0, 0, 0, 0, 'The Sand Queen to Player'),
(127484, 0, 0, 'Fresh meat!', 14, 0, 100, 0, 0, 98150, 1393, 'Jes Howlis'), -- BroadcastTextID: 1393 - 24871 - 61212 - 61619 - 77509 - 91097
(127484, 1, 0, '|TInterface\\Icons\\ABILITY_ROGUE_FANOFKNIVES:20|t%s is preparing to throw |cFFFF0000|Hspell:257785|h[Flashing Daggers]|h|r! Hide!', 41, 0, 100, 0, 0, 98160, 0, 'Jes Howlis'),
(127484, 2, 0, 'This shiv is going right through your ribcage!', 14, 0, 100, 0, 0, 98160, 24871, 'Jes Howlis'),
(127484, 3, 0, 'Come on, boys! Show them why this is our block!', 14, 0, 100, 0, 0, 98156, 61212, 'Jes Howlis'),
(127484, 4, 0, 'On your feet, little brother! There\'s killing to be done.', 14, 0, 100, 0, 0, 98157, 61619, 'Jes Howlis'),
(127484, 5, 0, 'I\'ve been sharpening these blades just for you.', 14, 0, 100, 0, 0, 98155, 77509, 'Jes Howlis'),
(127484, 6, 0, 'But I was... up for... parole...', 14, 0, 100, 0, 0, 98154, 91097, 'Jes Howlis to Player'),
(127485, 0, 0, 'No fair, you got the last one!', 12, 0, 100, 0, 0, 0, 0, 'Bilge Rat Looter'),
(127485, 1, 0, 'Search his pockets!', 12, 0, 100, 35, 0, 0, 0, 'Bilge Rat Looter'),
(127485, 2, 0, 'Grab the keys!', 12, 0, 100, 35, 0, 0, 0, 'Bilge Rat Looter'),
(127485, 3, 0, 'Hey, that\'s mine!', 12, 0, 100, 35, 0, 0, 0, 'Bilge Rat Looter'),
(127485, 4, 0, '%s attempts to run away in fear!', 16, 0, 100, 35, 0, 0, 1150, 'Bilge Rat Looter'),
(127490, 0, 0, 'It\'s time to turn up the heat!', 14, 0, 100, 0, 0, 98134, 0, 'Knight Captain Valyri'),
(127490, 1, 0, '|TInterface\\Icons\\SPELL_MAGE_FLAMEORB:20|tQuickly move Munitions Barrels out of fires to prevent %s from exploding them!', 41, 0, 100, 0, 0, 0, 0, 'Knight Captain Valyri'),
(127490, 2, 0, 'I\'ll reduce you to cinders!', 14, 0, 100, 0, 0, 98136, 0, 'Knight Captain Valyri to Munitions Barrel'),
(127490, 3, 0, 'More fuel for the flames! Now!', 14, 0, 100, 0, 0, 98137, 0, 'Knight Captain Valyri to Explosive Munitions'),
(127490, 4, 0, 'I want these fires burning hotter!', 14, 0, 100, 0, 0, 98138, 0, 'Knight Captain Valyri to Invisible Stalker (Scale x0.5)'),
(127490, 5, 0, 'The brightest stars... burn out... the fastest.', 14, 0, 100, 0, 0, 98138, 0, 'Knight Captain Valyri to Player'),
(127503, 0, 0, 'So kind of you to return for your executions.', 14, 0, 100, 0, 0, 98171, 0, 'Overseer Korgus'),
(127503, 1, 0, 'I\'ve been eager to try these rounds on living targets.', 14, 0, 100, 0, 0, 98175, 0, 'Overseer Korgus'),
(127503, 2, 0, 'You\'ll get caught in the crossfire!', 14, 0, 100, 0, 0, 98176, 0, 'Overseer Korgus'),
(127503, 3, 0, 'Run all you want! I never miss.', 14, 0, 100, 0, 0, 98177, 0, 'Overseer Korgus'),
(127503, 4, 0, 'Your sentence is death!', 14, 0, 100, 0, 0, 98172, 0, 'Overseer Korgus to Player'),
(127503, 5, 0, 'Good... shot...', 14, 0, 100, 0, 0, 98178, 0, 'Overseer Korgus to Player'),
(130025, 0, 0, 'Intruders are coming through the sewers!', 14, 0, 100, 0, 0, 0, 0, 'Irontide Thug to Player'),
(130655, 0, 0, 'No! I\'ll never go back to that cell! NEVER!', 14, 0, 100, 0, 0, 98149, 0, 'Bobby Howlis to Player'),
(131856, 0, 0, 'More bombs incoming!', 14, 0, 100, 0, 0, 98146, 0, 'Ashvane Quartermaster'),
(131856, 1, 0, 'Yes, ma\'am!', 14, 0, 100, 0, 0, 98145, 118627, 'Ashvane Quartermaster'),
(133605, 0, 0, 'I did it, I made it out!', 12, 0, 100, 0, 0, 0, 0, 'Escaped Convict to Player'),
(133605, 1, 0, 'AAAHHHHHH!', 14, 0, 100, 0, 0, 0, 78144, 'Escaped Convict to Player'),
(135254, 0, 0, 'Those boots will look good on me.', 12, 0, 100, 0, 0, 0, 0, 'Irontide Raider'),
(135624, 0, 0, 'Let me out!', 12, 0, 100, 0, 0, 0, 41816, 'Alliance Hostage'),
(135629, 0, 0, 'Don\'t leave me here!', 12, 0, 100, 0, 0, 0, 0, 'Alliance Hostage'),
(135699, 0, 0, 'The beast is dead! Ashvane, secure the upper floors! I\'ll take care of this thief...', 14, 0, 100, 0, 0, 0, 0, 'Ashvane Jailer to Player'),
(135706, 0, 0, 'You\'ll never take me alive!', 14, 0, 100, 0, 0, 0, 0, 'Bilge Rat Looter to Ashvane Jailer'), -- BroadcastTextID: 40530 - 101728
(136665, 0, 0, 'They\'re here! Light the munitions!', 14, 0, 100, 0, 0, 0, 0, 'Ashvane Spotter'),
(136692, 0, 0, 'That creature must be why the Overseer didn\'t have many patrols on this side of the island. Good job defeating it.', 12, 0, 100, 0, 0, 98185, 0, 'Taelia to Player'),
(136692, 1, 0, 'Oof! You had to crawl through this stuff to escape? Try to stay downwind from me!', 12, 0, 100, 0, 0, 98186, 0, 'Taelia to Player');

DELETE FROM `vehicle_template_accessory` WHERE (`entry`= 129271);
INSERT INTO `vehicle_template_accessory` (`entry`, `accessory_entry`, `seat_id`, `minion`, `description`, `summontype`, `summontimer`) VALUES
(129271, 129274, 5, 0, 'Heavy Cannon', 8, 0), -- -Unknown- - -Unknown-
(129271, 129274, 4, 0, 'Heavy Cannon', 8, 0), -- -Unknown- - -Unknown-
(129271, 129274, 3, 0, 'Heavy Cannon', 8, 0), -- -Unknown- - -Unknown-
(129271, 129274, 2, 0, 'Heavy Cannon', 8, 0), -- -Unknown- - -Unknown-
(129271, 129274, 1, 0, 'Heavy Cannon', 8, 0), -- -Unknown- - -Unknown-
(129271, 129274, 0, 0, 'Heavy Cannon', 8, 0); -- -Unknown- - -Unknown-

DELETE FROM `npc_spellclick_spells` WHERE `npc_entry` IN (133972, 129437, 129697);
INSERT INTO `npc_spellclick_spells` (`npc_entry`, `spell_id`, `cast_flags`, `user_type`) VALUES
(133972, 43671, 1, 0),
(129437, 265610, 1, 0),
(129697, 265610, 1, 0);

DELETE FROM `quest_template` WHERE `ID` IN (51131 /*-Unknown-*/, 52075 /*-Unknown-*/, 50168 /*-Unknown-*/, 50162 /*-Unknown-*/);
INSERT INTO `quest_template` (`ID`, `QuestType`, `QuestLevel`, `ScalingFactionGroup`, `MaxScalingLevel`, `QuestPackageID`, `MinLevel`, `QuestSortID`, `QuestInfoID`, `SuggestedGroupNum`, `RewardNextQuest`, `RewardXPDifficulty`, `RewardXPMultiplier`, `RewardMoney`, `RewardMoneyDifficulty`, `RewardMoneyMultiplier`, `RewardBonusMoney`, `RewardDisplaySpell1`, `RewardDisplaySpell2`, `RewardDisplaySpell3`, `RewardSpell`, `RewardHonor`, `RewardKillHonor`, `StartItem`, `RewardArtifactXPDifficulty`, `RewardArtifactXPMultiplier`, `RewardArtifactCategoryID`, `Flags`, `FlagsEx`, `FlagsEx2`, `RewardSkillLineID`, `RewardNumSkillUps`, `PortraitGiver`, `PortraitGiverMount`, `PortraitTurnIn`, `RewardItem1`, `RewardItem2`, `RewardItem3`, `RewardItem4`, `RewardAmount1`, `RewardAmount2`, `RewardAmount3`, `RewardAmount4`, `ItemDrop1`, `ItemDrop2`, `ItemDrop3`, `ItemDrop4`, `ItemDropQuantity1`, `ItemDropQuantity2`, `ItemDropQuantity3`, `ItemDropQuantity4`, `RewardChoiceItemID1`, `RewardChoiceItemID2`, `RewardChoiceItemID3`, `RewardChoiceItemID4`, `RewardChoiceItemID5`, `RewardChoiceItemID6`, `RewardChoiceItemQuantity1`, `RewardChoiceItemQuantity2`, `RewardChoiceItemQuantity3`, `RewardChoiceItemQuantity4`, `RewardChoiceItemQuantity5`, `RewardChoiceItemQuantity6`, `RewardChoiceItemDisplayID1`, `RewardChoiceItemDisplayID2`, `RewardChoiceItemDisplayID3`, `RewardChoiceItemDisplayID4`, `RewardChoiceItemDisplayID5`, `RewardChoiceItemDisplayID6`, `POIContinent`, `POIx`, `POIy`, `POIPriority`, `RewardTitle`, `RewardArenaPoints`, `RewardFactionID1`, `RewardFactionID2`, `RewardFactionID3`, `RewardFactionID4`, `RewardFactionID5`, `RewardFactionValue1`, `RewardFactionValue2`, `RewardFactionValue3`, `RewardFactionValue4`, `RewardFactionValue5`, `RewardFactionCapIn1`, `RewardFactionCapIn2`, `RewardFactionCapIn3`, `RewardFactionCapIn4`, `RewardFactionCapIn5`, `RewardFactionOverride1`, `RewardFactionOverride2`, `RewardFactionOverride3`, `RewardFactionOverride4`, `RewardFactionOverride5`, `RewardFactionFlags`, `AreaGroupID`, `TimeAllowed`, `AllowableRaces`, `TreasurePickerID`, `Expansion`, `LogTitle`, `LogDescription`, `QuestDescription`, `AreaDescription`, `QuestCompletionLog`, `RewardCurrencyID1`, `RewardCurrencyID2`, `RewardCurrencyID3`, `RewardCurrencyID4`, `RewardCurrencyQty1`, `RewardCurrencyQty2`, `RewardCurrencyQty3`, `RewardCurrencyQty4`, `PortraitGiverText`, `PortraitGiverName`, `PortraitTurnInText`, `PortraitTurnInName`, `AcceptedSoundKitID`, `CompleteSoundKitID`, `VerifiedBuild`) VALUES
(51131, 3, -1, 0, 120, 0, 120, 8500, 109, 0, 0, 0, 0, 0, 0, 0, 0, 0, 0, 0, 268190, 0, 0, 0, 0, 0, 0, 41484288, 8192, 0, 0, 0, 0, 0, 0, 0, 0, 0, 0, 0, 0, 0, 0, 0, 0, 0, 0, 0, 0, 0, 0, 0, 0, 0, 0, 0, 0, 0, 0, 0, 0, 0, 0, 0, 0, 0, 0, 0, 0, 0, 0, 0, 0, 0, 0, 2159, 2156, 0, 0, 0, 0, 0, 0, 0, 0, 7, 7, 7, 7, 7, 7500, 7500, 0, 0, 0, 0, 5688, 0, 824183885, 545, 7, 'Absolutely Barbaric', '', '', '', '', 0, 0, 0, 0, 0, 0, 0, 0, '', '', '', '', 890, 878, 28153), -- -Unknown-
(52075, 2, -1, 3, 120, 0, 110, 8721, 0, 0, 0, 5, 1, 234000, 5, 1, 219400, 0, 0, 0, 0, 0, 0, 0, 0, 1, 0, 33554440, 0, 0, 0, 0, 0, 0, 0, 0, 0, 0, 0, 0, 0, 0, 0, 0, 0, 0, 0, 0, 0, 0, 0, 0, 0, 0, 0, 0, 0, 0, 0, 0, 0, 0, 0, 0, 0, 0, 0, 0, 0, 0, 0, 0, 0, 0, 0, 0, 0, 0, 0, 0, 0, 0, 0, 0, 0, 7, 7, 7, 7, 7, 0, 0, 0, 0, 0, 0, 5418, 0, 824183885, 0, 7, 'Boned', 'Defeat $1oa Vengeful Bones.', 'If the living rocks weren\'t bad enough, it seems the undead are hauling themselves out of the ground, too!\n\nThis used to be a Drust settlement, so those are probably Drust bones. They hated us and the feeling is definitely mutual right now.\n\nI don\'t know what has them stirred up, but they\'re a danger to us and everyone else. Take them out and I\'ll reward you for the work.', '', '', 0, 0, 0, 0, 0, 0, 0, 0, '', '', '', '', 890, 878, 28153), -- -Unknown-
(50168, 2, -1, 3, 120, 18818, 110, 9042, 0, 0, 0, 6, 1, 468000, 6, 1, 274250, 0, 0, 0, 0, 0, 0, 0, 0, 1, 0, 34603016, 0, 0, 0, 0, 0, 0, 0, 0, 0, 0, 0, 0, 0, 0, 0, 0, 0, 0, 0, 0, 0, 0, 0, 0, 0, 0, 0, 0, 0, 0, 0, 0, 0, 0, 0, 0, 0, 0, 0, 0, 0, 0, 0, 0, 0, 0, 0, 2162, 0, 0, 0, 0, 4, 0, 0, 0, 0, 7, 7, 7, 7, 7, 0, 0, 0, 0, 0, 0, 0, 0, 832572493, 0, 7, 'Royal Succession', 'Retrieve the Hive Mother\'s Stinger.', 'I know, I know, okay... the farm is overrun by living honey and the bees have grown to massive proportions.\n\nI\'ll admit, things didn\'t quite go according to plan, but, extraordinary advancements in science do not come without some risk!\n\nI\'ve been up here attempting to reduce aggression in the hive, an unfortunate side effect of my miscalculation, but I need another favor...\n\nYou\'re going to have to kill the Hive Mother and retrieve her stinger for me.', '', '', 1553, 0, 0, 0, 50, 0, 0, 0, '', '', '', '', 890, 878, 28153), -- -Unknown-
(50162, 2, -1, 3, 120, 0, 110, 9042, 0, 0, 0, 5, 1, 234000, 5, 1, 219400, 0, 0, 0, 0, 0, 0, 0, 0, 1, 0, 33554440, 0, 0, 0, 0, 0, 0, 0, 0, 0, 0, 0, 0, 0, 0, 0, 0, 0, 0, 0, 0, 0, 0, 0, 0, 0, 0, 0, 0, 0, 0, 0, 0, 0, 0, 0, 0, 0, 0, 0, 0, 0, 0, 0, 0, 0, 0, 0, 2162, 0, 0, 0, 0, 2, 0, 0, 0, 0, 7, 7, 7, 7, 7, 0, 0, 0, 0, 0, 0, 0, 0, 832572493, 0, 7, 'Sticky Situation', 'Collect $1oa Royal Jelly.', 'The scientific breakthroughs I\'ve made, marvelous, absolutely marvelous... I\'m so close to perfecting the formula!\n\nThe way the honey grows and crystallizes, simply beautiful. Well, as you can see, that\'s also part of my current predicament.\n\nPerhaps you can lend me a hand? Just fetch some royal jelly from the hives outside.\n\nOh, don\'t worry about the bees, they are sweet, gentle things. \n\nThey don\'t sting... much.', '', '', 0, 0, 0, 0, 0, 0, 0, 0, '', '', '', '', 890, 878, 28153); -- -Unknown-

UPDATE `quest_template` SET `RewardXPDifficulty`=0, `RewardFactionValue1`=4, `RewardFactionValue2`=4, `RewardFactionOverride1`=0, `RewardFactionOverride2`=0, `Expansion`=6, `VerifiedBuild`=28153 WHERE `ID`=43626; -- -Unknown-
UPDATE `quest_template` SET `VerifiedBuild`=28153 WHERE `ID`=40920; -- -Unknown-
UPDATE `quest_template` SET `RewardHonor`=500 WHERE `ID`=42025; -- -Unknown-
UPDATE `quest_template` SET `LogDescription`='Defeat Lindsay in a pet battle.', `QuestDescription`='Are you ready to show off what you can do? There\'s a little girl up in Redridge Mountains that has made a real storm on the battle scene.$b$bFind Lindsay at the dock at Camp Everstill. She may be young, but her impressive record is nothing to be scoffed at!' WHERE `ID`=31725; -- -Unknown-
UPDATE `quest_template` SET `ScalingFactionGroup`=3, `LogTitle`='Helping Out, Somewhere Else', `LogDescription`='Speak to Lieutenant Bauer at Seabreeze Village.', `QuestDescription`='You\'ve been a big help and now we\'ve got a lot of gold to divvy up!   \n\nYou should go west to Seabreeze Village. Treat it like a vacation, keep your mind off the gold. We\'ll be fine here. When you come back later, we\'ll have your share all ready for you.\n\nYou\'d just be getting in the way here.' WHERE `ID`=52068; -- -Unknown-
UPDATE `quest_template` SET `ScalingFactionGroup`=3, `RewardMoney`=468000, `RewardBonusMoney`=274250, `LogTitle`='Grizzled', `LogDescription`='Kill Chief Engineer Grizz.', `QuestDescription`='I saw a particularly ugly and quite agitated goblin barking orders at the rest of the miners.\n\nI\'m willing to bet he\'s crucial to their entire operation. If you can get into the mine and eliminate him, hopefully it will throw things into disarray.', `QuestCompletionLog`='Meet Felecia Gladstone just outside the Saltstone Mine.', `PortraitGiverName`='Chief Engineer Grizz' WHERE `ID`=51752; -- -Unknown-
UPDATE `quest_template` SET `ScalingFactionGroup`=3, `RewardMoney`=234000, `RewardBonusMoney`=219400, `LogTitle`='Swimming Lessons', `LogDescription`='Collect the three scrolls.', `QuestDescription`='For millennia we have roamed Azeroth\'s depths, yet never has a land walker journeyed with us. In order to help us, you must learn to travel the waters as we do.\n\nThe three scrolls of the sea shall grant you the energies to travel and survive underwater as we do.\n\nBring me the Scrolls of Harmonious Fins, Endless Tides and Graceful Breaths.' WHERE `ID`=51343; -- -Unknown-
UPDATE `quest_template` SET `LogTitle`='Relics of the Ancient Eredar', `LogDescription`='Raise 6 Champions to 925 Item Level.', `QuestDescription`='I failed Arkhaan. I won\'t fail again. \n\nIf there is to be any hope of freeing the krokul, the ethereal threat must be removed from Mac\'Aree. L\'ura has been vanquished, but the void clings heavily near the Shadowguard Incursion.\n\nBefore we commence, ensure your forces are protected from the shadow. Your champions should seek ancient eredar armaments in the nearby ruins.' WHERE `ID`=48446; -- -Unknown-
UPDATE `quest_template` SET `MaxScalingLevel`=110, `VerifiedBuild`=28153 WHERE `ID`=45179; -- -Unknown-
UPDATE `quest_template` SET `ScalingFactionGroup`=5, `LogTitle`='To Stomp or Not To Stomp', `LogDescription`='Collapse Kaja\'mite Steam Vents in Gorilla Gorge.', `QuestDescription`='Like grandpapaook always say: if a wikket gonna huff the swoof from a dookerhole then plug the dookerhole.\n\nThese Da\'kani wikkets huffing the green smoke from their dookerholes in the ground. Makes \'em smart and mean. Smart not so bad, mean is bad.\n\nGo into Gorilla Gorge and plug those dookerholes!' WHERE `ID`=53453; -- -Unknown-
UPDATE `quest_template` SET `ScalingFactionGroup`=5, `LogTitle`='King Da\'ka', `LogDescription`='Slay King Da\'ka.', `QuestDescription`='King Da\'ka? More like King Dooker.\n\nMy king sent me to talk to this new king. This new king took my things and tried to take my wings.\n\nNegotiations are ooked. Go, sticket to that angry wikket.', `PortraitGiverText`='The \"Big Mon\" of Gorilla Gorge. Highly intelligent and dangerous.', `PortraitGiverName`='King Da\'ka' WHERE `ID`=53450; -- -Unknown-
UPDATE `quest_template` SET `LogTitle`='WANTED: Prime Thumpknuckle', `LogDescription`='Slay a Prime Thumpknuckle', `QuestDescription`='To any and all brave enough to seek the challenge: $b$bFind and defeat a Prime Thumpknuckle, the largest and most dangerous of all the wild gorillas.$b$bThey can be found up and down the road from the Village in the Vines. $b$bA reward for any that succeed!', `PortraitGiverText`='Big and territorial.', `PortraitGiverName`='Prime Thumpknuckle' WHERE `ID`=53337; -- -Unknown-
UPDATE `quest_template` SET `LogTitle`='WANTED: Sabertusk Empress', `LogDescription`='Slay a Sabertusk Empress', `QuestDescription`='To any and all brave enough to seek the challenge: $b$bFind and defeat a ferocious Sabertusk Empress, the strongest and most vicious of all sabertusks in Zuldazar. $b$bThey can be found up and down the road from the Village in the Vines. $b$bA reward for any that succeed!', `PortraitGiverText`='Matriarch of the sabertusks.', `PortraitGiverName`='Sabertusk Empress' WHERE `ID`=53336; -- -Unknown-
UPDATE `quest_template` SET `RewardBonusMoney`=525, `VerifiedBuild`=28153 WHERE `ID`=37031; -- -Unknown-

DELETE FROM `quest_objectives` WHERE `ID` IN (334818 /*334818*/, 334817 /*334817*/, 334816 /*334816*/, 337983 /*337983*/, 333422 /*333422*/, 296296 /*296296*/, 296272 /*296272*/);
INSERT INTO `quest_objectives` (`ID`, `QuestID`, `Type`, `Order`, `StorageIndex`, `ObjectID`, `Amount`, `Flags`, `Flags2`, `ProgressBarWeight`, `Description`, `VerifiedBuild`) VALUES
(334818, 51131, 0, 2, 2, 134259, 17, 92, 0, 6, '', 28153), -- 334818
(334817, 51131, 0, 1, 0, 134244, 25, 92, 0, 4, 'Zal\'amak Trolls slain', 28153), -- 334817
(334816, 51131, 15, 0, -1, 0, 1, 0, 0, 0, 'Zal\'amak razed', 28153), -- 334816
(337983, 52075, 0, 0, 2, 128703, 8, 0, 0, 0, '', 28153), -- 337983
(333422, 50168, 0, 1, 1, 132292, 1, 28, 0, 0, '', 28153), -- 333422
(296296, 50168, 1, 0, 0, 157839, 1, 0, 1, 0, '', 28153), -- 296296
(296272, 50162, 1, 0, 0, 156709, 60, 0, 1, 0, '', 28153); -- 296272

UPDATE `quest_objectives` SET `VerifiedBuild`=28153 WHERE `ID`=285563; -- 285563
UPDATE `quest_objectives` SET `Description`='Nightmare Creep dissolved' WHERE `ID`=283587; -- 283587
UPDATE `quest_objectives` SET `Description`='Nightmare Repelled' WHERE `ID`=283584; -- 283584
UPDATE `quest_objectives` SET `VerifiedBuild`=28153 WHERE `ID`=281751; -- 281751
UPDATE `quest_objectives` SET `VerifiedBuild`=28153 WHERE `ID`=281962; -- 281962
UPDATE `quest_objectives` SET `VerifiedBuild`=28153 WHERE `ID`=281376; -- 281376
UPDATE `quest_objectives` SET `Description`='Conquer Beasts or Slay Enemies' WHERE `ID`=283436; -- 283436
UPDATE `quest_objectives` SET `Description`='Defeat Lindsay' WHERE `ID`=268950; -- 268950
UPDATE `quest_objectives` SET `Description`='Scroll of Harmonious Fins' WHERE `ID`=335501; -- 335501
UPDATE `quest_objectives` SET `Description`='Scroll of Graceful Breaths' WHERE `ID`=335499; -- 335499
UPDATE `quest_objectives` SET `Description`='Scroll of Endless Tides' WHERE `ID`=335479; -- 335479
UPDATE `quest_objectives` SET `Description`='Raise 6 Followers to 925 Item Level' WHERE `ID`=292382; -- 292382
UPDATE `quest_objectives` SET `VerifiedBuild`=28153 WHERE `ID`=287661; -- 287661
UPDATE `quest_objectives` SET `Description`='Kaja\'mite Steam Vent collapsed' WHERE `ID`=341419; -- 341419
UPDATE `quest_objectives` SET `Description`='King Da\'ka slain' WHERE `ID`=341413; -- 341413
UPDATE `quest_objectives` SET `VerifiedBuild`=28153 WHERE `ID`=275541; -- 275541
UPDATE `quest_objectives` SET `VerifiedBuild`=28153 WHERE `ID`=275540; -- 275540
UPDATE `quest_objectives` SET `VerifiedBuild`=28153 WHERE `ID`=275539; -- 275539

DELETE FROM `quest_visual_effect` WHERE (`ID`=334816 AND `Index`=0) OR (`ID`=296296 AND `Index`=0) OR (`ID`=296272 AND `Index`=0);
INSERT INTO `quest_visual_effect` (`ID`, `Index`, `VisualEffect`, `VerifiedBuild`) VALUES
(334816, 0, 9964, 28153),
(296296, 0, 8952, 28153),
(296272, 0, 8723, 28153);

UPDATE `quest_visual_effect` SET `VerifiedBuild`=28153 WHERE (`ID`=281962 AND `Index`=0);
UPDATE `quest_visual_effect` SET `VerifiedBuild`=28153 WHERE (`ID`=281376 AND `Index`=0);



-- Update ZONE
UPDATE `creature` SET `spawnDifficulties` = '1,2,23', `PhaseId` = 0 WHERE `map` = 1771;
UPDATE `gameobject` SET `spawnDifficulties` = '1,2,23' WHERE `map` = 1771;
UPDATE `creature_template` SET `ScriptName` = 'npc_buzzing_drone'  WHERE `entry` = 131785;
UPDATE `creature_template` SET `ScriptName` = 'boss_sand_queen', `flags_extra` = 1   WHERE `entry` = 127479;
UPDATE `creature_template` SET `ScriptName` = 'boss_jes_howlis', `flags_extra` = 1  WHERE `entry` = 127484;
UPDATE `creature_template` SET `ScriptName` = 'npc_bobby_howlis'  WHERE `entry` = 130655;
UPDATE `creature_template` SET `ScriptName` = 'boss_knight_captain_valyri', `flags_extra` = 1  WHERE `entry` = 127490;
UPDATE `creature_template` SET `ScriptName` = 'npc_barrel_of_munitions' WHERE `entry` = 129437;
UPDATE `creature_template` SET `ScriptName` = 'npc_barrel_of_munitions' WHERE `entry` = 129697;
UPDATE `creature_template` SET `ScriptName` = 'boss_overseer_korgus', `flags_extra` = 1 WHERE `entry` = 127503;

